origin_date,target_date,horizon,area,predicted,lower,upper,q0.010,q0.025,q0.050,q0.100,q0.150,q0.200,q0.250,q0.300,q0.350,q0.400,q0.450,q0.500,q0.550,q0.600,q0.650,q0.700,q0.750,q0.800,q0.850,q0.900,q0.950,q0.975,q0.990,model,trust
2026-09-20,2026-09-27,1,60601,1.9342973232269287,0.0,5.628027065383596,0.0,0.0,0.0,0.1978466331013157,0.4959902305132517,0.7594180860082547,0.9768489400767244,1.1504374794576195,1.2976528035427557,1.4493412141725488,1.543707172366561,1.6364915433095304,1.7221922657483064,1.820207872736787,2.0342676444880423,2.311070073951679,2.685962732088797,3.082566704891303,3.561892481779028,4.215999844027149,5.476427721278672,6.6209104738787055,7.897002056180555,gnn_st,better than persistence
2026-09-20,2026-09-27,1,60602,1.1560940742492676,0.0,4.589462722260377,0.0,0.0,0.0,0.0,0.0,0.0640289206382778,0.2661336574707809,0.4274864066885466,0.5643249177609855,0.705321219515018,0.7930355746301483,0.8792798243339786,0.9589397329014624,1.050046482864588,1.249017755923147,1.5063091251771583,1.854776606197034,2.223425029592981,2.6689644191610453,3.2769655093178707,4.448549208970964,5.512360444568326,6.698503756750106,gnn_st,better than persistence
2026-09-20,2026-09-27,1,60603,1.174354910850525,0.0,4.60576652294402,0.0,0.0,0.0,0.0,0.0,0.0829122393989241,0.2849017756020596,0.4461625530107953,0.5829230655026748,0.72383899871634,0.8115033562457028,0.8976984463306101,0.9773129483838964,1.0683677670805911,1.2672256255985432,1.5243703375889328,1.8726391905422093,2.241077482641602,2.686362912708812,3.294017439448372,4.464933331005168,5.528138189306334,6.713605394345724,gnn_st,better than persistence
2026-09-20,2026-09-27,1,60604,1.3671634197235107,0.0,4.883705557371339,0.0,0.0,0.0,0.0,0.0,0.2486429451002834,0.4556436770786055,0.6209052029500797,0.7610586322994068,0.9054705749720308,0.9953098137667464,1.083643333789138,1.1652330067539107,1.2585468212943525,1.4623381812163851,1.7258624439427193,2.082771563304615,2.4603505091600946,2.916683107847271,3.539413048167206,4.739378408717126,5.828960513058989,7.043838193319934,gnn_st,better than persistence
2026-09-20,2026-09-27,1,60605,1.629949688911438,0.0,5.245241897414175,0.0,0.0,0.0,0.0,0.2221855077978785,0.4800193884427595,0.6928330287127337,0.8627353598840171,1.0068245194299577,1.1552917780956824,1.2476538449553745,1.3384679100756585,1.4223487502356262,1.5182829644291698,1.727797108394217,1.9987215496475228,2.3656532421640017,2.7538352026278856,3.2229823431831446,3.863199526175849,5.096861813917148,6.217041108849759,7.466034477849772,gnn_st,better than persistence
2026-09-20,2026-09-27,1,60606,2.1529855728149414,0.0,5.963894827978693,0.0,0.0,0.0,0.3614478946221038,0.6690497697071955,0.9408345841499806,1.1651631928921806,1.3442586377394157,1.4961442060458858,1.6526447646472953,1.7500043790634772,1.8457322321128065,1.9341517157010828,2.035276760005164,2.2561273425517903,2.5417110246104766,2.928496739949119,3.3376825375286963,3.832214397435005,4.507072596239411,5.807486161439683,6.988276370447282,8.304850554510695,gnn_st,better than persistence
2026-09-20,2026-09-27,1,60607,1.9425944089889529,0.0,5.639817113771128,0.0,0.0,0.0,0.2045016503350376,0.5029271861982114,0.7666041513243984,0.9842406181203576,1.1579933108970342,1.3053478486390504,1.4571797028843865,1.5516348979170689,1.64450701007625,1.7302887751037788,1.828397070208561,2.0426592668350905,2.3197234535490563,2.694970627618541,3.091949647582272,3.5717286972162414,4.22645461380615,5.488074410276111,6.633639438992544,7.910937752840786,gnn_st,better than persistence
2026-09-20,2026-09-27,1,60608,3.2572271823883057,0.0,7.372752238628872,0.0,0.2490424452311526,0.7952834690112045,1.322487279093271,1.6546765650343969,1.9481858403416916,2.190445613087301,2.3838566185392467,2.547882791872979,2.716892843573113,2.8220346629572384,2.925414290081868,3.020901370933854,3.130109600723886,3.3686133396739524,3.6770244616583994,4.094726956336067,4.536620029574351,5.070681095918532,5.799482450300184,7.2038414241605775,8.479015238585475,9.900826591235916,gnn_st,better than persistence
2026-09-20,2026-09-27,1,60609,3.629490613937378,0.0,7.82690526885574,0.0,0.561449834718001,1.1185598138822193,1.6562537820459526,1.995052880086153,2.294402323156897,2.541482514997229,2.7387419600528444,2.9060318815896373,3.078404849349595,3.1856387520708296,3.2910753989100785,3.388462455736704,3.499843681192564,3.7430931026980456,4.0576409053397455,4.483654730695379,4.934340472167115,5.47902814041378,6.222330986005076,7.654633512923081,8.955180389224822,10.405282557621245,gnn_st,better than persistence
2026-09-20,2026-09-27,1,60610,1.5824731588363647,0.0,5.352272797914864,0.0,0.0,0.0,0.0,0.1145450922230688,0.3833980684531215,0.6053067657346024,0.7824702451407,0.932717370497234,1.087529702628146,1.183839064702204,1.2785342677921587,1.3659999393682902,1.4660341123160636,1.6845023020916223,1.96700529270804,2.3496186147409936,2.754390381463436,3.2435875525746427,3.911165819056535,5.197551366574412,6.365603977040729,7.667975813152334,gnn_st,better than persistence
2026-09-20,2026-09-27,1,60611,1.36385178565979,0.0,4.853191836905089,0.0,0.0,0.0,0.0,0.0051323083474859,0.2539835863123116,0.4593830715043724,0.6233662227311518,0.7624355002217666,0.9057303494576072,0.9948746400218248,1.0825248592476286,1.1634833982044277,1.256075387057498,1.4582903261764526,1.7197761063584998,2.073924367945142,2.448582565319044,2.9013852194493546,3.51929805450538,4.70998112576655,5.79113480656483,6.996614843819264,gnn_st,better than persistence
2026-09-20,2026-09-27,1,60612,2.1265552043914795,0.0,5.945413063983047,0.0,0.0,0.0,0.3312808262753399,0.6395242820076206,0.9118759716591408,1.136672473823447,1.3161414670158664,1.4683438306643213,1.6251708103242664,1.7227334925676845,1.8186610099977856,1.907264914534371,2.00860088041152,2.229912102086705,2.516091440343882,2.9036838940338483,3.3137231509389222,3.8092864807302775,4.485552265102326,5.78867816804938,6.971931210374493,8.291251439197385,gnn_st,better than persistence
2026-09-20,2026-09-27,1,60613,1.985648512840271,0.0,5.691973718731395,0.0,0.0,0.0,0.2432765985805443,0.5424368531739747,0.8067629866243637,1.024935270799621,1.199115739830251,1.346833062005423,1.4990387237630447,1.5937264659226336,1.6868272276848877,1.7728201859981985,1.8711700221018048,2.0859597287103204,2.3637060428664745,2.739877069268057,3.137833445008808,3.618793702722479,4.275131543683107,5.539857427211763,6.688242818069426,7.968685819226665,gnn_st,better than persistence
2026-09-20,2026-09-27,1,60614,1.263581395149231,0.0,4.716836653473468,0.0,0.0,0.0,0.0,0.0,0.1651908286936318,0.3684661878961369,0.530753517572807,0.668384618787613,0.8101975932604923,0.898420003693263,0.9851637936333572,1.0652851048993768,1.156919559463773,1.357043305378142,1.6158249466424863,1.9663108060284176,2.3370944989774527,2.78521452264801,3.3967372505867,4.575106946988996,5.645079944301432,6.838093584794314,gnn_st,better than persistence
2026-09-20,2026-09-27,1,60615,2.3419649600982666,0.0,6.1904306682579655,0.0,0.0,0.0397785253481783,0.5327717052184879,0.8434049921241169,1.117868241797235,1.3444076055812817,1.5252680333252044,1.678650431607129,1.8366933008434576,1.9350123927852645,2.0316836423766595,2.1209744986366443,2.2230961287208704,2.446123190413858,2.734521295334257,3.1251187780399494,3.538337095457826,4.037742559354155,4.719251475487499,6.032480596678919,7.224907475314003,8.554456478022718,gnn_st,better than persistence
2026-09-20,2026-09-27,1,60616,2.363609552383423,0.0,6.242093097126554,0.0,0.0,0.0434661806554639,0.5403046822285797,0.8533608929565355,1.1299649420031226,1.3582713012906928,1.5405424311627174,1.695121204341952,1.854396799911753,1.9534827757649025,2.0509080561812048,2.140895376573876,2.243813550173353,2.4685802115923794,2.7592278070476994,3.152871930231673,3.5693133294868726,4.072614130574937,4.759438781555877,6.082911023031037,7.284638770608429,8.62455818784581,gnn_st,better than persistence
2026-09-20,2026-09-27,1,60617,5.00892448425293,0.4100763953749924,9.607772573130866,0.9697793655373488,1.6474616233988764,2.257852631581036,2.84697071525511,3.2181719695105224,3.546150672438871,3.8168611838993134,4.032986179042253,4.216275417584969,4.405133836046968,4.5226234026340135,4.638143826913804,4.744844812398709,4.866878344450244,5.133391717366675,5.47802232452971,5.944779370864566,6.43856791244294,7.035348561506612,7.849739597879346,9.419025046219218,10.843953962776965,12.4327413793343,gnn_st,better than persistence
2026-09-20,2026-09-27,1,60618,1.6943806409835815,0.0,5.302703622549691,0.0,0.0,0.0,0.0,0.2893302178418839,0.5466670701077201,0.7590704678665184,0.9286452769912548,1.072456674742555,1.220637731917881,1.312821751702217,1.4034607538421495,1.4871798962535,1.582929177315462,1.7920394392340475,2.0624416173327096,2.428665972768835,2.816099631845402,3.28434239380534,3.923325425150078,5.154609572494813,6.272629489079599,7.519215163838347,gnn_st,better than persistence
2026-09-20,2026-09-27,1,60619,3.616335391998291,0.0,8.16774334501196,0.0,0.2895482263922004,0.89364265077797,1.4766835948315409,1.84405566456193,2.168651051945428,2.436569006836188,2.6504645308300283,2.83186302060025,3.0187732405443173,3.135050825153745,3.249379580450995,3.3549798752519666,3.475754551340305,3.739518663925354,4.080594180224149,4.542536321333655,5.031231110074802,5.621855575127697,6.427845633545624,7.980942872699132,9.391172712424597,10.963570744195945,gnn_st,better than persistence
2026-09-20,2026-09-27,1,60620,2.3087549209594727,0.0,6.1457278297715305,0.0,0.0,0.0134435810554545,0.5049645192259111,0.8146701517602057,1.088313762830307,1.3141766046833427,1.4944969230009084,1.6474212703969493,1.8049921710301524,1.9030176494434996,1.999400206512084,2.08842441055989,2.190241071471304,2.412602100136195,2.7001389523383845,3.089569980972545,3.501554290978381,3.999468363960792,4.678942067669054,5.988249449670922,7.177115344814889,8.5026938717367,gnn_st,better than persistence
2026-09-20,2026-09-27,1,60621,3.168872356414795,0.0,7.321960912115159,0.0,0.1332311114718782,0.6844578233770862,1.2164735638361022,1.55169483036111,1.8478830434354665,2.0923539860119726,2.2875303055124374,2.453053589661732,2.623606241370123,2.729707718300167,2.8340309189699897,2.930389535983459,3.0405945385363005,3.281275164990824,3.5925012378881536,4.014016215109061,4.459942564780131,4.998878149515763,5.734331469055566,7.151508403403401,8.438321070765586,9.873109676438997,gnn_st,better than persistence
2026-09-20,2026-09-27,1,60622,1.5586609840393066,0.0,5.1296960296189935,0.0,0.0,0.0,0.0,0.1681301675136068,0.4228077345316265,0.6330161834625649,0.8008386287717957,0.9431638984184711,1.089813672002339,1.1810450742282552,1.2707474248192736,1.353601424603697,1.448361245165248,1.6553105890894195,1.9229184665783403,2.285358307603773,2.6687882781102106,3.132192280839541,3.76457214542484,4.983132364035413,6.089598809577242,7.323302431626335,gnn_st,better than persistence
2026-09-20,2026-09-27,1,60623,3.441131830215454,0.0,7.779914644253588,0.0,0.2697599977834972,0.845633339316362,1.4014367421436549,1.7516465319403298,2.061078009591778,2.316479817175863,2.520382924320908,2.6933071398675232,2.8714855977059237,2.982331118689644,3.0913188525414568,3.191985887658896,3.3071184124496327,3.5585604300534968,3.883702145250994,4.32406403845347,4.789928793401687,5.352961442853639,6.121298592555586,7.601840807038348,8.946189864650986,10.445131209286902,gnn_st,better than persistence
2026-09-20,2026-09-27,1,60624,2.2914726734161377,0.0,6.12183389462964,0.0,0.0,0.0001165038720696,0.4907904767476014,0.7999624393971994,1.0731345209275478,1.298608166769576,1.4786177657673232,1.6312786012660363,1.7885779832843398,1.8864345488970569,1.982651024168237,2.071521825979472,2.173163041306496,2.3951409081168302,2.6821822906128183,3.0709422703853617,3.482216668797345,3.979272760141698,4.657575627368411,5.964626873716991,7.1514441721984126,8.474738525810782,gnn_st,better than persistence
2026-09-20,2026-09-27,1,60625,1.690994143486023,0.0,5.305515045653994,0.0,0.0,0.0,0.0,0.2835303025298079,0.5413091754757287,0.7540774129125715,0.9239434961855478,1.0680019149572664,1.2164374988010098,1.3087798606290884,1.3995745509769684,1.483437495536899,1.5793512425972591,1.7888206876618735,2.0596873284039816,2.426540737693949,2.8146398812822166,3.2836869314047865,3.9237675269405465,5.157166618380519,6.277106928097986,7.525833829979429,gnn_st,better than persistence
2026-09-20,2026-09-27,1,60626,1.9315924644470213,0.0,5.619713155589348,0.0,0.0,0.0,0.1977786322359549,0.4954694887154951,0.7584973202825949,0.9755979983940524,1.1489229378256116,1.2959147105627806,1.4473727773144611,1.5415954376739065,1.6342389124749592,1.7198094955268064,1.8176762625680851,2.0314109774625364,2.3077930732644987,2.68211644447724,3.078118161004591,3.5567160658164663,4.209830144359547,5.468344020112067,6.611088837727009,7.885242632674681,gnn_st,better than persistence
2026-09-20,2026-09-27,1,60628,2.674339532852173,0.0,6.621867876430932,0.0,0.0,0.3128929480197264,0.818576173052197,1.1372054132502023,1.4187335700577794,1.651104241200242,1.83662016336038,1.9939507492456097,2.1560617703957123,2.2569116756793437,2.3560713218110725,2.447660597288145,2.5524109211367416,2.7811788806774698,3.0770005872328543,3.477652366626921,3.901507259405221,4.413767825866542,5.112819335441895,6.459852041625238,7.682972957338959,9.0467456320549,gnn_st,better than persistence
2026-09-20,2026-09-27,1,60629,3.43876576423645,0.0,7.602377666063533,0.0,0.3954326285214882,0.9480560718967516,1.4814198659083524,1.8174905362853049,2.114429248907897,2.3595196466951838,2.5551905157190435,2.7211332127433043,2.892118021041348,2.9984883442893344,3.1030758853735194,3.199678661659184,3.3101629082905486,3.551453385824385,3.8634680621056376,4.286051099384356,4.733107364120244,5.273408536327011,6.010725391820301,7.4314932545104835,8.72156652537709,10.159990684907273,gnn_st,better than persistence
2026-09-20,2026-09-27,1,60630,1.7671352624893188,0.0,5.419469298797209,0.0,0.0,0.0,0.0501450112715551,0.3449473072021449,0.6054229212556617,0.8204170232318649,0.99206015225073,1.1376256311447823,1.287614066609789,1.3809224635526478,1.472666998125597,1.557407270790094,1.6543244148376677,1.8659852142861209,2.139685513180342,2.510376741520365,2.902535965371909,3.3764899283341805,4.023266695803775,5.269568931686679,6.401225442335409,7.66301583980119,gnn_st,better than persistence
2026-09-20,2026-09-27,1,60631,1.6474523544311523,0.0,5.237781080481813,0.0,0.0,0.0,0.0,0.2494087420586859,0.5054622876203083,0.7168064561939291,0.8855356169496135,1.0286298452428604,1.1760719420149786,1.2677962516195678,1.3579832483895535,1.441284893906147,1.5365566852761792,1.7446241404662408,2.013677856714481,2.3780758970836446,2.763577472948059,3.229485166804335,3.865281669671773,5.090425556936513,6.202870047997263,7.443239155872142,gnn_st,better than persistence
2026-09-20,2026-09-27,1,60632,3.685582160949707,0.0,8.03003984569145,0.0,0.5100623621701637,1.0866889118941088,1.643219272622467,1.9938871160626208,2.3037233117427327,2.559459169750088,2.76362897007124,2.9367793602402803,3.1151908649385347,3.2261813652924194,3.335311648638963,3.436110350270466,3.5513934615781992,3.803164350434789,4.1287313317203065,4.569669192173006,5.036143270602718,5.599912333381746,6.369254422525978,7.851733098453929,9.197840484936538,10.698742355989122,gnn_st,better than persistence
2026-09-20,2026-09-27,1,60633,2.4850614070892334,0.0,6.403807506524869,0.0,0.0,0.1408326168411258,0.6428288010786538,0.9591348497035233,1.2386103265966977,1.4692867352015897,1.6534500224724211,1.8096334785741512,1.9705625148002888,2.07067710260345,2.169113755283149,2.260035234443582,2.364021802054688,2.591121767171934,2.8847865765907184,3.2825171211443425,3.7032816003920974,4.211807169304189,4.905761749999995,6.2429729626198505,7.457175851216705,8.811004977802522,gnn_st,better than persistence
2026-09-20,2026-09-27,1,60634,1.8217698335647583,0.0,5.4796378850400735,0.0,0.0,0.0,0.1021779993597589,0.3974269796190146,0.6582972662256403,0.8736171271848434,1.045520329808678,1.191306369461972,1.3415220673483643,1.4349718451394144,1.5268553909968765,1.611724062090858,1.7087880549588876,1.920769562771596,2.194884572256456,2.566137471807183,2.958890895168209,3.4335629929981075,4.081319756384158,5.329510388949297,6.462881585120212,7.72658384692487,gnn_st,better than persistence
2026-09-20,2026-09-27,1,60636,2.5887012481689453,0.0,6.530886607216576,0.0,0.0,0.230450884231117,0.7354496663884926,1.05364764151292,1.3347947496095118,1.5668509067590803,1.7521157328874462,1.909233371628668,2.0711249753096745,2.171838380120859,2.270863813548009,2.3623291228266154,2.466937666981378,2.695395988803853,2.9908173003108605,3.3909267970223587,3.814208001675216,4.325775222821624,5.0238805653078416,6.369090061045142,7.590555481075598,8.952482287777233,gnn_st,better than persistence
2026-09-20,2026-09-27,1,60637,3.445772647857666,0.0,7.631750740781159,0.0,0.3860912616120608,0.9416833009636836,1.4779122315014663,1.8157882144322264,2.114322029611693,2.3607290099244542,2.5574509884541423,2.724285100471013,2.8961884090969328,3.003130135019532,3.108279501985991,3.2054012114013024,3.3164789599803908,3.5590656075361973,3.872756371800465,4.297609450857507,4.747067223246773,5.2902707983556665,6.031548390362686,7.459948368213896,8.756951685872787,10.203102807086315,gnn_st,better than persistence
2026-09-20,2026-09-27,1,60638,2.3416528701782227,0.0,6.205094259890764,0.0,0.0,0.0305078494521726,0.5254194325068491,0.8372614985824596,1.1127927775786266,1.340213682638725,1.521777899470767,1.675757160535595,1.8344150280233995,1.9331167128017133,2.030164142917759,2.119802460096025,2.2223214799786204,2.446216415392426,2.735736774870161,3.127854204474155,3.542680494108162,4.044029313554523,4.72819021135469,6.046529551167309,7.243596566044642,8.578319293552633,gnn_st,better than persistence
2026-09-20,2026-09-27,1,60639,2.7838551998138428,0.0,6.758395936934858,0.0,0.0,0.406249560776688,0.9153931065702534,1.236202682837105,1.5196572981024872,1.7536180497890932,1.940403431890132,2.098810609336529,2.262030933908852,2.3635709412242143,2.4634091231767634,2.5556251314694376,2.661092247377572,2.8914256346024416,3.189271608410729,3.592664992828609,4.019420266344431,4.535186161409647,5.2390211843228265,6.595271450054007,7.826762013975261,9.19986679754142,gnn_st,better than persistence
2026-09-20,2026-09-27,1,60640,1.4642871618270874,0.0,4.991612638120024,0.0,0.0,0.0,0.0,0.0907764815628688,0.3423367880053771,0.5499722796155576,0.7157405734792025,0.8563237778267493,1.0011785540617997,1.0912932813613083,1.1798976726608896,1.2617375371601538,1.3553374948557375,1.5597537729959994,1.8240861225459657,2.182089689734436,2.5608264666293428,3.0185583913458496,3.643197908621802,4.846842915920918,5.939766181082947,7.15836923613704,gnn_st,better than persistence
2026-09-20,2026-09-27,1,60641,2.200371026992798,0.0,5.959305101880215,0.0,0.0,0.0,0.4332672798020558,0.7366739190942135,1.004751989612857,1.2260210870678971,1.4026739342542216,1.5524880074749965,1.7068541293312554,1.8028859022345336,1.8973081685887807,1.9845217408599056,2.0842675887422835,2.3021060951481727,2.583794837084927,2.9653053658638795,3.368910472807253,3.856697647692213,4.522351776235357,5.805029618814187,6.969715591306958,8.26833364574825,gnn_st,better than persistence
2026-09-20,2026-09-27,1,60642,1.5546631813049316,0.0,5.118197076598761,0.0,0.0,0.0,0.0,0.1670532492003431,0.4211958523548735,0.6309627471854845,0.7984326724640977,0.9404589802626064,1.0868007081462785,1.177840473927816,1.2673543999292716,1.3500343604516225,1.4445951329371898,1.6511097686855745,1.918155521501648,2.279834038238068,2.6624585935648275,3.124889191378448,3.755940708204216,4.971941275840912,6.07608352938005,7.307195690925653,gnn_st,better than persistence
2026-09-20,2026-09-27,1,60643,2.323061943054199,0.0,6.131993166469908,0.0,0.0,0.0445253889018451,0.5324541527616,0.8398963687643213,1.1115401147755042,1.3357522869718887,1.514754773301322,1.6665615062286046,1.8229808340651823,1.920289914502359,2.0159680805295563,2.1043416704651707,2.2054142263643164,2.426150177615732,2.711585629015536,3.09817058532965,3.50714399724369,4.00141917307441,4.675927090396555,5.975665682999653,7.1558430092633145,8.471733832648116,gnn_st,better than persistence
2026-09-20,2026-09-27,1,60644,2.693838834762573,0.0,6.691502148761238,0.0,0.0,0.3024010644655965,0.8145066407321209,1.137182582091431,1.4222862435149224,1.6576081022639622,1.8454801405708143,2.004808879118414,2.168978766106256,2.271109499943397,2.371528507754884,2.464280998595386,2.5703616876574884,2.802035079125831,3.101613823304984,3.507354018375984,3.936592014367802,4.455358466566105,5.163288171230686,6.5274286570171824,7.766083629890752,9.147176687579387,gnn_st,better than persistence
2026-09-20,2026-09-27,1,60645,3.3290536403656006,0.0,7.44698761170897,0.0,0.3191081408400178,0.8656688925366716,1.393181287599513,1.725565011863079,2.019246085158829,2.2616476583350997,2.4551718718675968,2.6192940536378715,2.7884030309575807,2.8936063923595987,2.997046530048907,3.092589501769748,3.201861653744798,3.440504994629242,3.749096637008891,4.167043622932307,4.609195346739693,5.143569011780506,5.8727969510001845,7.277977929707021,8.553898133819331,9.97654170661032,gnn_st,better than persistence
2026-09-20,2026-09-27,1,60646,1.8243887424468996,0.0,5.490219011097333,0.0,0.0,0.0,0.1010538088616535,0.3969454685364799,0.6583836011799957,0.8741721568736581,1.046449547580039,1.1925529251177198,1.3430956030900123,1.4367487964814254,1.5288323486640585,1.6138857565449074,1.7111610322094248,1.923603968039372,2.198315653841082,2.570376673359921,2.96398501767738,3.4396903518834145,4.08885711146237,5.339764726912778,6.475602974239433,7.742055983668551,gnn_st,better than persistence
2026-09-20,2026-09-27,1,60647,2.513325452804565,0.0,6.405503065541076,0.0,0.0,0.1849901677372041,0.6835828962249846,0.9977444392267536,1.275325116022612,1.5044375745939198,1.6873522635314664,1.8424768201865955,2.002314782673842,2.10175060920313,2.1995198767471087,2.2898249224748968,2.393106477393585,2.618666740205684,2.9103405480680853,3.30537454162946,3.723286303404152,4.22836414835787,4.917613825347445,6.245758954731766,7.451729737324006,8.796380113812244,gnn_st,better than persistence
2026-09-20,2026-09-27,1,60649,3.863485336303711,0.0,8.160067908315213,0.0898184989777166,0.7229591729502007,1.29323140573184,1.843628905769381,2.1904324550320293,2.496854313671136,2.749772010260033,2.9516918974928794,3.122934202683272,3.299379645902829,3.40914705166079,3.5170747396555937,3.616762658410648,3.730775371351023,3.979771792009077,4.301751085932595,4.73782989347051,5.199163514630033,5.756719947572853,6.517584030503501,7.9837260681487265,9.314999602502636,10.799361815101175,gnn_st,better than persistence
2026-09-20,2026-09-27,1,60651,2.417438745498657,0.0,6.325775065273695,0.0,0.0,0.079437178081859,0.5800998567704756,0.8955656681898845,1.1742987448200215,1.404362383287338,1.5880364581434288,1.743805027614743,1.9043065710241485,2.0041552138608845,2.1023303788506644,2.1930103336713063,2.2967206707665717,2.5232173662312776,2.8161020827625536,3.2127760936117644,3.632422851678603,4.139597570346806,4.831708726106113,6.165367763175464,7.376345236240708,8.726578043353856,gnn_st,better than persistence
2026-09-20,2026-09-27,1,60652,2.4731218814849854,0.0,6.340959223750408,0.0,0.0,0.159347162821497,0.6548218727927027,0.9670187631786058,1.2428635508596793,1.4705432230155695,1.6523140296731025,1.8064684934801205,1.9653068871846484,2.064120878034003,2.1612787319549254,2.2510190426020933,2.353654712047012,2.577804402590669,2.867654187995958,3.2602177818980023,3.675516074728893,4.177435345594188,4.862374704497266,6.18221409480938,7.38064317248752,8.716884592060312,gnn_st,better than persistence
2026-09-20,2026-09-27,1,60653,2.573082685470581,0.0,6.524981701479881,0.0,0.0,0.2090215254948528,0.7152646390291582,1.034246663023627,1.3160865255990382,1.5487144757266362,1.734435799661211,1.891940580737548,2.0542310899392,2.1551926554472254,2.254462090361668,2.3461527727664238,2.4510190753522667,2.680040324984093,2.97618956301352,3.377284940916333,3.8016091225085886,4.314436859852603,5.014262353778289,6.362786484012211,7.58726162961366,8.952544262742084,gnn_st,better than persistence
2026-09-20,2026-09-27,1,60654,1.4011938571929932,0.0,4.91344853539569,0.0,0.0,0.0,0.0,0.0335516181248518,0.2840371117633262,0.4907854630765719,0.6558454978063849,0.7958280484570045,0.9400639203409484,1.0297936248039723,1.1180194463060795,1.1995096430239356,1.2927096869397543,1.49625257914642,1.7594555462519363,2.115929512752025,2.493048104556757,2.948824330695624,3.5707950225095315,4.769297354147088,5.857551011707527,7.070947481568871,gnn_st,better than persistence
2026-09-20,2026-09-27,1,60655,1.5176854133605957,0.0,5.072648187062608,0.0,0.0,0.0,0.0,0.1334130034459288,0.3869443349759141,0.5962066920037824,0.7632738134548716,0.9049585151990684,1.0509482574469913,1.141769051577036,1.2310676759238806,1.313548772056088,1.4078821040562817,1.6139000244357382,1.880303470573885,2.2411120669909868,2.622816321940626,3.084134667423246,3.713668359684876,4.926744165265935,6.028230701815192,7.256381754433584,gnn_st,better than persistence
2026-09-20,2026-09-27,1,60656,2.3384220600128174,0.0,6.2209255838733215,0.0,0.0,0.0158739010023905,0.5132273668335703,0.8266080547483368,1.1034987989653742,1.3320417937281532,1.5145018443799958,1.6692408357045443,1.828681517592416,1.9278701942947911,2.0253964542790768,2.1154770449266382,2.218501891380053,2.4435015194404905,2.7344503659519943,3.1285024942587487,3.545375527607352,4.049197991011832,4.7367345235109966,6.061578520393077,7.2645518373777636,8.605860057226817,gnn_st,better than persistence
2026-09-20,2026-09-27,1,60657,1.2591371536254885,0.0,4.715824774493269,0.0,0.0,0.0,0.0,0.0,0.1596548420319077,0.3631322467470549,0.5255808818905975,0.6633487815177125,0.8053027109751955,0.8936128100595191,0.9804428189765504,1.0606437668078272,1.1523693014245264,1.3526919603059848,1.6117308175436609,1.9625650422967045,2.3337172756414626,2.782282708142008,3.394413259003965,4.573954195788398,5.644990692600249,6.83919012882129,gnn_st,better than persistence
2026-09-20,2026-09-27,1,60659,2.460329294204712,0.0,6.389154950380451,0.0,0.0,0.1100708234150413,0.6133582112401321,0.9304778427518364,1.210672169209472,1.4419419094286454,1.62657889013518,1.783164071678594,1.944507039634579,2.0448791359985576,2.1435689813579595,2.23472432313282,2.338978358572116,2.5666624561965445,2.861082612104741,3.259836174605785,3.681682918265468,4.1915164852452005,4.887256013062787,6.2279067177929,7.4452327040845425,8.80254406635279,gnn_st,better than persistence
2026-09-20,2026-09-27,1,60660,2.197002649307251,0.0,6.089771693520081,0.0,0.0,0.0,0.3669820562531833,0.6811913373192617,0.9588141935750034,1.1879614666725478,1.3709039502061489,1.5260520786390035,1.685914329124263,1.7853652653128569,1.883149389276042,1.973468157205597,2.0767654061569267,2.3023599437253464,2.594078072553529,2.9891720930615784,3.4071473581485114,3.912301951638709,4.601656362788585,5.930003308973883,7.136157343501496,8.481012044826993,gnn_st,better than persistence
2026-09-20,2026-09-27,1,60661,1.5069445371627808,0.0,5.07159756916032,0.0,0.0,0.0,0.0,0.1188988226997018,0.3731212399723307,0.5829540126192124,0.7504765322453619,0.8925474437599065,1.0389351306280503,1.130003487674994,1.2195455257480687,1.3022514521181427,1.3968419216500492,1.603421413834632,1.8705510330351225,2.2323431358113885,2.6150878553336323,3.077663680629336,3.708913380757175,4.9252958364036274,6.029784848570117,7.261283643959217,gnn_st,better than persistence
2026-09-20,2026-09-27,1,60666,1.059787631034851,0.0,4.441817102497611,0.0,0.0,0.0,0.0,0.0,0.0,0.1831347962966737,0.342074837143187,0.4768672013555642,0.6157551847871214,0.7021579467630503,0.7871125858203833,0.8655813394234445,0.9553257697522328,1.1513218244865024,1.4047659147603933,1.7480227599984688,2.111158781892189,2.550036019001463,3.1489456661735007,4.303010669594396,5.350914731090286,6.51932163708946,gnn_st,better than persistence
2026-09-20,2026-09-27,1,60707,1.7939797639846802,0.0,5.453439063693908,0.0,0.0,0.0,0.0736398717768431,0.3690172914471958,0.6300010620223522,0.8454145915731109,1.017392575644425,1.1632420352392985,1.3135230800601905,1.4070135104367836,1.498937027536514,1.5838426182571996,1.6809488359690603,1.89302256012068,2.167256815302376,2.5386712175405792,2.931595496761492,3.406474086768453,4.054512637739851,5.303246259038237,6.437110495113516,7.7013624935308655,gnn_st,better than persistence
2026-09-20,2026-09-27,1,60601,2.285277843475342,0.0,6.068725774177191,0.0,0.0,0.0,0.4164740890063818,0.7249354827233314,0.947262469893243,1.129358478354566,1.3035975155312824,1.5084450028677678,1.6509341601199186,1.7772054856795063,1.8951385965190253,2.010545283164934,2.184296873174286,2.4255756150175,2.8100820616979485,3.153710630952132,3.597625570716879,4.065535771173251,4.713577652943538,5.946758341629664,7.004332644668279,8.20832396943802,lstm,better than persistence
2026-09-20,2026-09-27,1,60602,1.634871482849121,0.0,5.163232630723828,0.0,0.0,0.0,0.0,0.1797301768501769,0.3870674834610901,0.5568862554400158,0.7193777871004975,0.9104140928185286,1.0432963778797728,1.1610542662809062,1.2710361172157412,1.3786618799656567,1.5406988290130104,1.765710129319121,2.124292468080945,2.444752988554216,2.8587383942253117,3.29510125747166,3.899451003976492,5.04948845921969,6.035759223395347,7.158575313508076,lstm,better than persistence
2026-09-20,2026-09-27,1,60603,1.324970841407776,0.0,4.725065248579362,0.0,0.0,0.0,0.0,0.0,0.1225283414043039,0.2861736805970014,0.4427581471118129,0.6268496976691723,0.7549013044388093,0.8683783327169948,0.9743620063211432,1.078075242766337,1.2342216521391165,1.451053102111873,1.796599873952101,2.105410672426281,2.504346439905982,2.924846175800357,3.5072259569359625,4.615456026288573,5.565872825671599,6.647871109938538,lstm,better than persistence
2026-09-20,2026-09-27,1,60604,1.9401077032089236,0.0,5.590401775897664,0.0,0.0,0.0,0.1370742287424065,0.4346796980819607,0.6491821567730005,0.8248695172234297,0.9929764229577386,1.190614551597411,1.3280889758967969,1.4499163354067262,1.5636989335437073,1.6750440219202931,1.842680635598686,2.0754678649587315,2.4464420739173525,2.7779770527329246,3.206268944964844,3.657711613810997,4.282946448070052,5.4727268391088,6.493081098112345,7.654699409471096,lstm,better than persistence
2026-09-20,2026-09-27,1,60605,1.994585394859314,0.0,5.666215883375868,0.0,0.0,0.0,0.1810129689558386,0.4803579787050187,0.6961142305326071,0.8728285051175184,1.0419180163002788,1.2407113640023375,1.3789893431452875,1.5015287984891268,1.6159764698447243,1.727972383896908,1.8965888541090987,2.130736753329195,2.5038793519644065,2.837352193327108,3.2681475041128127,3.7222289106368383,4.351118319061191,5.547853122172356,6.5741714767606005,7.742579589387637,lstm,better than persistence
2026-09-20,2026-09-27,1,60606,2.970257043838501,0.0,7.004952488459386,0.0,0.0185639487674014,0.4632721676827707,0.9773515953822304,1.3062969919798555,1.5433880525100123,1.7375765148014055,1.9233862477350412,2.14183704688354,2.2937884848848222,2.428445113270613,2.554209810919276,2.6772803120646853,2.8625702279156804,3.1198715727284494,3.529911947874086,3.896359867445231,4.369753876844411,4.868736600764906,5.559813014711243,6.874885561808085,8.002690225959089,9.286635030377315,lstm,better than persistence
2026-09-20,2026-09-27,1,60607,1.9107290506362915,0.0,5.549464924568284,0.0,0.0,0.0,0.1134046557255497,0.4100677946398765,0.6238910581751311,0.7990221266143691,0.9665967428974264,1.1636090751691237,1.3006482039311142,1.4220898123735446,1.5355121321718113,1.646504660278891,1.813610473626894,2.045660611396125,2.4154601770094746,2.7459453918598267,3.172881151484962,3.6228943836912464,4.246149490196837,5.432162590720719,6.449286025825419,7.607226218365575,lstm,better than persistence
2026-09-20,2026-09-27,1,60608,2.2411949634552,0.0,6.007899548040018,0.0,0.0,0.0,0.3806614504852632,0.6877577729832236,0.9091008698590108,1.0903910270037458,1.263858983261686,1.467799934432087,1.6096585173188718,1.7353710392297177,1.8527822465226276,1.9676782101100656,2.1406608763590813,2.380871858434127,2.7636767025977926,3.105784571111248,3.54773500082613,4.013574502126224,4.658748526396275,5.886471872607047,6.939365965180344,8.138029122669403,lstm,better than persistence
2026-09-20,2026-09-27,1,60609,3.2020065784454346,0.0,7.318236255429163,0.0,0.1906648595858442,0.6443598641836505,1.1688279499829148,1.5044207653929405,1.7463030271143023,1.944415703122436,2.133980330111455,2.356845642935668,2.511867757280162,2.649245563752057,2.7775517489112085,2.9031092925050834,3.0921435978052565,3.354644558778201,3.7729711423091183,4.146824341964793,4.629784827369736,5.138851131058668,5.84389300675759,7.185540900643479,8.336136550832693,9.6460276640768,lstm,better than persistence
2026-09-20,2026-09-27,1,60610,1.3868095874786377,0.0,4.8128823572316906,0.0,0.0,0.0,0.0,0.0,0.175179846326047,0.340075514905878,0.497856362332104,0.6833544612013209,0.8123844440603937,0.9267284916128264,1.0335219316442823,1.1380275872808927,1.2953670305970606,1.5138551775175777,1.8620420934987405,2.1732123555439653,2.5751961848634912,2.998908741725847,3.5857381855186263,4.702435667571486,5.660114110091775,6.750379383558167,lstm,better than persistence
2026-09-20,2026-09-27,1,60611,1.5753114223480225,0.0,5.07938537201869,0.0,0.0,0.0,0.0,0.1301864678030577,0.3360965842682615,0.5047464220023743,0.6661194559041179,0.855840778142089,0.9878083783794648,1.1047556895590995,1.213980489018603,1.320865418242069,1.4817869986145744,1.7052494512206773,2.061363516478463,2.379618172004493,2.7907539414904807,3.224113135071401,3.824302887328829,4.966424149629482,5.945905996081449,7.060993269391035,lstm,better than persistence
2026-09-20,2026-09-27,1,60612,2.086005687713623,0.0,5.793165379328125,0.0,0.0,0.0,0.254883896955953,0.557125573371618,0.774969629980981,0.9533939125233027,1.1241196492476404,1.3248366570911865,1.4644527083577632,1.5881779391248214,1.7037330842777951,1.81681274724996,1.9870608655363688,2.223474539673731,2.600227920824468,2.9369276730501994,3.371891653351646,3.830367061550364,4.465342033210979,5.673657259245175,6.709906970863319,7.889621398018641,lstm,better than persistence
2026-09-20,2026-09-27,1,60613,1.8859201669692995,0.0,5.514867019399862,0.0,0.0,0.0,0.0934309807014464,0.3892960287550655,0.6025440594081404,0.7772039857106816,0.9443277884203656,1.1408101130126185,1.2774805755607188,1.398595478642442,1.5117126667780338,1.622406599910985,1.789062860871414,2.0204887313492748,2.3892934525923737,2.718889587557249,3.1446767935430184,3.5934793884954264,4.215057797969456,5.397880255329271,6.412267398622526,7.56709247046284,lstm,better than persistence
2026-09-20,2026-09-27,1,60614,1.3089616298675537,0.0,4.702298183166177,0.0,0.0,0.0,0.0,0.0,0.1089090431231147,0.2722291292031569,0.4285023764349827,0.6122280360349353,0.7400251339753696,0.8532766211116902,0.9590496469827564,1.062556748299728,1.2183928090495098,1.43479329591404,1.779653276650631,2.087850298564349,2.485993161701264,2.905657133811316,3.4868794066579807,4.592906814563747,5.541434614089859,6.621282373865346,lstm,better than persistence
2026-09-20,2026-09-27,1,60615,3.130112171173096,0.0,7.221221784266687,0.0,0.1371477301402901,0.5880739758503553,1.1093413967554122,1.4428861940455289,1.683292323882826,1.8801959801157515,2.0686037534024853,2.2901089888412347,2.444185051647718,2.5807244842808164,2.708247656872248,2.8330389619992555,3.0209196499847493,3.281818649592968,3.697592316661523,4.069164007024022,4.549177135453814,5.055136766513547,5.755875991886173,7.089336227779865,8.23291015213923,9.534807409103204,lstm,better than persistence
2026-09-20,2026-09-27,1,60616,3.605194091796875,0.0,7.859550966731713,0.0332388729317458,0.4928015992097729,0.9617211234839038,1.503788641965777,1.8506428540622677,2.1006418929480493,2.3054025820562805,2.501328377593073,2.731672321008052,2.891896470213378,3.033884226313384,3.166495947175494,3.2962667910560897,3.491644469043591,3.762954103254914,4.195318357991275,4.5817168476248735,5.080883906473254,5.607032809438183,6.335733583296511,7.722402790073586,8.9116086650576,10.265455437555891,lstm,better than persistence
2026-09-20,2026-09-27,1,60617,3.149843454360962,0.0,7.247862552038177,0.0,0.1518241886912257,0.6035120047911708,1.1256597954612326,1.459767917338754,1.7005800696503948,1.8978162769283584,2.086542252543574,2.3084215886919592,2.4627578709208846,2.5995279053207545,2.727266452096309,2.8522685175500957,3.0404665176684738,3.3018061502066702,3.7182820183929097,4.090481257051366,4.571305080775219,5.078119228237923,5.78004193372542,7.115754253726879,8.261259562758829,9.565355597041718,lstm,better than persistence
2026-09-20,2026-09-27,1,60618,1.6024057865142822,0.0,5.1175489889586725,0.0,0.0,0.0,0.0,0.1527157304214532,0.359276310079089,0.528458907027459,0.6903417129627777,0.8806623585319856,1.0130468400184305,1.1303635838548094,1.2399334208140178,1.3471559959651296,1.5085859222445637,1.7327542852877351,2.089993303004069,2.4092533143756176,2.8216878480492698,3.256416008873594,3.8585017405467994,5.004230925834304,5.986806922781202,7.105416719607789,lstm,better than persistence
2026-09-20,2026-09-27,1,60619,2.757524013519287,0.0,6.715897520658706,0.0,0.0,0.2979622813433664,0.8023171738257511,1.125040105719774,1.357646255468543,1.5481613699491652,1.7304562505190826,1.94477474564012,2.0938518085341515,2.2259612174546355,2.349346899010742,2.470089348578738,2.651874245137043,2.904308373223732,3.306592258119661,3.666108300033222,4.130547396109852,4.620091160192583,5.298094892053225,6.588290992810871,7.694761645944165,8.95441882904438,lstm,better than persistence
2026-09-20,2026-09-27,1,60620,2.342171192169189,0.0,6.147119176079791,0.0,0.0,0.0,0.462747658891659,0.7729619342391296,0.996552330379231,1.1796831287842051,1.3549123073977691,1.5609238736268631,1.7042227485013264,1.831211631238387,1.9498149160051188,2.0658774197652,2.2406163812142355,2.4832662284308507,2.869957695022808,3.2155389890556405,3.6619765470775736,4.132545722730908,4.784270207035908,6.0244586439211325,7.088042783543734,8.298875983243313,lstm,better than persistence
2026-09-20,2026-09-27,1,60621,2.6867733001708984,0.0,6.619435459921295,0.0,0.0,0.2431874848726196,0.7442663742631845,1.0648930811806192,1.29598835341613,1.4852659898562297,1.6663767863590122,1.8793031901905304,2.0274119331054377,2.158663234295565,2.281247472502377,2.401205647655681,2.581809772713505,2.8326042319947176,3.23227510912498,3.589455938904342,4.05087830224498,4.537242267918653,5.210842072396121,6.492657791644362,7.591941439486934,8.843416604551877,lstm,better than persistence
2026-09-20,2026-09-27,1,60622,1.7553611993789673,0.0,5.332351025692359,0.0,0.0,0.0,0.0,0.2801648038677451,0.4903596805484338,0.6625189335918871,0.8272499606189035,1.0209191722928548,1.1556328713277886,1.2750137258167689,1.38651137171676,1.495620457286857,1.659890636539445,1.8880030939292765,2.2515274963049525,2.576404676793816,2.996095723788735,3.43847263958528,4.051151672196492,5.217039206062497,6.21690297895651,7.355193976626466,lstm,better than persistence
2026-09-20,2026-09-27,1,60623,3.032083034515381,0.0,7.088690409976415,0.0,0.0643596601212719,0.5114830342498835,1.0283543635986017,1.359086221870811,1.5974648945621486,1.7927079703216675,1.9795268128828707,2.199163991243535,2.3519406586695024,2.4873285905127305,2.6137763006451937,2.737515182427153,2.9238113848435736,3.1825101013663017,3.5947773549629103,3.963215407762293,4.439180361347093,4.940872998589931,5.635702562878221,6.957917105968884,8.091846737454166,9.382764486954157,lstm,better than persistence
2026-09-20,2026-09-27,1,60624,2.333301067352295,0.0,6.13490502318318,0.0,0.0,0.0,0.4555292899188745,0.7654709294111699,0.988864820220263,1.1718346717385215,1.3469098479068091,1.5527403581884556,1.6959132929808471,1.822790569884798,1.9412896186103843,2.0572501193277914,2.2318355091652893,2.474272100404145,2.860623718165596,3.205901293578369,3.6519464941393913,4.122102103945442,4.773253811701337,6.012352292830366,7.075001687682979,8.2847707308588,lstm,better than persistence
2026-09-20,2026-09-27,1,60625,2.0203680992126465,0.0,5.702053383919767,0.0,0.0,0.0,0.2018291873906337,0.5019939563920328,0.7183410588364663,0.8955392671997011,1.0650918316712448,1.2644295769104297,1.403086231658747,1.5259612625057966,1.6407223499345975,1.7530249658985049,1.9221031939721305,2.1568923095162744,2.531056762826412,2.865442822843736,3.2974178708234065,3.752742783743515,4.383354411995786,5.583366485131011,6.612495422623581,7.78410323235429,lstm,better than persistence
2026-09-20,2026-09-27,1,60626,2.239408016204834,0.0,6.005432321240678,0.0,0.0,0.0,0.379210521860895,0.6862513817275104,0.9075545032936524,1.0888119188247125,1.2622485461848338,1.4661526649317824,1.6079856276801632,1.7336754454856602,1.8510654479186328,1.9659406609076284,2.1388920859038367,2.379059685065549,2.761795393383575,3.103841476062419,3.545712088039476,4.011467457154865,4.656524960820663,5.884026576055334,6.936730512405246,8.135177187286276,lstm,better than persistence
2026-09-20,2026-09-27,1,60628,2.0178046226501465,0.0,5.698491426810358,0.0,0.0,0.0,0.1997589022844461,0.4998422659892112,0.7161306946588741,0.8932808465071393,1.0627874279779077,1.262071112414635,1.4006901631958124,1.5235318700842633,1.6382618340724444,1.7505339933381996,1.9195663670520464,2.1542918073099107,2.5283547864583307,2.862650160295206,3.2945080557621536,3.749709483638616,4.380150088733075,5.579836716150259,6.608686551779176,7.779976619085925,lstm,better than persistence
2026-09-20,2026-09-27,1,60629,3.0395798683166504,0.0,7.098836177905116,0.0,0.0699185928639472,0.5173339351953645,1.0345427776374336,1.3654906013273724,1.6040249335003651,1.799395501520943,1.986336335382241,2.2061169351696206,2.3589933646111745,2.4944697037563444,2.620999983293166,2.744819665634929,2.931237518071358,3.190105162911642,3.602641623926321,3.971320264005066,4.447596019127288,4.949616257891614,5.644899540663166,6.967977479912936,8.102647558925163,9.394408268013269,lstm,better than persistence
2026-09-20,2026-09-27,1,60630,2.177269458770752,0.0,5.919561091231849,0.0,0.0,0.0,0.3287945276610964,0.6339004822790815,0.853808999323719,1.03392416973204,1.206267836888983,1.4088869958760084,1.549826157896467,1.6747239055902634,1.7913741415571605,1.90552543574054,2.0773869581741757,2.316041072946967,2.696364863414109,3.036255445483242,3.475341484206104,3.938161763481428,4.579154253943273,5.7989204188569285,6.844990442142038,8.035884764666973,lstm,better than persistence
2026-09-20,2026-09-27,1,60631,2.1623289585113525,0.0,5.898891864686021,0.0,0.0,0.0,0.3166836857949113,0.6213225820769817,0.840894461620876,1.0207339104626705,1.1928137527247875,1.3951227408816846,1.5358461522441105,1.66055270558947,1.7770243725567454,1.8910009231381175,2.0625993587474527,2.3008881401269825,2.6806297282673723,3.0200000034488435,3.458413886183055,3.920525676927775,4.560536931588096,5.778435869898773,6.822904561853139,8.011975854993986,lstm,better than persistence
2026-09-20,2026-09-27,1,60632,3.1818363666534424,0.0,7.291034025084342,0.0,0.1756391155465464,0.6285590439362645,1.152131147344087,1.4871506480731185,1.7286196868488477,1.9263939142954176,2.1156346959019983,2.338119273651265,2.492876553798032,2.630019668972388,2.7581066604651783,2.8834497060729625,3.0721610719731736,3.334213585757172,3.751825515216919,4.125040037528928,4.607175450632236,5.115372083779658,5.819209491327019,7.158565362264355,8.307195376278266,9.614848718714288,lstm,better than persistence
2026-09-20,2026-09-27,1,60633,3.4071078300476074,0.0,7.594172183237694,0.0,0.343945043769247,0.8054475181316358,1.3389409815102633,1.6803088897314773,1.9263536139570328,2.127875537834856,2.3207023124751665,2.5474028321537987,2.7050926648075557,2.844834555211352,2.975348714121784,3.1030669311094368,3.295354257950829,3.5623725010079936,3.987897912208469,4.36818461349657,4.859456187516276,5.377282825204791,6.094457506139608,7.459193323101741,8.629589148869428,9.962021694480889,lstm,better than persistence
2026-09-20,2026-09-27,1,60634,2.1717638969421387,0.0,5.911945519514922,0.0,0.0,0.0,0.3243311882902706,0.6292651155398798,0.8490496419416012,1.0290632583215562,1.2013097532435149,1.4038146698167968,1.544674366350671,1.669501693161077,1.7860861584250098,1.900173090879496,2.071937712924981,2.3104572677565622,2.690566620911634,3.03026556305541,3.469104032648306,3.9316633607574216,4.572294441520064,5.791372867763898,6.836853087177537,8.027075949794146,lstm,better than persistence
2026-09-20,2026-09-27,1,60636,3.10791563987732,0.0,7.191238515734778,0.0,0.1206478019335204,0.5707157855777192,1.0909910618520495,1.4239010128685132,1.6638495701790297,1.8603784535075547,2.0484276243703565,2.269511261947424,2.423294066951277,2.559573619799957,2.686854073537484,2.8114078594596115,2.998930948239157,3.259333370598843,3.67431568260695,4.045180148917574,4.524279653305366,5.029276275530883,5.728681761958564,7.059603981163946,8.20100130540715,9.500420620490525,lstm,better than persistence
2026-09-20,2026-09-27,1,60637,3.918902158737183,0.0,8.277704889113924,0.2592542687112096,0.7300994105190939,1.210531062780131,1.7659065164774708,2.1212761131458304,2.3774127103615017,2.587200341487875,2.7879361795104165,3.023935142220457,3.1880928467945866,3.3335664488365526,3.469433830902984,3.6023905915270444,3.8025648555348406,4.080535230174824,4.523514169051696,4.919398868229447,5.430820641950716,5.969886672903604,6.716477289557027,8.137189679775075,9.355590948695369,10.742675103117106,lstm,better than persistence
2026-09-20,2026-09-27,1,60638,2.8487095832824707,0.0,6.839976330866655,0.0,0.0,0.3687094171641019,0.8772553913415302,1.2026600820379203,1.4371991393303605,1.6292973938197943,1.813107106006188,2.029206542157439,2.179522403680688,2.312729613641119,2.437140603921515,2.5588863975191654,2.7421818878354705,2.9967136897411266,3.40234046800704,3.764844011627826,4.2331424976361145,4.726754266092653,5.4103920645047,6.711309419961169,7.826974608469396,9.097099274369544,lstm,better than persistence
2026-09-20,2026-09-27,1,60639,2.6084980964660645,0.0,6.512517154499752,0.0,0.0,0.182709863115567,0.680139200875737,0.9984306593008596,1.2278427751603564,1.415741829262838,1.5955335256864638,1.80690910404776,1.9539391136222175,2.0842344607492387,2.205925870469597,2.3250103437707987,2.504299059033845,2.7532668851298574,3.1500268044605884,3.5046061479126123,3.962667793461929,4.445489381994053,5.114183098195372,6.386662857084682,7.477939996343087,8.720300183056782,lstm,better than persistence
2026-09-20,2026-09-27,1,60640,1.537651300430298,0.0,5.0262810786915,0.0,0.0,0.0,0.0,0.0988957198844708,0.3038982895400732,0.4718048047759866,0.6324665886207278,0.8213517160001546,0.952737670339688,1.069169537397516,1.1779129296295334,1.2843267645805252,1.4445390846730104,1.667016628720904,2.021561124744662,2.3384130760120483,2.74773676864472,3.179185935849582,3.776730357687274,4.913817731777027,5.8889825216410525,6.999155058779866,lstm,better than persistence
2026-09-20,2026-09-27,1,60641,2.141839504241944,0.0,5.870531703194432,0.0,0.0,0.0,0.3000819042189147,0.604079108223528,0.8231884809071048,1.0026491153988202,1.1743664881692433,1.376249332071599,1.516676323221666,1.6411201943120457,1.7573465250135072,1.8710829950496444,2.0423199752036907,2.280106824385192,2.6590485237145574,2.997703948338729,3.4351943547660277,3.896332751859898,4.534995884909311,5.7503294372729705,6.792598057267216,7.979164687098595,lstm,better than persistence
2026-09-20,2026-09-27,1,60642,2.338550329208374,0.0,6.142133606560931,0.0,0.0,0.0,0.4598008817874841,0.769903893733259,0.9934140955366128,1.1764792110984523,1.3516455409134975,1.557583217739463,1.700830696138829,1.8277740322450808,1.9463347780122755,2.062355654065304,2.23703194254019,2.479594759437546,2.8661475328377355,3.2116048785116686,3.657882314433177,4.128282712788439,4.779773445493804,6.019517068599659,7.082719736450106,8.293118651104184,lstm,better than persistence
2026-09-20,2026-09-27,1,60643,1.909466028213501,0.0,5.547704178520322,0.0,0.0,0.0,0.1123874798946633,0.4090100398117584,0.6228040555825256,0.7979111687600233,0.9654628633888596,1.162448247375323,1.299468631272525,1.4208936283532916,1.5343004337063937,1.6452777797267897,1.8123607355456703,2.044379132391737,2.4141281150590403,2.74456812456751,3.171445485885828,3.6213971631386688,4.24456701784205,5.430417889844724,6.447402197961122,7.605184001926143,lstm,better than persistence
2026-09-20,2026-09-27,1,60644,2.629872560501098,0.0,6.541733952725483,0.0,0.0,0.1992114405895981,0.6976400068486515,1.0165708443213424,1.2464437997549347,1.4347203026235422,1.6148731618763208,1.82667334828912,1.9739987095137628,2.104555791955205,2.226491653531197,2.345815341913746,2.5254642096250293,2.774932158508854,3.1724890831396646,3.527780700191569,3.9867624930175616,4.470553966223777,5.140590944206281,6.415626841109203,7.509096121310957,8.753951942299125,lstm,better than persistence
2026-09-20,2026-09-27,1,60645,3.2918295860290527,0.0,7.4392298336205185,0.0,0.2576841737320934,0.7148148301970121,1.2432545042658334,1.581388630625216,1.8251025705349708,2.0247154750629868,2.215715599595627,2.4402685828159423,2.5964646179909376,2.734882731965718,2.864160528846702,2.9906688697927777,3.1811346567212944,3.445623433093452,3.8671178375022848,4.243802078783736,4.730419831905113,5.24334109229189,5.953721969769738,7.305529629676686,8.464838283213531,9.784648681006342,lstm,better than persistence
2026-09-20,2026-09-27,1,60646,2.264055728912353,0.0,6.039452447761489,0.0,0.0,0.0,0.399228805951046,0.707033790996676,0.9288876643013868,1.1105961707887142,1.2844644256982989,1.48887599570534,1.6310619347256647,1.7570645537478229,1.8747467018472144,1.9899078020068224,2.1632896470410787,2.40405494551155,2.787743158951404,3.130640483462595,3.573610768169285,4.040525251433055,4.687188094142906,5.917744563027639,6.973068338262063,8.174497558464196,lstm,better than persistence
2026-09-20,2026-09-27,1,60647,2.0683906078338623,0.0,5.768730980985216,0.0,0.0,0.0,0.2406371647263434,0.5423228677241447,0.7597662002965357,0.9378622714572526,1.1082739582713017,1.3086217472758124,1.4479809748834818,1.5714786131482703,1.6868211946675178,1.799692847654233,1.9696277946092389,2.2056065859071508,2.5816669293951326,2.9177473225891823,3.351911186858837,3.809543229765496,4.443350165272266,5.649442696031469,6.683786226805325,7.861330569841385,lstm,better than persistence
2026-09-20,2026-09-27,1,60649,3.1886355876922607,0.0,7.300205028485595,0.0,0.1807031935694176,0.6338845422136581,1.1577588455114705,1.492971715703095,1.734580127673995,1.9324685081653663,2.121818517408429,2.344431510736912,2.4992781150335537,2.636500387661198,2.7646613095152253,2.890076701709749,3.078896989673691,3.3411007572015805,3.758953727538639,4.132383665047239,4.614797361252057,5.123287319742121,5.827530974271984,7.167659906253292,8.316952896506034,9.625361001645526,lstm,better than persistence
2026-09-20,2026-09-27,1,60651,2.711752414703369,0.0,6.653511327911541,0.0,0.0,0.2625142710809873,0.7647522203995405,1.08612057813424,1.3177504034616232,1.5074658634227436,1.6889955924952211,1.9024145224888211,2.0508658599782192,2.1824207623116534,2.305288553630195,2.425524207473579,2.6065460931048694,2.857920672231617,3.25851603951278,3.616523074497765,4.079012767120378,4.566501755210611,5.241659682685079,6.526440406579701,7.62826683890728,8.882636827013885,lstm,better than persistence
2026-09-20,2026-09-27,1,60652,2.092802762985229,0.0,5.8025904518169,0.0,0.0,0.0,0.2603828940839894,0.5628388289483339,0.7808373147223864,0.9593880818396936,1.130234845657098,1.3310941413387547,1.4708091661119302,1.5946221054184626,1.710259167355485,1.823418992247915,1.993787799044748,2.2303690663071483,2.607389527087463,2.944327965014777,3.3796002903093965,3.8384007106999594,4.473825814698349,5.6829976126948125,6.719981919416745,7.900532643491952,lstm,better than persistence
2026-09-20,2026-09-27,1,60653,3.381140947341919,0.0,7.559303658988933,0.0,0.3244904032484088,0.7850117296628603,1.317370993235614,1.6580131579532733,1.9035347944605927,2.104628285484724,2.2970451130396854,2.5232636705143525,2.680618256740812,2.820063057797038,2.9502997453908346,3.0777464351961363,3.269624961810822,3.536075527735596,3.960696277732312,4.340174494695141,4.830401632068227,5.34712737740799,6.062777354780851,7.424611762063352,8.59251934231445,9.92211915455932,lstm,better than persistence
2026-09-20,2026-09-27,1,60654,1.924127221107483,0.0,5.568138772915536,0.0,0.0,0.0,0.1241969474314632,0.4212902080179412,0.6354234865418906,0.8108084714881758,0.978626048438438,1.1759240221083265,1.3131618391853834,1.4347795216351311,1.5483662885501834,1.6595197409027236,1.8268678352166952,2.059254414492093,2.4295901397648607,2.7605545137509013,3.1881092728361766,3.638774963735627,4.262933706363885,5.45066636645239,6.469264493810035,7.628883543971969,lstm,better than persistence
2026-09-20,2026-09-27,1,60655,1.6677906513214111,0.0,5.209504000953628,0.0,0.0,0.0,0.0,0.2071427263883227,0.4152646492654579,0.5857260579844012,0.7488324982734751,0.9405917331900928,1.073976878079392,1.1921803918058744,1.302578441593888,1.4106114871695452,1.5732616245910978,1.7991244239794997,2.1590637280669145,2.480736951363209,2.896288981432863,3.334303150978472,3.940939908197129,5.095329393033543,6.0853324526514445,7.212397559898033,lstm,better than persistence
2026-09-20,2026-09-27,1,60656,3.313496351242065,0.0,7.4683804388310335,0.0,0.2738759287123766,0.7318314616026957,1.2612246867476062,1.5999689644182444,1.8441226776854185,2.0440957767810537,2.235440554418331,2.46039873571384,2.6168766212205394,2.7555445058844037,2.8850555800690785,3.0117922009316005,3.202601676771068,3.4675677139729832,3.889822690425537,4.267186645364469,4.754682483355138,5.268529292378384,5.980192027527775,7.334438977503246,8.495839563323653,9.81803151323453,lstm,better than persistence
2026-09-20,2026-09-27,1,60657,1.324248194694519,0.0,4.72403784567047,0.0,0.0,0.0,0.0,0.0,0.1219134716401222,0.2855441430250962,0.4421145746101098,0.6261896247313407,0.7542297540195166,0.8676966111602898,0.9736707852690422,1.0773747257219513,1.2335071394287334,1.4503191544329643,1.795834954333302,2.104618073574836,2.503518083768932,2.923980129562848,3.5063077110165444,4.61443844783912,5.564770059761633,6.64667136269767,lstm,better than persistence
2026-09-20,2026-09-27,1,60659,3.2702784538269043,0.0,7.410221381281226,0.0,0.2415886504250073,0.6978973535103989,1.2253868555226433,1.562912992713144,1.8061887176536904,2.0054427040055707,2.1960993967520697,2.420248617763855,2.576163801376687,2.7143330297539685,2.843378375976609,2.9696592459427613,3.15978256186209,3.423795768633933,3.844532296174838,4.220539232443471,4.70628201229176,5.218281003831668,5.927384566050219,7.276761579797656,8.433985714057103,9.751422999039692,lstm,better than persistence
2026-09-20,2026-09-27,1,60660,2.1191325187683105,0.0,5.839082726289739,0.0,0.0,0.0,0.2816929552842093,0.5849774319274113,0.80357309842226,0.9826129839636112,1.1539277620114814,1.355337287657112,1.4954350449933318,1.6195871550059198,1.7355409908129675,1.84901080348148,2.019846315202812,2.257075668488421,2.63512893162846,2.9729903720184327,3.409455073673094,3.869512322819956,4.506678097723791,5.719162276920198,6.758987277849449,7.942771979123335,lstm,better than persistence
2026-09-20,2026-09-27,1,60661,1.9606437683105469,0.0,5.618995489852383,0.0,0.0,0.0,0.1536302828316771,0.4518926856458904,0.666868636459987,0.8429438086949592,1.0114217931394252,1.2094961876275057,1.3472740725838217,1.469370353463943,1.583404114987523,1.6949949861985305,1.8630016404657208,2.096302723700089,2.468095820082523,2.800362628276392,3.2295999308247154,3.682039112946356,4.308654088817255,5.501060797739544,6.523667383860053,7.6878498482069935,lstm,better than persistence
2026-09-20,2026-09-27,1,60666,1.1611177921295166,0.0,4.491398073398096,0.0,0.0,0.0,0.0,0.0,0.0,0.1436502495845064,0.2970195678267691,0.4773311672565412,0.6027534908573811,0.713900495733098,0.8177080069586204,0.9192916999029864,1.0722319556288964,1.284611206240306,1.6230628674907372,1.9255328549805488,2.316277275820198,2.7281428921907183,3.298564671431492,4.384039456863723,5.314941351615717,6.374722969108545,lstm,better than persistence
2026-09-20,2026-09-27,1,60707,1.9838052988052368,0.0,5.651223568958934,0.0,0.0,0.0,0.1723134643715875,0.4713150554268555,0.6868237844035763,0.8633353264110366,1.0322308524021504,1.2307961376692167,1.368915479649536,1.491314353596204,1.605630726722206,1.7174981552834854,1.8859211829925897,2.119800459843468,2.492514976701155,2.8256052467701784,3.2559063346420034,3.709466803657537,4.33763472893628,5.53299659750817,6.558137525056071,7.725205200478788,lstm,better than persistence
2026-09-20,2026-09-27,1,60601,2.466285228729248,0.0,6.170330702312928,0.0,0.0,0.1049996353655475,0.5875055342600193,0.8951298963850873,1.1294751836787222,1.327039592977518,1.538758940623692,1.7116773781497212,1.8768959088559904,2.04156099060474,2.1921752804403725,2.3395523558618256,2.508244469665892,2.7082090350300847,2.9398839965366013,3.2677441121551176,3.714311967000389,4.168090848891662,4.816477307850175,5.927918691388703,7.131501777702816,8.264299121377125,colagnn,better than persistence
2026-09-20,2026-09-27,1,60602,1.1888048648834229,0.0,4.43491670805624,0.0,0.0,0.0,0.0,0.0,0.0172655438198301,0.1904049324661003,0.3759492749220627,0.5274896898438888,0.6722821425991572,0.8165895696633519,0.948583313658478,1.0777400622323272,1.2255766566733337,1.4008194684781246,1.6038522988459722,1.891178848102288,2.2825372190326023,2.6802151128905933,3.248441118318592,4.222474256903732,5.277257557646185,6.270006404667814,colagnn,better than persistence
2026-09-20,2026-09-27,1,60603,1.1125097274780271,0.0,4.329209996447915,0.0,0.0,0.0,0.0,0.0,0.0,0.1231558523486726,0.3070190601242158,0.4571864348140517,0.6006669876182472,0.7436669093332164,0.8744647167792061,1.002451233556367,1.1489483464337742,1.3226033611410104,1.5237966014255546,1.8085198127402968,2.196332259709068,2.5904069712217965,3.153484533795668,4.118692391763364,5.163918770620009,6.147672762322509,colagnn,better than persistence
2026-09-20,2026-09-27,1,60604,1.4498311281204224,0.0,4.794612459214865,0.0,0.0,0.0,0.0,0.0310658723068018,0.2426814552038851,0.4210836245681768,0.6122678112874812,0.7684144800484086,0.917608074187122,1.0663018996933968,1.2023077528696189,1.3353903767241386,1.487720642909774,1.6682901715185747,1.87749442985056,2.17355461640931,2.5768087974407923,2.986574590927764,3.572072511708048,4.575712563315923,5.6625572757350655,6.685481922329474,colagnn,better than persistence
2026-09-20,2026-09-27,1,60605,2.110935926437378,0.0,5.693482043024972,0.0,0.0,0.0,0.2937835868273921,0.5913173163020016,0.8179756564659912,1.0090595976208874,1.2138341696734307,1.3810805712803509,1.540879636867249,1.7001434076183712,1.8458172777156503,1.9883601198569307,2.151518828765276,2.344924196547521,2.5689998024154845,2.88610551625454,3.3180251418580875,3.7569192598442234,4.384037476171737,5.459021582281615,6.623124977506233,7.718764529829201,colagnn,better than persistence
2026-09-20,2026-09-27,1,60606,2.552955150604248,0.0,6.286034583925423,0.0,0.0,0.1731607480654489,0.6594487433033684,0.9694844023220384,1.2056665924519043,1.4047795996677752,1.6181584979482615,1.7924323472770904,1.9589459344837787,2.124901734553284,2.276696606338616,2.4252288889799942,2.595243286777373,2.7967752635519045,3.030266196690664,3.360696226060047,3.810764478837824,4.268100281906366,4.921569082989994,6.041722439588891,7.254739746707796,8.396416460978806,colagnn,better than persistence
2026-09-20,2026-09-27,1,60607,2.307244062423706,0.0,5.957410932929167,0.0,0.0,0.0,0.4557928730043326,0.7589425678980368,0.9898790966309596,1.184569757627553,1.3932094609288717,1.563612647514594,1.726427929205543,1.8886978123414104,2.0371212847052176,2.182354630789088,2.34859296925295,2.5456488739314675,2.77395391911725,3.097045020650877,3.537117152813937,3.9842954212848136,4.623250528249227,5.718525018164161,6.90460092865075,8.02092073745591,colagnn,better than persistence
2026-09-20,2026-09-27,1,60608,3.217684268951416,0.0,7.166353183946494,0.0,0.1790201401646785,0.7004540976598084,1.214825764491159,1.5427663270143324,1.7925883008295418,2.0032003052639134,2.2289020718096246,2.413240429412978,2.589370361141329,2.7649102929060803,2.9254714870570315,3.082581673918896,3.262414591936089,3.475585264106632,3.722560557851712,4.072073288254826,4.548133482288434,5.031880935710409,5.72308828552627,6.90793174204345,8.191002145319107,9.39861195730882,colagnn,better than persistence
2026-09-20,2026-09-27,1,60609,3.7038650512695312,0.0,7.803042475173908,0.0,0.5493783967290904,1.090687468883552,1.624665062235099,1.9651054939898516,2.2244497482446586,2.4430894955534552,2.6773941703379376,2.868758817542911,3.0516021643408475,3.2338330225804977,3.4005142096811203,3.563612849985927,3.750300327077645,3.971596268978893,4.2279853383529815,4.590820188445093,5.085026018767167,5.5872121180899725,6.304765710097188,7.534770973230804,8.866747227409615,10.120386614443364,colagnn,better than persistence
2026-09-20,2026-09-27,1,60610,1.903844118118286,0.0,5.413643081492148,0.0,0.0,0.0,0.12359085959765,0.4150828715060499,0.6371386892006887,0.824342481352194,1.0249589025582182,1.188809200051974,1.345363387072247,1.5013931489494612,1.644108966588424,1.7837573349003906,1.9436029443512977,2.1330810242593503,2.3526065526402267,2.663273120352791,3.086422189442267,3.5164041269269672,4.130788085695292,5.183943573017148,6.324408693871219,7.397800198078122,colagnn,better than persistence
2026-09-20,2026-09-27,1,60611,1.3370685577392578,0.0,4.639586660791515,0.0,0.0,0.0,0.0,0.0,0.1451719124072854,0.3213198681711333,0.5100883331790474,0.6642619993378254,0.8115704469550307,0.9583854408027408,1.092672782118584,1.2240738307896597,1.3744793168057574,1.552767245988575,1.7593280886822684,2.051647385197648,2.4498062186638165,2.854394386632184,3.432494205804412,4.423452690465281,5.496564497387613,6.506563905130952,colagnn,better than persistence
2026-09-20,2026-09-27,1,60612,2.265139579772949,0.0,5.90090898939148,0.0,0.0,0.0,0.4209911239077912,0.7229450965153765,0.9529707354841456,1.1468934723621462,1.354710231925738,1.524441292194798,1.686614376766245,1.848244214014223,1.9960822552966933,2.1407427532084387,2.306325392888971,2.5026040441484536,2.73000857900828,3.0518253027772,3.490161645444869,3.935576095477248,4.572010952960641,5.662965319388503,6.844362955665729,7.956279631311568,colagnn,better than persistence
2026-09-20,2026-09-27,1,60613,2.125389575958252,0.0,5.71295789681651,0.0,0.0,0.0,0.3056898552557567,0.6036406833854027,0.830616765302578,1.0219685781202783,1.227030214092397,1.3945110706274797,1.5545341510696011,1.7140211862710888,1.859899269770992,2.002641936072872,2.1660293695636805,2.3597058633084225,2.58409559031485,2.9016458398607647,3.334170953437865,3.7736803366130554,4.401677680712202,5.478168756891106,6.643904054358636,7.741079532657074,colagnn,better than persistence
2026-09-20,2026-09-27,1,60614,1.407945156097412,0.0,4.737090326700075,0.0,0.0,0.0,0.0,0.0,0.2064386580718165,0.384006834216184,0.5742972744297773,0.7297139898301352,0.8782101347931396,1.0262088474386308,1.1615789013988278,1.2940393915294142,1.4456575452466824,1.6253829486796445,1.8336092204005368,2.1282853868593112,2.529654438051371,2.937504661258325,3.52026550043276,4.519213742511257,5.600977680831643,6.6191203664062215,colagnn,better than persistence
2026-09-20,2026-09-27,1,60615,2.642172336578369,0.0,6.40490505187743,0.0,0.0,0.2434743141921096,0.7336250815201537,1.046123472710558,1.2841817485779954,1.4848763867915182,1.699950235514892,1.8756084088817768,2.0434446773875865,2.210718728039011,2.363719364720656,2.513431496261222,2.684796383639183,2.887929206214507,3.12327484740417,3.456329609252426,3.909972926811784,4.370941523601759,5.029601078048232,6.158652242458347,7.381305011370801,8.532050501739551,colagnn,better than persistence
2026-09-20,2026-09-27,1,60616,2.786274671554565,0.0,6.596415563275123,0.0,0.0,0.3573544921267459,0.8536808652734384,1.170116548847315,1.4111742162726577,1.6143974866094744,1.832181136888104,2.010052497930795,2.180003402800463,2.3493850062078345,2.504313359186445,2.655911773830685,2.8294357560548558,3.03512793041472,3.273438785591596,3.610689837769888,4.070048789167346,4.536825313922156,5.203783583882474,6.347060116088079,7.58511757689777,8.75036177056315,colagnn,better than persistence
2026-09-20,2026-09-27,1,60617,4.633601665496826,0.2610053448875806,9.006197986106072,0.5810177994537415,1.2687078556756628,1.8461227397966236,2.415717128749138,2.7788652497835247,3.055508003842606,3.2887312229807493,3.538664234635644,3.74279307945792,3.937832245314525,4.132218069063819,4.3100170443364645,4.483994513653686,4.683134216823097,4.919190801171061,5.192681256805392,5.579717524435505,6.106887337258994,6.642569710350447,7.407984785568691,8.720032528743792,10.140852821663373,11.478111106495904,colagnn,better than persistence
2026-09-20,2026-09-27,1,60618,1.987982153892517,0.0,5.527517436231545,0.0,0.0,0.0,0.1926459292856246,0.4866075696634497,0.7105447266290679,0.8993345787609301,1.1016506967167927,1.2668891947199383,1.4247697668947876,1.582121470802203,1.726046429796261,1.8668779508945907,2.028077831652036,2.2191612401500875,2.440546670252131,2.7538453203847197,3.1805794653772788,3.614204369361123,4.233793616966691,5.295871828301438,6.44599939277586,7.528485068038336,colagnn,better than persistence
2026-09-20,2026-09-27,1,60619,3.528179883956909,0.0,7.573616084206783,0.0,0.4150493248682552,0.9492617020264912,1.4762387178710847,1.812215891881179,2.068160079212769,2.283933405690067,2.5151662885932176,2.704022098233602,2.884468323809924,3.064310090703515,3.228806046469008,3.389766423507811,3.5740063818848293,3.792401079590547,4.045428825241625,4.4035068212598585,4.891233491664673,5.3868358077819725,6.09498209581467,7.308861687598516,8.623375405669258,9.860579272179354,colagnn,better than persistence
2026-09-20,2026-09-27,1,60620,2.498248815536499,0.0,6.2130283319150585,0.0,0.0,0.130120395649512,0.6140245600362548,0.9225403942264871,1.1575647963853493,1.3557017323551277,1.5680346266098255,1.7414541686502747,1.9071514901251116,2.072293758789335,2.2233445174113653,2.3711486804174173,2.540329651170364,2.7408736986757423,2.9732200366459245,3.302030266008152,3.749892240620287,4.204986139287778,4.855251573017988,5.969913829372462,7.176984808167332,8.313064912610008,colagnn,better than persistence
2026-09-20,2026-09-27,1,60621,3.5607292652130127,0.0,7.616175909143433,0.0,0.4398952554729765,0.9754295427171162,1.5037105647249334,1.840519115232368,2.0970966372022564,2.3134038954054668,2.545208964752009,2.7345320986443573,2.9154248389323407,3.09571162480282,3.26061462629079,3.421973300252196,3.60666916094376,3.825604276966142,4.079258140512071,4.438222201576186,4.927155753049916,5.423984438544425,6.133883036632957,7.350766377008306,8.668532863109661,9.90879819419712,colagnn,better than persistence
2026-09-20,2026-09-27,1,60622,1.818894982337952,0.0,5.298413158686406,0.0,0.0,0.0,0.0540008570141443,0.3429780218830658,0.5631180532339475,0.7487067448570057,0.947592348090909,1.110029027307882,1.265232543237142,1.4199161585007372,1.5614006955666018,1.6998442477214528,1.858310789337638,2.046154147301912,2.26378571940754,2.571772011619717,2.99127036254134,3.417542631292983,4.026625993075147,5.07069538248968,6.20132114166097,7.265451961745233,colagnn,better than persistence
2026-09-20,2026-09-27,1,60623,3.604888439178467,0.0,7.673876706082581,0.0,0.4736335901982857,1.0109560906884814,1.5410011064193805,1.8789343010919932,2.1363685661955243,2.353398100289467,2.585977194577795,2.7759325011318654,2.957429263985729,3.138318049067577,3.3037716814649007,3.4656691514007507,3.650981733733575,3.870647900379274,4.125148744612547,4.485311429750119,4.975877589021353,5.4743652451132325,6.186634279804416,7.407580939672082,8.729747606194712,9.974154332047178,colagnn,better than persistence
2026-09-20,2026-09-27,1,60624,2.3556220531463623,0.0,6.022261790626798,0.0,0.0,0.018182178308439,0.4958154349929209,0.8003332165453034,1.0323119405674934,1.2278812225898217,1.4374624976603525,1.6086346981362123,1.7721847502012116,1.935186942377671,2.08428023620525,2.230169007006741,2.397157563784671,2.595102763615865,2.824438128447977,3.148987310372221,3.591045447545378,4.040241790365168,4.682080442891581,5.782297805725351,6.973726367580715,8.095084024890985,colagnn,better than persistence
2026-09-20,2026-09-27,1,60625,1.9438707828521729,0.0,5.467847382739175,0.0,0.0,0.0,0.1564262909121796,0.4490957684915333,0.6720485682360717,0.8600085596305256,1.0614353596440278,1.2259475212458644,1.383134100144232,1.5397941355135214,1.683086445711823,1.823298915793219,1.98379021263895,2.1740336786480805,2.394445968116762,2.706367456045492,3.131225812121211,3.5629446375816864,4.179810365972095,5.237220015953088,6.382291981845328,7.46001939096922,colagnn,better than persistence
2026-09-20,2026-09-27,1,60626,1.8655776977539065,0.0,5.361768756266945,0.0,0.0,0.0,0.0922266912491038,0.3825885542210172,0.6037834353000509,0.7902614162527477,0.9901000239139568,1.1533150544642268,1.3092622624225174,1.4646870784959294,1.6068495700644156,1.7459565051690138,1.9051823743246716,2.0939258253518376,2.312600227347441,2.622062304107394,3.0435707743095253,3.471885621069593,4.08388754071084,5.13295981989893,6.269003222864422,7.338233061511533,colagnn,better than persistence
2026-09-20,2026-09-27,1,60628,2.500607967376709,0.0,6.216178507572505,0.0,0.0,0.1319752790737509,0.6159824858396179,0.9245640152808776,1.159638463451601,1.357817590629427,1.570195698974436,1.743652168909939,1.909384773912953,2.074562207912608,2.2256451312289767,2.3734807676004626,2.542697763688614,2.7432845149715064,2.975680328687522,3.3045605747820037,3.752517916962304,4.207708723161276,4.858112624179608,5.973012236314975,7.180340248370934,8.316662269303388,colagnn,better than persistence
2026-09-20,2026-09-27,1,60629,3.1438984870910645,0.0,7.069220960873357,0.0,0.1232004109097286,0.6415513985491734,1.152881851204376,1.478883470445888,1.727228375874029,1.9365951402322923,2.160962448727021,2.344210908766994,2.519299475117436,2.693801529869535,2.853413408552161,3.0095946839705845,3.1883643427632147,3.4002746467759666,3.645789703083936,3.9932359451110586,4.466481440932936,4.94736874534615,5.634489342865043,6.812327431573623,8.087811701803737,9.288281540275658,colagnn,better than persistence
2026-09-20,2026-09-27,1,60630,2.0933938026428223,0.0,5.669835090085579,0.0,0.0,0.0,0.27933797713271,0.5763646949669505,0.8026367985282774,0.9933951235500909,1.1978207499827025,1.364782155758816,1.5243089161300476,1.6833012938333884,1.8287269287206045,1.971026871072525,2.133907549773033,2.3269833456007025,2.5506771159682056,2.867242466573728,3.298426080571897,3.736572302085584,4.362621879115876,5.435774161129805,6.597893868746923,7.691666399110204,colagnn,better than persistence
2026-09-20,2026-09-27,1,60631,1.7368309497833252,0.0,5.186844377780109,0.0,0.0,0.0,0.0,0.2734291009902161,0.4917024439382935,0.6757174269713306,0.8729165697883653,1.0339758590621115,1.1878633190178995,1.3412352868317126,1.481520098691324,1.6187897118235235,1.775912528476774,1.9621630592950536,2.17794921360347,2.4833239206515705,2.8992651143317074,3.3219227860669287,3.925841395028795,4.961057545852494,6.082096107367794,7.137203576956791,colagnn,better than persistence
2026-09-20,2026-09-27,1,60632,3.631089687347412,0.0,7.708091432235418,0.0,0.4936681354552692,1.0320488405274115,1.563137728539433,1.9017364498830276,2.1596777068185293,2.377134659543157,2.610171795813752,2.8005012009316785,2.9823554040674685,3.1636004320779523,3.3293799093668315,3.4915962206769686,3.677273758178315,3.897372536046941,4.152374595024118,4.5132465856594335,5.0047788674306855,5.504248246642738,6.217920026157378,7.441271222125071,8.76604176773956,10.012899232018022,colagnn,better than persistence
2026-09-20,2026-09-27,1,60633,2.738426685333252,0.0,6.532891770751953,0.0,0.0,0.3194996487674504,0.8137840197128972,1.128917813245521,1.36898371332957,1.5713708758393108,1.7882585134993785,1.965398070369576,2.1346497576666463,2.303334485740121,2.4576254274205724,2.608600130907886,2.781410195087717,2.9862561039748057,3.2235864928352,3.5594500157017728,4.016919057473899,4.481775154980413,5.145989403407555,6.284562229903154,7.517526034205707,8.677976142089651,colagnn,better than persistence
2026-09-20,2026-09-27,1,60634,2.1178407669067383,0.0,5.702786983581115,0.0,0.0,0.0,0.2994710396216014,0.5972040996021397,0.8240142878328933,1.015226244250908,1.220138003502767,1.3874964505907357,1.5474025723713856,1.7067730406994717,1.8525445039209936,1.995182841577659,2.1584508574477748,2.3519857957156174,2.5762115193667405,2.893529675816871,3.325738662756507,3.7649268145879535,4.392465164093506,5.468169447798425,6.633052725422034,7.729426293302383,colagnn,better than persistence
2026-09-20,2026-09-27,1,60636,2.6288838386535645,0.0,6.387214659995347,0.0,0.0,0.2329919720931346,0.7225693285881201,1.034702138461986,1.2724819179903777,1.4729417703229848,1.687764011412573,1.8632166882134256,2.030856610735599,2.1979349731230715,2.350756619525835,2.5002936078986493,2.6714580212808965,2.874353205625744,3.10942352389608,3.4420886562238384,3.8952012717829705,4.355630596975881,5.013519607848842,6.141249933423429,7.36247236214365,8.511871634217428,colagnn,better than persistence
2026-09-20,2026-09-27,1,60637,3.5643324851989746,0.0,7.620885767642464,0.0,0.4426468713296509,0.9783272936162088,1.5067524714164715,1.8436529292638983,2.1003004653635062,2.3166667488637063,2.548535072504976,2.737909868344768,2.9188519701188493,3.099187952124343,3.264135951864884,3.4255386569130484,3.6102849168751714,3.82927977527676,4.083002855152981,4.442064869288523,4.931131839531108,5.428096098195736,6.138188411353901,7.355403811324311,8.67352988572081,9.914133656813114,colagnn,better than persistence
2026-09-20,2026-09-27,1,60638,2.516317367553711,0.0,6.237150982748391,0.0,0.0,0.1443295306003689,0.6290223295792354,0.9380409622096686,1.1734483913957328,1.371908237671276,1.5845871778536167,1.7582893474469337,1.9242567113168447,2.089668117788253,2.24096504881834,2.3890100931483915,2.558466783714649,2.759337664474929,2.9920626649426927,3.321408767190924,3.770000637248624,4.225836217467066,4.877161410242234,5.993640268474914,7.202678450693695,8.340610062388684,colagnn,better than persistence
2026-09-20,2026-09-27,1,60639,2.5240120887756348,0.0,6.247420929809227,0.0,0.0,0.1503825755209487,0.6354108351919485,0.9446433426820922,1.1802136996840724,1.3788109019870471,1.5916370393727006,1.7654594299599329,1.931541661488024,2.0970675508339838,2.248469195970217,2.396616703743387,2.566190676965429,2.767200582454014,3.0000866542021805,3.329660700153401,3.77856304509237,4.234714113635707,4.886490095034995,6.003741679355877,7.21361664888876,8.352335834335339,colagnn,better than persistence
2026-09-20,2026-09-27,1,60640,1.603130578994751,0.0,5.004526167273369,0.0,0.0,0.0,0.0,0.1603510953062332,0.3755485144575852,0.5569703449891734,0.7513905431678376,0.9101801732433066,1.061899039940282,1.213109678847975,1.3514175869533758,1.4867527867307524,1.641661417243704,1.825287292058832,2.038032572213417,2.339103916717834,2.7491836368969054,3.1658851860346537,3.761293330111061,4.781921139774701,5.887161944487274,6.927400763007946,colagnn,better than persistence
2026-09-20,2026-09-27,1,60641,2.145226001739502,0.0,5.739675454564056,0.0,0.0,0.0,0.3220360077384097,0.6205583201672971,0.8479697533400246,1.0396885883182043,1.2451435425639137,1.4129456355947434,1.573275648152352,1.7330685873082683,1.8792264721258825,2.0222429258615326,2.1859437444619565,2.379991719219193,2.604811836725625,2.9229711632221727,3.3563258811772454,3.796678264901991,4.425880138702805,5.504435977554704,6.672407212488011,7.771687127157028,colagnn,better than persistence
2026-09-20,2026-09-27,1,60642,1.842067122459412,0.0,5.329871265525943,0.0,0.0,0.0,0.0729701583394839,0.3626354803178191,0.5832997431515219,0.7693303872645807,0.9686896076505088,1.1315131062055546,1.287086216746005,1.442138188552934,1.5839596504761593,1.7227328858248747,1.881576792473577,2.069867472087981,2.2880173021453936,2.596737018940388,3.0172343442020946,3.444521718394405,4.05505552365997,5.101611212548626,6.23492939260588,7.301594285545067,colagnn,better than persistence
2026-09-20,2026-09-27,1,60643,2.633004665374756,0.0,6.392701086372332,0.0,0.0,0.23624224503292,0.7259974907828155,1.0382437149562709,1.276109892409835,1.476642582371262,1.6915428797024197,1.867059307707314,2.034760142648158,2.20189921340991,2.3547763879706896,2.504367711012153,2.675594317446345,2.8785632243044774,3.11371895600992,3.4465049631120914,3.8997822183640176,4.360378841795932,5.018506898418057,6.146646987852624,7.36831315104104,8.518130060445039,colagnn,better than persistence
2026-09-20,2026-09-27,1,60644,2.733574390411377,0.0,6.52644616406146,0.0,0.0,0.3156630714310653,0.8097398903006483,1.1247413578345815,1.3647064532425464,1.5670086325357906,1.7838051981691634,1.9608703733981288,2.130050991203412,2.298664887853649,2.452891042122005,2.6038023506995183,2.7765398512102166,2.9812997444429152,3.218530477279836,3.5542529696476204,4.011529918254669,4.476190820740489,5.140126162825082,6.278220897826084,7.510666975467448,8.670629805494787,colagnn,better than persistence
2026-09-20,2026-09-27,1,60645,3.019231081008911,0.0,6.904789022815672,0.0,0.0291334576670587,0.5422334157260789,1.0483839586361643,1.3710830971518284,1.6169122044515822,1.824158029332505,2.0462524389577794,2.227644544698865,2.400959418584115,2.573693722385221,2.7316886914519003,2.8862878101527967,3.0632464860616526,3.2730100838824567,3.5160380091655896,3.8599645308912223,4.328415927431685,4.804431719065836,5.4845916072026135,6.650497891415314,7.91306117607377,9.101369944570823,colagnn,better than persistence
2026-09-20,2026-09-27,1,60646,2.107764720916748,0.0,5.689207997794377,0.0,0.0,0.0,0.2911717677581746,0.5886139053868622,0.8152024717614872,1.006227590237935,1.210939125131346,1.3781340421328936,1.5378839156788775,1.697098659172561,1.8427276854846049,1.985226647686432,2.1483351303318465,2.3416809608149847,2.5656875879543724,2.8826956849695,3.314482349796234,3.7532413599997936,4.380166526231287,5.454819712620603,6.618564753923463,7.71386702801838,colagnn,better than persistence
2026-09-20,2026-09-27,1,60647,2.355337142944336,0.0,6.021880084195974,0.0,0.0,0.0179589745682209,0.4955796221333712,0.8000893646704792,1.0320619646479705,1.22762608380448,1.4372018261042712,1.6083695077769034,1.7719152422570312,1.934913131311663,2.084002489200722,2.2298874086604266,2.3968715570798302,2.59481153132296,2.8241408418928486,3.148681455989567,3.590727923196855,4.0399124076081065,4.681734116129787,5.781922434143448,6.973319543279176,8.094647597683206,colagnn,better than persistence
2026-09-20,2026-09-27,1,60649,3.663909912109375,0.0,7.750927337812093,0.0,0.5187808793743915,1.0584841861122225,1.5908777625005088,1.9303082952902229,2.18888321820383,2.406874381989849,2.640484004052923,2.831280977911458,3.013581929360688,3.195272209167319,3.361458945131581,3.5240737617401425,3.710207440069097,3.930846918983438,4.18647542341971,4.548233942660932,5.040973736901494,5.541670127086789,6.257095133408125,7.483451649429574,8.811476664815691,10.061397195328867,colagnn,better than persistence
2026-09-20,2026-09-27,1,60651,2.5411593914031982,0.0,6.270300597654279,0.0,0.0,0.1638755624819015,0.6496505462554483,0.959359131916358,1.195292160700676,1.3941951128536876,1.607348906212512,1.781438904647382,1.947776827679656,2.1135575520145173,2.265192287193103,2.413567875109194,2.5834029155380325,2.7847222853481,3.017966896293632,3.3480483371827323,3.7976417886582223,4.25449512349325,4.907274545053121,6.026246191390982,7.237983821053054,8.378456118910819,colagnn,better than persistence
2026-09-20,2026-09-27,1,60652,2.500673532485962,0.0,6.216266054263439,0.0,0.0,0.1320268311822152,0.6160369013694156,0.9246202564011252,1.1596960952891364,1.3578763949088857,1.5702557596980091,1.7437132558144226,1.9094468413034087,2.074625252504605,2.2257090696383792,2.373545580616088,2.5427635778041195,2.743351515772612,2.9757487043589226,3.304630896132516,3.752590888460567,4.20778438760098,4.858192136455417,5.973098344416815,7.180433499111846,8.316762242606837,colagnn,better than persistence
2026-09-20,2026-09-27,1,60653,2.7669050693511963,0.0,6.570707935634763,0.0,0.0,0.342025306884095,0.8375260598588699,1.1534353646271696,1.3940920417292295,1.5969772578330437,1.8143986332366868,1.991974111989763,2.161642309949446,2.330742153458309,2.485412788974496,2.636759025382937,2.809994357017924,3.0153443702162117,3.2532588042882136,3.589948852081602,4.0485436772166965,4.514543736856079,5.180392546930123,6.321767281814169,7.557765280808124,8.721071134776983,colagnn,better than persistence
2026-09-20,2026-09-27,1,60654,1.59334397315979,0.0,4.99115350686604,0.0,0.0,0.0,0.0,0.1520855962729126,0.3670561351132626,0.5482866945715459,0.742501917638511,0.9011241375247804,1.0526830486618943,1.203734267828786,1.3418963594028888,1.4770888767431984,1.6318341887628045,1.8152664688045823,2.027787453911783,2.3285413821546834,2.738188759721019,3.154450984923396,3.7492313966346393,4.768783169439718,5.872858730728397,6.912000836716024,colagnn,better than persistence
2026-09-20,2026-09-27,1,60655,1.540036916732788,0.0,4.918246588408215,0.0,0.0,0.0,0.0,0.1070922681633825,0.320822774900648,0.501007927332459,0.6941028428781707,0.8518100692682028,1.002494730769379,1.152674628861358,1.2900397487671311,1.4244524240765135,1.578305106083927,1.760679278734707,1.9719743616995316,2.2709934265134164,2.678277801680135,3.092138867517434,3.68348835883937,4.697158967947065,5.7948658000712046,6.8280137378437695,colagnn,better than persistence
2026-09-20,2026-09-27,1,60656,2.7476189136505127,0.0,6.545100549511465,0.0,0.0,0.3267688615192323,0.8214461821174517,1.1368305029214696,1.3770872522769613,1.5796353099513252,1.796695370465359,1.9739757509817324,2.1433619911711537,2.312180821411763,2.466594422386182,2.617689148801187,2.7906365947367573,2.995645353459893,3.2331644168958493,3.5692949468993,4.027127670615839,4.492353322680097,5.157095612804747,6.296573589904182,7.530517584411527,8.691890235053762,colagnn,better than persistence
2026-09-20,2026-09-27,1,60657,1.3435014486312866,0.0,4.648445125335664,0.0,0.0,0.0,0.0,0.0,0.1507294006493496,0.3270067303718083,0.5159138386212692,0.6702007394606201,0.817617379517087,0.9645402033810762,1.0989261736299776,1.2304237313621913,1.3809396844741932,1.5593585593445205,1.7660711131029116,2.058605106998141,2.4570563729493653,2.861941695503888,3.440466106955681,4.432152412847422,5.506052379484078,6.516793593290439,colagnn,better than persistence
2026-09-20,2026-09-27,1,60659,2.628589630126953,0.0,6.3868229348063,0.0,0.0,0.2327599292963351,0.7223245828250096,1.0344492938509289,1.272222903754666,1.4726775547953486,1.687494221934967,1.8629423463001056,2.030577919102546,2.197651946340975,2.3504696275108694,2.500002735877184,2.671162708090435,2.874052627954282,3.1091168469018164,3.4417733476335406,3.8948742063697432,4.355291584894514,5.013163525652139,6.14086459023223,7.362055332136947,8.511424780976384,colagnn,better than persistence
2026-09-20,2026-09-27,1,60660,2.538975238800049,0.0,6.267386769850823,0.0,0.0,0.1621565692701811,0.6478365022159411,0.9574844876845332,1.1933713518238256,1.3922353849487212,1.6053474708397233,1.7794034053581431,1.945708781310381,2.1114570675914,2.263062132639613,2.411408688137556,2.581210497210892,2.7824904751761976,3.015689447515198,3.34570630188741,3.7952117821186864,4.2519757251795305,4.904627418415684,6.023380117329722,7.234880648193775,8.375129791629018,colagnn,better than persistence
2026-09-20,2026-09-27,1,60661,1.4253888130187988,0.0,4.761054659866212,0.0,0.0,0.0,0.0,0.0104900976631072,0.2215289676688598,0.3994449401779616,0.5901080953948118,0.7458292198948681,0.8946162188865425,1.0429048112580137,1.1785400096471477,1.3112599453492249,1.4631750680608004,1.643252493141569,1.8518866101302296,2.147139948139073,2.5492951463759046,2.95794421106486,3.541846482819025,4.542751328691605,5.626634078915215,6.646770963746172,colagnn,better than persistence
2026-09-20,2026-09-27,1,60666,1.0212717056274414,0.0,4.202442949778485,0.0,0.0,0.0,0.0,0.0,0.0,0.0428454194696719,0.2246778255148377,0.373186574925283,0.5150823595834447,0.6565028218079807,0.7858559442791756,0.912428827285444,1.0573078535759477,1.2290448178552449,1.428015843127589,1.709594236089534,2.0931232258191192,2.4828453122704217,3.0397035833272668,3.994250549364221,5.027932217538947,6.000820471975217,colagnn,better than persistence
2026-09-20,2026-09-27,1,60707,1.8977024555206297,0.0,5.4053209415314285,0.0,0.0,0.0,0.1185551868219838,0.409866108092398,0.6317839726766528,0.8188714636851793,1.0193632510960309,1.1831117559035549,1.3395686829769038,1.4955015107085197,1.6381286655457206,1.7776902767217173,1.9374365814156769,2.1267969472699195,2.346186094493287,2.656659659294452,3.079545845245612,3.5092606546437763,4.123262924794519,5.175764134841848,6.315520736944466,7.388245392166269,colagnn,better than persistence
2026-09-20,2026-10-04,2,60601,2.188478469848633,0.0,6.001050411691208,0.0,0.0,0.0,0.3693159014964902,0.6636133089329697,0.92598137631795,1.1170041604339718,1.3355547977402284,1.465073500931585,1.5898035620055198,1.6922058356489622,1.7887658392198555,1.8937457613897897,2.0487938681699736,2.2827685513530738,2.6183207447468235,2.933086856498077,3.4495004536651668,4.033960684853199,4.694080598965691,5.926676811299066,6.977208529642759,8.18079830932121,gnn_st,better than persistence
2026-09-20,2026-10-04,2,60602,1.3638430833816528,0.0,4.771246589975884,0.0,0.0,0.0,0.0,0.0010279088366924,0.2355136802432449,0.4062361516785658,0.6015610450275533,0.7173155777041169,0.8287903653183899,0.920310177040882,1.0066085865615697,1.1004321157645216,1.2390029993550535,1.448112799273234,1.748005296478854,2.0293206839125424,2.4908541391972365,3.013202798211001,3.603170658340752,4.704776797237561,5.643666742260549,6.719349010906556,gnn_st,better than persistence
2026-09-20,2026-10-04,2,60603,1.359918236732483,0.0,4.751146792560183,0.0,0.0,0.0,0.0,0.0035723483491074,0.2369450153638221,0.4068570669105498,0.6012547526284822,0.7164597983237057,0.8274054149143882,0.9184907819208644,1.004379532731474,1.0977576814672572,1.2356707688163362,1.4437879241264064,1.7422568310914912,2.0222368138591924,2.4815793689755066,3.001448437935977,3.588615719539302,4.684992532051291,5.619425564763615,6.690001567684971,gnn_st,better than persistence
2026-09-20,2026-10-04,2,60604,1.5581837892532349,0.0,5.056702185387966,0.0,0.0,0.0,0.0,0.1589265690707462,0.3996825533003998,0.5749701897057063,0.7755181234276819,0.8943679635541046,1.0088236170800222,1.1027906932722855,1.1913967455584342,1.2877291412584368,1.430005447681177,1.6447069000950212,1.9526186036271105,2.2414564404573727,2.7153314249199667,3.2516478280754395,3.857391588037464,4.988454972449361,5.952451088040613,7.056897390913467,gnn_st,better than persistence
2026-09-20,2026-10-04,2,60605,1.803471088409424,0.0,5.440763112873864,0.0,0.0,0.0,0.0679430506424425,0.3487103723397042,0.5990162796197989,0.7812569454366924,0.989759893614894,1.113324078979281,1.2323197761820277,1.3300141879575886,1.422134923311091,1.5222884783029105,1.670208373534401,1.8934262595311144,2.2135517117036394,2.513846705557893,3.006518604463245,3.564108748320169,4.193880182254375,5.369808778722649,6.372043149343271,7.520298860482874,gnn_st,better than persistence
2026-09-20,2026-10-04,2,60606,2.6215178966522217,0.0,6.617998673675727,0.0,0.0,0.300374692273714,0.7146035234675903,1.0230970940779125,1.2981211339658336,1.498358374426728,1.7274513421461963,1.8632177002543424,1.9939644242513817,2.1013063247800137,2.2025241388926298,2.312568027198328,2.4750952628054352,2.7203562933945427,3.0720946765758685,3.402044310067732,3.94336839405981,4.556021509727661,5.247983940213889,6.540037478760787,7.641244192249053,8.90289210113604,gnn_st,better than persistence
2026-09-20,2026-10-04,2,60607,2.028884172439575,0.0,5.7484548698506135,0.0,0.0,0.0,0.2540969982467502,0.5412155181652831,0.7971835602817285,0.9835466666504022,1.196766130787776,1.323125444265916,1.4448129264522005,1.544717269820036,1.6389218554128842,1.7413409699309077,1.892606940374448,2.12087420687573,2.4482411720211004,2.75532909683076,3.259145657689941,3.8293489700183736,4.473366375267301,5.675895487654176,6.700801261461975,7.875031504060824,gnn_st,better than persistence
2026-09-20,2026-10-04,2,60608,3.1341419219970703,0.0,7.29931350580441,0.0,0.2075906898867381,0.7150236386294311,1.1467370017467318,1.4682520360440727,1.7548847961441292,1.9635740181172867,2.202336962926419,2.343833997037071,2.4800995190931947,2.591972303870285,2.697462505534899,2.812151328555821,2.981538812473525,3.237152271469288,3.603737474877256,3.9476142289977902,4.511787514964051,5.150300619488801,5.871470672174517,7.218061581469815,8.365750052108547,9.680651915037018,gnn_st,better than persistence
2026-09-20,2026-10-04,2,60609,4.050759315490723,0.0,8.541909259569557,0.435304321465749,0.8951677298922842,1.4423138470484789,1.907814345073588,2.2544920747303068,2.5635575426450314,2.7885793859799626,3.046028608575358,3.198599609324501,3.345529664773218,3.4661579368590227,3.5799041064403068,3.703568808057724,3.886213045784243,4.16183155248337,4.557106772881585,4.927896315152188,5.5362234322314885,6.224708416818519,7.0023193211045225,8.454298324920366,9.691808210651756,11.109618091790502,gnn_st,better than persistence
2026-09-20,2026-10-04,2,60610,1.5285404920578003,0.0,5.179341424019226,0.0,0.0,0.0,0.0,0.0683767927215586,0.3196123364797401,0.5025298443758923,0.7118071727855527,0.8358302757014595,0.9552679230845154,1.0533251720375072,1.1457880439266726,1.2463135693571532,1.394782839279542,1.6188297568066687,1.9401441553414167,2.241554445208886,2.736056128212933,3.295717162618081,3.9278275685094575,5.108123565375035,6.114080235803302,7.266600570206679,gnn_st,better than persistence
2026-09-20,2026-10-04,2,60611,1.3965171575546265,0.0,4.802107581567311,0.0,0.0,0.0,0.0,0.03442713823418,0.2687881395432272,0.4394197693923847,0.6346407301835791,0.7503336697654227,0.8617491415413121,0.9532202554866904,1.0394727455432424,1.1332463511588624,1.2717435010530882,1.4807420334518426,1.7804749575802008,2.061640656834051,2.522928529737041,3.0449992465425173,3.6346531842240446,4.735673157467654,5.674063518275854,6.749173415384182,gnn_st,better than persistence
2026-09-20,2026-10-04,2,60612,2.285900115966797,0.0,6.159235304700354,0.0,0.0,0.036279473901549,0.4377444621170487,0.736732263938269,1.0032818486553836,1.1973490775110984,1.4193828874722962,1.5509658079581894,1.6776837668636595,1.7817180869918663,1.87981702528354,1.9864700754696036,2.1439892769690414,2.381692955081906,2.722593045140431,3.0423757732999808,3.567019763855361,4.1607948884716,4.831435529781043,6.0836763676085415,7.150951040352113,8.373723152601244,gnn_st,better than persistence
2026-09-20,2026-10-04,2,60613,2.1088738441467285,0.0,5.853432737375348,0.0,0.0,0.0,0.3221635925207655,0.6112109839092161,0.8688986275818036,1.0565137273050746,1.2711656066740482,1.3983738060923765,1.5208787887056685,1.621454292671914,1.716291747706751,1.819398917136816,1.9716810972447163,2.2014818705988324,2.53104809756626,2.84019904895146,3.347400265703228,3.921434222260097,4.569778157192542,5.78038589891091,6.812177022737275,7.994295781948381,gnn_st,better than persistence
2026-09-20,2026-10-04,2,60614,1.423977017402649,0.0,4.8446796017213,0.0,0.0,0.0,0.0,0.0558427824953873,0.2912437506179059,0.4626325509492701,0.6587197963158965,0.7749261183165129,0.8868359914326722,0.9787130044925068,1.0653482362455742,1.1595379581829162,1.2986496831935046,1.5085756375461885,1.8096386135699436,2.092051973461345,2.555386791361994,3.0797741744077163,3.6720446759509615,4.77795037773621,5.720504805210241,6.800385456017273,gnn_st,better than persistence
2026-09-20,2026-10-04,2,60615,2.659688949584961,0.0,6.654353251180273,0.0,0.0,0.3396007483032557,0.7536413047285309,1.061994659228221,1.3368936955346185,1.5370399244162265,1.7660287650874609,1.901733414840872,2.0324207120009747,2.1397138236236657,2.240885632342414,2.3508795036380774,2.513332867569987,2.758482422423212,3.1100609339159577,3.43986059911441,3.9809386411630574,4.593313294505502,5.284961215096064,6.576427491089824,7.677133685484414,8.938208151746906,gnn_st,better than persistence
2026-09-20,2026-10-04,2,60616,2.6179358959198,0.0,6.621988490921192,0.0,0.0,0.2923950039694647,0.7074086419686245,1.016486691097507,1.2920317974150597,1.492648411635458,1.722175423792612,1.8581990077473147,1.989193447284737,2.096738720074504,2.198148303623116,2.308400683433796,2.4712358466184705,2.716961554003064,3.0693663482499947,3.3999411113761684,3.942290799558464,4.556104660925904,5.24937809823626,6.5438795890585215,7.647172672344561,8.911210926350483,gnn_st,better than persistence
2026-09-20,2026-10-04,2,60617,5.352207183837891,0.3943351959931576,10.310079171682624,1.3610327048334274,1.8686852969893888,2.472691050812667,2.9865665411042355,3.369271154861501,3.7104548260512695,3.958861026604492,4.243064472245608,4.411490710556555,4.573689794344009,4.706853803242179,4.832420518874817,4.9689365042389895,5.1705612019757945,5.474822090770385,5.911174465352127,6.320496600640186,6.992041307623335,7.752073918789219,8.610494449790425,10.21336367473094,11.579476067668873,13.144625301453589,gnn_st,better than persistence
2026-09-20,2026-10-04,2,60618,1.7890721559524536,0.0,5.383990804545899,0.0,0.0,0.0,0.0737625063116711,0.3512589717855254,0.5986488893071482,0.778766505289247,0.9848404558137156,1.1069651549791883,1.2245745875183638,1.3211308883028858,1.4121784443465082,1.5111652400564388,1.6573619122755112,1.8779793759468104,2.194375461321305,2.491172107349435,2.978104524405933,3.529198908068542,4.151633691136274,5.313863067393342,6.304421704140661,7.439300575995191,gnn_st,better than persistence
2026-09-20,2026-10-04,2,60619,3.5973219871521,0.0,8.195376072214732,0.0,0.3666169424274836,0.9267869368479676,1.4033678778528338,1.7582976777696486,2.074719920400555,2.305098023749923,2.5686753846464665,2.7248780770508008,2.875305551102331,2.9988051728349445,3.11525887538678,3.241867203661298,3.4288589750001246,3.711038108724576,4.115722179509663,4.495337732489278,5.118145035867914,5.823018227656656,6.619138829186664,8.105679709150529,9.372646400586548,10.824204820364333,gnn_st,better than persistence
2026-09-20,2026-10-04,2,60620,2.6195921897888184,0.0,6.591079832426916,0.0,0.0,0.3129649176195523,0.7246032504670181,1.031167568392922,1.304471666869476,1.5034566665367766,1.7311169359277847,1.866034240325296,1.995963302327788,2.1026339096124937,2.2032187292053163,2.312574426614532,2.474085251717635,2.7178124723777017,3.067351159083594,3.395237358271534,3.933176117441071,4.541997831807167,5.229632877531724,6.513606190118898,7.607926192795352,8.861684026014975,gnn_st,better than persistence
2026-09-20,2026-10-04,2,60621,3.4561986923217773,0.0,7.773086978119072,0.0,0.4230476017886722,0.948963835533014,1.3964023918000472,1.729628636467068,2.026702017360208,2.24299276063004,2.4904526644515403,2.637103739140037,2.77833274353664,2.8942805032835013,3.0036131938268515,3.1224795662316907,3.2980370025514225,3.562961201861905,3.942899300088323,4.299301791978942,4.884025134185477,5.545796128678667,6.2932348571598205,7.688875446060679,8.878368559359064,10.241165825890956,gnn_st,better than persistence
2026-09-20,2026-10-04,2,60622,1.7297601699829102,0.0,5.30136719793915,0.0,0.0,0.0,0.0255736226252369,0.3012706336569657,0.5470563257508476,0.7260059504807674,0.9307435932254436,1.0520763621872962,1.1689231442348444,1.264853315731322,1.3553104645101617,1.4536553701371036,1.598904014961307,1.8180908619422784,2.132435244278588,2.427307281853809,2.911082135445883,3.4586028907560777,4.077001431295775,5.231694211328804,6.215829468462847,7.343349101259157,gnn_st,better than persistence
2026-09-20,2026-10-04,2,60623,3.5952682495117188,0.0,8.075616786752043,0.0,0.4472659960345924,0.993096203482783,1.4574771529901844,1.8033211079463252,2.111643260251407,2.336123916472197,2.592953962725645,2.7451580237218582,2.891734706131272,3.012072862086632,3.125545467287018,3.2489127500316823,3.4311177205898917,3.706073353045195,4.100397919708427,4.4702956973424905,5.077159761804023,5.763988910688989,6.539729627641272,7.988216560130959,9.222750181896796,10.637150169904269,gnn_st,better than persistence
2026-09-20,2026-10-04,2,60624,2.414414882659912,0.0,6.289081520891539,0.0,0.0,0.1640209390008751,0.5656239298242065,0.8647145079710654,1.1313557184560237,1.3254896574470252,1.5475997909873669,1.6792279427803631,1.805989460674292,1.9100595423456048,2.008192201907394,2.114881913818617,2.2724552621583243,2.5102406503291856,2.8512579239599254,3.171150576650184,3.69597491229419,4.2899541456573145,4.960825318047014,6.213496610599898,7.28113815640198,8.50433059357415,gnn_st,better than persistence
2026-09-20,2026-10-04,2,60625,2.0359740257263184,0.0,5.765574125753634,0.0,0.0,0.0,0.2564013382105246,0.5442940408154779,0.8009522718704136,0.9878178853235452,1.201612271683247,1.3283122987899976,1.45032789753905,1.550501621694149,1.6449602193206625,1.7476554954225532,1.8993293374843896,2.1282121009088657,2.4564617741310038,2.7643777268737404,3.2695527722314472,3.8412935734417175,4.487047498943809,5.692819095371737,6.720488411933656,7.897884833864821,gnn_st,better than persistence
2026-09-20,2026-10-04,2,60626,2.0348153114318848,0.0,5.760697760342421,0.0,0.0,0.0,0.2570164951654734,0.5446222274254442,0.80102462253719,0.9877039690614526,1.201285245994434,1.3278589789986976,1.4497529530655355,1.549826824435486,1.6441912660931188,1.746784175936524,1.898306830092632,2.126961444053832,2.4548839192570107,2.7624929425556024,3.2671644313600128,3.838335323526117,4.4834455639847945,5.6880152518965765,6.714660191613811,7.890882989294257,gnn_st,better than persistence
2026-09-20,2026-10-04,2,60628,2.8262031078338623,0.0,6.881292908289491,0.0,0.0,0.4710199708134031,0.8913235334092866,1.2043412110821292,1.4833985220646744,1.6865722733642114,1.9190249257318328,2.0567823189800456,2.18944646438806,2.2983625508853827,2.401064740269657,2.512722439622653,2.677633162875896,2.9264909853153296,3.283387667583285,3.618176064697363,4.1674387520990885,4.789076522720962,5.491186691821541,6.802188400106079,7.9195444844221745,9.199694659673147,gnn_st,better than persistence
2026-09-20,2026-10-04,2,60629,3.7570760250091553,0.0,8.188695989433889,0.1895437155782193,0.6433116563209405,1.1832053776258076,1.642535688611639,1.9846182213922876,2.289587041177727,2.5116262306439943,2.7656629759955,2.9162116553607,3.061194159888083,3.180223509944477,3.2924619794388748,3.4144875112973487,3.594710808309089,3.8666760047646505,4.256711870850257,4.622586615311355,5.222850385284974,5.90220953403153,6.669513242635505,8.10224633357122,9.323353084418091,10.72236996277837,gnn_st,better than persistence
2026-09-20,2026-10-04,2,60630,2.270664930343628,0.0,6.099809121957966,0.0,0.0,0.0467102775276462,0.443594939674464,0.7391715807143004,1.002680093240032,1.1945332032721958,1.4140338228488112,1.5441155098558554,1.6693877397747836,1.772235129230309,1.8692148537983528,1.9746510961421115,2.130373156356197,2.3653648660896485,2.7023756168156168,3.0185099342566777,3.5371682458182323,4.124168972262657,4.787158254419311,6.025112239041344,7.080210343093981,8.289031811709936,gnn_st,better than persistence
2026-09-20,2026-10-04,2,60631,2.0229992866516118,0.0,5.723876570731955,0.0,0.0,0.0,0.2571316445554059,0.5428071954852136,0.7974888212918245,0.9829153242564102,1.195063213231617,1.3207874838332567,1.4418634023239614,1.5412656573229948,1.634996799768934,1.73690118745518,1.8874069418581063,2.114527007590884,2.4402487274947706,2.7457933232553744,3.2470778577112,3.8144155043306025,4.455196277041033,5.651681849576471,6.671436763563769,7.83976568768907,gnn_st,better than persistence
2026-09-20,2026-10-04,2,60632,3.8199291229248047,0.0,8.32369693274688,0.194316524214313,0.6554719168364338,1.2041552385692236,1.6709635581680118,2.018615277360472,2.328549063329276,2.554203104529754,2.812375629568145,2.9653752778636253,3.1127181326480096,3.2336853093263955,3.347751048263959,3.471763185309188,3.6549205612072457,3.9313134168720474,4.32769916123956,4.699530435075936,5.309566644478329,5.999985924559815,6.779781523214283,8.235839855567423,9.476826519805105,10.898619731483333,gnn_st,better than persistence
2026-09-20,2026-10-04,2,60633,2.776510238647461,0.0,6.835743298209089,0.0,0.0,0.4189207100403935,0.8396537148061678,1.152991216060528,1.4323336518619352,1.635714994493994,1.8684051537026545,2.006303299585724,2.13910299363891,2.248130364371447,2.350937488985843,2.462709273797451,2.6277884934069817,2.876900584553068,3.2341619234627923,3.5692923882358336,4.119116280874223,4.74138920545828,5.444216750620719,6.75655796555816,7.875055700490837,9.156513860060697,gnn_st,better than persistence
2026-09-20,2026-10-04,2,60634,1.9697930812835691,0.0,5.653519790842381,0.0,0.0,0.0,0.2121088082283231,0.4964604839120434,0.7499618662608531,0.9345290672780218,1.145693822282506,1.270835462522044,1.391350292005077,1.4902918979063136,1.5835886722767634,1.6850208155028648,1.8348290973989587,2.0608966452248496,2.385108908261705,2.6892375518150358,3.188199037678664,3.75290753292656,4.390718804745511,5.581659633859172,6.596688808162728,7.759603472170553,gnn_st,better than persistence
2026-09-20,2026-10-04,2,60636,2.7801990509033203,0.0,6.8228736173047935,0.0,0.0,0.4322266419617375,0.8512433854339512,1.163302714975771,1.4415056523190486,1.6440573582878606,1.875798323805704,2.013133953205512,2.14539192846764,2.2539745528783826,2.3563623049057005,2.467678148334504,2.6320839739583533,2.8801798827870337,3.2359838751118435,3.5697472699415536,4.117328311521146,4.737062849711939,5.4370234086903935,6.744011298821773,7.857946438598722,9.134177252051984,gnn_st,better than persistence
2026-09-20,2026-10-04,2,60637,3.9319701194763184,0.0,8.429170571639858,0.3116443596244154,0.7721272991966903,1.3200105353639595,1.7861381588606755,2.1332829351384586,2.442764778176616,2.668089772486083,2.925885832444316,3.078662377894709,3.225790378524381,3.346581161847751,3.460480571050785,3.5843118746045093,3.767202171903911,4.043191993750348,4.438999731643298,4.810288804134706,5.419435463688843,6.108847979980963,6.887506487023881,8.341441606937117,9.58061867449538,11.000338638854505,gnn_st,better than persistence
2026-09-20,2026-10-04,2,60638,2.856156349182129,0.0,6.951518467031154,0.0,0.0,0.4775831795160288,0.9020609033037396,1.218187253752107,1.5000159668864796,1.705207497865624,1.9399687074923309,2.07909421087797,2.21307588384604,2.32307364878219,2.4267958045226763,2.5395624100969982,2.70611091138112,2.957440215761591,3.3178813464073182,3.655994627864696,4.210712208343487,4.838523650778843,5.547606687304447,6.871628348166456,8.000081232080914,9.29294496404847,gnn_st,better than persistence
2026-09-20,2026-10-04,2,60639,2.928798198699951,0.0,7.009861158213726,0.0,0.061343739220637,0.5585299342867471,0.98152557321662,1.2965481529582883,1.5773928472741627,1.781867941927021,2.0158094712395505,2.15444921108484,2.287963080449549,2.3975767827772945,2.500936787507656,2.613309662930251,2.7792766519275887,3.029728427675863,3.3889110603794483,3.7258438026787033,4.278624559431934,4.9042439673263285,5.610851205541467,6.930249979629812,8.054762814777732,9.343112449413397,gnn_st,better than persistence
2026-09-20,2026-10-04,2,60640,1.656863808631897,0.0,5.195406431990886,0.0,0.0,0.0,0.0,0.241598615192031,0.4851089288626999,0.6624019147887751,0.8652441843294538,0.9854537066036227,1.101218771304535,1.1962608624554942,1.2858805977836023,1.383315068493076,1.5272190637177911,1.744376772964895,2.0558110899555246,2.347953328793514,2.827249602472417,3.3697016456770337,3.9823753180028687,5.12637844798042,6.101403003386753,7.218484543459449,gnn_st,better than persistence
2026-09-20,2026-10-04,2,60641,2.419276237487793,0.0,6.279592542165483,0.0,0.0,0.1772169214843639,0.5773325232204105,0.8753153803786049,1.1409690503428045,1.3343839889555098,1.555671508630038,1.686812158384877,1.8131041984544083,1.9167888429966964,2.0145580554471003,2.120852628086833,2.277842382967022,2.514747101920864,2.854501373574616,3.173209262078385,3.696089842303692,4.287869196059429,4.956255709510854,6.204287570453235,7.267974966459014,8.48663715080869,gnn_st,better than persistence
2026-09-20,2026-10-04,2,60642,1.787086844444275,0.0,5.394208543430368,0.0,0.0,0.0,0.065954528941011,0.3443929638119432,0.5926226532241845,0.7733516834159744,0.980125157642835,1.10266441246416,1.2206730734622293,1.31755713726989,1.4089137567508625,1.5082365658659165,1.6549295067165544,1.876295862446296,2.1937659630493056,2.4915700934691247,2.980155416030308,3.533120504760909,4.15766815984784,5.323842755742029,6.317763871071674,7.456495120522624,gnn_st,better than persistence
2026-09-20,2026-10-04,2,60643,2.502840042114258,0.0,6.419289412693223,0.0,0.0,0.2281788216535991,0.634112525759434,0.9364283675847248,1.2059449217755218,1.402172317357694,1.626677590694006,1.7597251636525486,1.887853623032964,1.9930459515383483,2.092236831337344,2.20007703904426,2.3593495903486272,2.599699153494445,2.944393810188114,3.2677360471485017,3.7982198618633554,4.398604310860415,5.076709868360545,6.342889427358724,7.422043958693802,8.658426775060756,gnn_st,better than persistence
2026-09-20,2026-10-04,2,60644,2.7527899742126465,0.0,6.817960404011672,0.0,0.0,0.3917520400339458,0.8131004437146707,1.1268962583319029,1.4066472834998314,1.610326108516584,1.8433566196108215,1.9814564667352697,2.1144504046122123,2.2236372478008883,2.3265947466246293,2.4385300180995517,2.603850696238548,2.8533271593470326,3.2111110582599625,3.546731712588024,4.09735982315824,4.720542935624526,5.424398494524398,6.738659248339393,7.858792990632216,9.142125516966797,gnn_st,better than persistence
2026-09-20,2026-10-04,2,60645,3.3357245922088623,0.0,7.624354400744204,0.0,0.3224285976266747,0.8449021682884781,1.2894117786501953,1.620456714551597,1.9155854443851483,2.1304603421092967,2.376300366146464,2.5219914586011933,2.662295973795099,2.777484736107822,2.8861017316539512,3.004190001300638,3.1785982334960177,3.441788231231957,3.819239243530068,4.173308714261364,4.754204440329525,5.411643462493936,6.154189435148403,7.5406941198432,8.722400776353721,10.076277132030532,gnn_st,better than persistence
2026-09-20,2026-10-04,2,60646,2.2255585193634038,0.0,6.022962224541358,0.0,0.0,0.0200386391651323,0.4136334507329966,0.7067600021715108,0.9680842437611908,1.1583470477792617,1.376028186007092,1.505031601782901,1.629265426952459,1.7312602953205878,1.8274361369638268,1.9319983987384168,2.086429649911961,2.3194734697770207,2.6536906758812537,2.967204497328252,3.4815635539442003,4.063698522489861,4.721192163515045,5.948884517942057,6.995236718109935,8.19403804135956,gnn_st,better than persistence
2026-09-20,2026-10-04,2,60647,2.566191911697388,0.0,6.506655527327653,0.0,0.0,0.2775832948099608,0.6860060369506571,0.9901755697142298,1.2613447015245256,1.4587752922248804,1.6846571503549874,1.818520522706855,1.9474346192628,2.0532719489197944,2.153071031166711,2.2615724758587685,2.421821628598533,2.6636449279684715,3.010453127100835,3.3357779812175,3.8695145300077662,4.473580318381128,5.1558437728659054,6.429787085032235,7.515558599994978,8.759522466726708,gnn_st,better than persistence
2026-09-20,2026-10-04,2,60649,3.677694797515869,0.0,8.08875111280256,0.1267165886821608,0.5783789506978176,1.1157674515311933,1.5729663732215968,1.91346157106901,2.217015271358994,2.438024152264569,2.6908821136631373,2.8407322154775745,2.9850419706766784,3.1035189995026107,3.2152366588812944,3.336695966595287,3.51608298958624,3.786786210303231,4.1750122278987085,4.539189236558008,5.136667656331225,5.812874435676594,6.576617693616315,8.002702601533862,9.218143160111069,10.610668305774109,gnn_st,better than persistence
2026-09-20,2026-10-04,2,60651,2.5673515796661377,0.0,6.533769970634573,0.0,0.0,0.2636685125915057,0.6747814256230618,0.9809544413921064,1.2539096914314514,1.4526407043984104,1.6800103856510251,1.8147554800778336,1.94451869915854,2.051053150875675,2.151509582869053,2.260725697431345,2.4220303682936466,2.6654464927773063,3.014539024356799,3.3420067058978886,3.8792588339612815,4.487303441416874,5.17406078200489,6.456395216558363,7.549318416827287,8.80147593939224,gnn_st,better than persistence
2026-09-20,2026-10-04,2,60652,2.6584508419036865,0.0,6.631169231581222,0.0,0.0,0.3511087558052943,0.7628746536120545,1.069533974509297,1.3429227687573937,1.5419694330252849,1.769700253360363,1.9046593680536368,2.034628694516901,2.14133235856671,2.241948348965051,2.351337935237318,2.5128988118545434,2.7567015625381805,3.1063485697885493,3.4343363795076645,3.9724418435985855,4.5814522292108055,5.269300370095891,6.55367158052271,7.648330708288975,8.902477075700382,gnn_st,better than persistence
2026-09-20,2026-10-04,2,60653,3.1162776947021484,0.0,7.326612992292304,0.0,0.1579933347822386,0.6709284713699843,1.1073229810801042,1.4323242614284672,1.7220650327298546,1.9330171099302484,2.174369004818466,2.317400317030538,2.455143390950439,2.568229232700117,2.674863283826634,2.7907956986355007,2.96201988187954,3.220405004147472,3.590965157655478,3.938570630026191,4.508861349644008,5.154297968007046,5.883287798868254,7.24448003854965,8.404613104220498,9.733772687436092,gnn_st,better than persistence
2026-09-20,2026-10-04,2,60654,1.5744335651397705,0.0,5.0708447585762855,0.0,0.0,0.0,0.0,0.1760191356063536,0.4166301094052655,0.5918121678090944,0.7922393089271129,0.9110175642637932,1.0254042796751643,1.119314758286945,1.2078674420063704,1.3041418154634803,1.4463324270340463,1.6609045619972984,1.9686308063438045,2.257294672424109,2.7308842358790617,3.2668776087560385,3.872256521448192,5.0026386518132,5.966054140125747,7.069835220762806,gnn_st,better than persistence
2026-09-20,2026-10-04,2,60655,1.6248068809509275,0.0,5.146876749866712,0.0,0.0,0.0,0.0,0.2161300823631262,0.4585067978188111,0.6349744428821301,0.8368724335903911,0.9565223520522208,1.0717485029440037,1.16634815063845,1.2555506848613405,1.3525315750205316,1.4957656630464229,1.7119124516969335,2.021896968141116,2.312679215628118,2.7897442515737985,3.3296710519719737,3.9394925831673286,5.078170107479435,6.04865569252795,7.160536953315841,gnn_st,better than persistence
2026-09-20,2026-10-04,2,60656,2.5583741664886475,0.0,6.49457001001082,0.0,0.0,0.2722442579396884,0.680224652337265,0.984064750198074,1.2549401886336295,1.4521569494777886,1.6777941632239128,1.811512553050234,1.9402870274603383,2.0460097285742056,2.145700722083052,2.254084652826368,2.414160245566315,2.6557216349599644,3.002154218808572,3.3271267254671963,3.8602852037109,4.46369675050902,5.145221270384715,6.417784821115514,7.50238037663812,8.744996951575844,gnn_st,better than persistence
2026-09-20,2026-10-04,2,60657,1.3882124423980713,0.0,4.798470298875343,0.0,0.0,0.0,0.0,0.0242556503937934,0.2589378483265536,0.4298033323711621,0.6252918475469765,0.7411433467073063,0.8527115157031424,0.944307992711498,1.0306786935985135,1.1245808178898045,1.2632677810067572,1.4725527502383997,1.7726964645695134,2.0542475072584905,2.5161675847796072,3.038953810354208,3.629415881013853,4.731944825016553,5.671621269319588,6.748204626889098,gnn_st,better than persistence
2026-09-20,2026-10-04,2,60659,2.6750476360321045,0.0,6.678895336083252,0.0,0.0,0.3496257464110455,0.7646181473768019,1.0736803803968806,1.3492113865497852,1.5498177348383029,1.7793330016637907,1.9153496250342337,2.046337361338236,2.153877130832829,2.2552815250611014,2.365528263048818,2.528355093649975,2.7740682267850065,3.126454987811576,3.457012834801401,3.999334769923581,4.613117221273895,5.306355182470221,6.600790431200936,7.704027056891566,8.968000627667431,gnn_st,better than persistence
2026-09-20,2026-10-04,2,60660,2.354351758956909,0.0,6.277440959067494,0.0,0.0,0.0758341468218164,0.4824560586232871,0.7852844375617876,1.055257921947883,1.251817995507687,1.4767038882783008,1.6099770260585609,1.7383227105446617,1.8436933789347785,1.9430524239443092,2.051075460670084,2.2106180378294185,2.4513750823381453,2.796654123902994,3.120544545489466,3.651927726381615,4.253330048972221,4.932585246077058,6.200911447514004,7.28189554472581,8.520374487037392,gnn_st,better than persistence
2026-09-20,2026-10-04,2,60661,1.74955952167511,0.0,5.333277682578961,0.0,0.0,0.0,0.0395941667159776,0.3162260519171567,0.5628451904597294,0.7424016240236182,0.9478335214248824,1.0695777234711414,1.1868207268556956,1.2830761925549194,1.373840076802232,1.4725184648692762,1.618259640264216,1.8381897383989048,2.153600046122865,2.449471979381361,2.9348872882426464,3.4842646578464165,4.104760155548664,5.263368438508852,6.250840846915217,7.382183839915198,gnn_st,better than persistence
2026-09-20,2026-10-04,2,60666,1.2644115686416626,0.0,4.606408816269778,0.0,0.0,0.0,0.0,0.0,0.1577408287633972,0.325186224807904,0.5167617909838141,0.6302943763840739,0.7396293678712427,0.8293924259558203,0.9140343084140246,1.0060568633454272,1.1419678321123272,1.3470636989288565,1.6411996585549775,1.9171151022936992,2.3697892673183887,2.8821112677353837,3.4607544959080863,4.54121493361045,5.462082569633048,6.517116754513172,gnn_st,better than persistence
2026-09-20,2026-10-04,2,60707,1.9360178709030151,0.0,5.607640828278875,0.0,0.0,0.0,0.1841088837292452,0.4675262549743786,0.7201946987932957,0.9041554607778356,1.114626384218291,1.239356842108906,1.3594756917200752,1.4580922016593054,1.551082427491961,1.6521812915087744,1.8014973429920316,2.026822092616201,2.3499690798614816,2.653098437087801,3.1504204674082,3.7132734798200993,4.348989072403791,5.536016784775447,6.5477108415328615,7.706804475368565,gnn_st,better than persistence
2026-09-20,2026-10-04,2,60601,2.3103995323181152,0.0,6.218608320101964,0.0,0.0,0.020304431230675,0.4202655784984122,0.7061158606224001,0.950509580737316,1.1069617378153611,1.287655253951271,1.4691608064963169,1.6097809100228035,1.7238672443090728,1.8713199515270809,2.0095094108152627,2.219651772370787,2.5275277437647587,2.9049917390929103,3.2872522152448305,3.712777923737845,4.273885095460384,4.938821424052659,6.133403815461317,7.204005709913705,8.211750031752704,lstm,better than persistence
2026-09-20,2026-10-04,2,60602,1.5684895515441897,0.0,5.084701242711233,0.0,0.0,0.0,0.0,0.1251170735953857,0.34499786875709,0.4857577241531654,0.6483275070012936,0.8116278782264766,0.938143650254442,1.0407870155919536,1.173450074596074,1.297778998338321,1.4868438791145555,1.763839594755111,2.1034435886656007,2.4473629717645373,2.830208042829361,3.335035626088351,3.933278202018805,5.008042831754784,5.9712623275058565,6.877928925573358,lstm,better than persistence
2026-09-20,2026-10-04,2,60603,1.4105777740478516,0.0,4.83757225114493,0.0,0.0,0.0,0.0,0.0038281398462947,0.2181298761529548,0.3553182167329922,0.513763099150892,0.6729200326490745,0.7962257065067276,0.8962646907936949,1.025561675859753,1.1467359885663604,1.3310037059682458,1.6009711797879669,1.931958365359005,2.2671514452885875,2.640282547553801,3.1323010867278795,3.7153643900062825,4.762858902221506,5.701638527027191,6.585300176850797,lstm,better than persistence
2026-09-20,2026-10-04,2,60604,1.9749994277954104,0.0,5.711092891113382,0.0,0.0,0.0,0.1681059138832494,0.4413675098013676,0.6749982674649215,0.8245603592365673,0.9972962342004332,1.1708083839451229,1.3052356569297667,1.4142976929993742,1.5552566656386335,1.6873603385948537,1.88824814833211,2.182565434510145,2.5434061270523336,2.9088320660912363,3.3156178608890623,3.852014187269094,4.487667092646483,5.629640745100046,6.653093932192318,7.616457758937472,lstm,better than persistence
2026-09-20,2026-10-04,2,60605,2.0841281414031982,0.0,5.877079834038621,0.0,0.0,0.0,0.2497361811125054,0.527156444536379,0.7643427425859721,0.9161809647046348,1.0915456432802082,1.2676984104763642,1.4041714825795055,1.5148932935764692,1.6579974688637262,1.7921115789260755,1.996056626193728,2.294853018666587,2.661185212704943,3.0321724344163536,3.4451489522864964,3.9897084966453606,4.635035169291985,5.794388097837863,6.83341684174602,7.811441747480502,lstm,better than persistence
2026-09-20,2026-10-04,2,60606,3.13397216796875,0.0,7.435691825297972,0.0,0.1826123166165758,0.6132913015078252,1.0535238537572136,1.368155912696709,1.6371572191858383,1.8093622768168092,2.0082495145568746,2.2080305512655536,2.3628094529062134,2.488382945388473,2.650682413919629,2.8027859339039733,3.034087171024824,3.372962648277864,3.7884328487729295,4.209182479555882,4.677553645048636,5.295157739797104,6.027045371931436,7.341908224572404,8.52030719571623,9.629519572590011,lstm,better than persistence
2026-09-20,2026-10-04,2,60607,2.131533622741699,0.0,5.948920676915945,0.0,0.0,0.0,0.2853239451727598,0.5645314352697597,0.803245760411327,0.9560621710632332,1.1325566028414251,1.3098442003495148,1.4471964739630865,1.5586315889251907,1.7026576853293576,1.8376357997430397,2.042894723739919,2.3436160544846647,2.712308273203013,3.0856855087146,3.501322548346935,4.049390312800366,4.698874378378566,5.865696215114103,6.911418701802038,7.8957443448256335,lstm,better than persistence
2026-09-20,2026-10-04,2,60608,2.417290687561035,0.0,6.3787811458088655,0.0,0.0,0.0959740987964972,0.5013880248701483,0.7911353814241855,1.038860987414629,1.1974460991861051,1.3806030590386928,1.564583126013039,1.7071203415526115,1.822762045778912,1.972225015749404,2.1122984494184847,2.325305738787979,2.637379066808052,3.019989131167612,3.4074610680750057,3.8387880839712345,4.407544981960228,5.081546567877117,6.292415025045635,7.377612725514486,8.39909589903306,lstm,better than persistence
2026-09-20,2026-10-04,2,60609,3.390819549560547,0.0,7.808097936609267,0.0,0.3601761970656851,0.8024246751771913,1.2544833617569364,1.5775675012494108,1.8537950920497,2.030626159578179,2.2348561807587,2.4400040113691537,2.5989407974573737,2.727887618383519,2.894546999208276,3.0507365338461563,3.288251303989479,3.636230121953653,4.062861256314718,4.494913644305566,4.975866842388325,5.610061870610827,6.361610478309375,7.711794991381576,8.921849741854519,10.060859312286068,lstm,better than persistence
2026-09-20,2026-10-04,2,60610,1.468273401260376,0.0,4.928131566837056,0.0,0.0,0.0,0.0,0.0480335259580064,0.2643903415913733,0.4028942707776912,0.5628585846658687,0.7235417779572341,0.8480299104621091,0.9490282339127062,1.0795651322225586,1.2019014645621515,1.3879362454658937,1.6604926137289906,1.994653851616144,2.3330613169300465,2.7097706170560523,3.206507443378145,3.795162121516032,4.85270174280966,5.800483938628165,6.69261959720062,lstm,better than persistence
2026-09-20,2026-10-04,2,60611,1.6247365474700928,0.0,5.1721848377088415,0.0,0.0,0.0,0.0,0.1685417336198189,0.3903758606185363,0.532386169501085,0.6964001563886792,0.8611512219042645,0.9887909087571002,1.092346116137135,1.2261876999713013,1.3516211114648715,1.5423655679885455,1.8218220012633035,2.164442899368606,2.511417522830299,2.8976636342879614,3.406975901122235,4.01053302154923,5.0948454245094,6.066621771738558,6.981342828269606,lstm,better than persistence
2026-09-20,2026-10-04,2,60612,2.218616247177124,0.0,6.080487567023946,0.0,0.0,0.0,0.3508925652332673,0.6333536788143377,0.874849757890926,1.029446948357427,1.207998081507927,1.3873516232014191,1.5263044720103929,1.639038147791423,1.7847425898926086,1.9212936132663592,2.128944433179782,2.4331700896270085,2.8061587033338986,3.183886928646854,3.6043674143935034,4.158821849020674,4.8158743956864,5.996293285023965,7.054201645519679,8.049997700841317,lstm,better than persistence
2026-09-20,2026-10-04,2,60613,2.0088462829589844,0.0,5.762666764528058,0.0,0.0,0.0,0.1933794197413509,0.4679375874250653,0.7026768764317943,0.8529486104959954,1.0265040827312273,1.200839513016276,1.3359046165972477,1.4454841302735826,1.5871119251211638,1.7198424036550617,1.9216833859787643,2.2173971489727347,2.579949958624744,2.9471097708534826,3.3558256831067395,3.894767103061362,4.53343605468214,5.680828144329013,6.709137412647534,7.677072208590016,lstm,better than persistence
2026-09-20,2026-10-04,2,60614,1.4173238277435305,0.0,4.848177139305987,0.0,0.0,0.0,0.0,0.0089901775743688,0.223533220055164,0.3608760362552865,0.5194993293993265,0.6788354754012031,0.8022799928395036,0.9024316221520252,1.0318741970827818,1.1531849534333216,1.337660158365029,1.6079316186076835,1.9392914994858823,2.2748620106071504,2.6484132627054464,3.140985820308576,3.724705659448132,4.7733796623083045,5.713216363568535,6.597873026384681,lstm,better than persistence
2026-09-20,2026-10-04,2,60615,3.330939769744873,0.0,7.721549410086962,0.0,0.318593534353337,0.7581719945011285,1.2075014352528828,1.5286349960572858,1.803194898519427,1.9789583713580157,2.1819553802111447,2.385864657338529,2.5438418831456997,2.672010204325035,2.8376634007022523,2.9929099612342456,3.2289907666850537,3.574868707561026,3.998924111650528,4.428368039252485,4.906417544632738,5.536783702431347,6.283794932654389,7.625827881430369,8.828577082917281,9.960710030444709,lstm,better than persistence
2026-09-20,2026-10-04,2,60616,3.7919960021972656,0.0,8.383953776282041,0.1791690466254309,0.6415071528256728,1.1012441581037358,1.5711793123536189,1.9070396761413708,2.194190569033037,2.378014345595968,2.590320555730024,2.80358086967589,2.968802743082304,3.1028487109641105,3.2760985658173167,3.438464548888238,3.6853717391657073,4.047111230851902,4.490613311191646,4.93975102632035,5.43972331318874,6.098997312914605,6.880265589290929,8.283842572219802,9.541748420941932,10.725799638323904,lstm,better than persistence
2026-09-20,2026-10-04,2,60617,3.2633068561553955,0.0,7.6235985693123585,0.0,0.2717613981734117,0.7083044922015516,1.1545312346078012,1.473447312030464,1.7461113303642783,1.920661125693857,2.1222564047105053,2.324757652629481,2.4816440180729966,2.60892731458668,2.773436646681452,2.927611202570923,3.162061828785641,3.5055514220093715,3.92667864939523,4.353157191596603,4.827905681563909,5.453919050834815,6.195772037911784,7.528538014546314,8.722982022518048,9.84729739410986,lstm,better than persistence
2026-09-20,2026-10-04,2,60618,1.6536719799041748,0.0,5.217082813841721,0.0,0.0,0.0,0.0,0.1909246890483851,0.4137570087355893,0.556406325032976,0.7211583298474591,0.8866507299414658,1.014864760354064,1.118885937746288,1.253329771974504,1.3793275993942389,1.5709303536219104,1.8516442641487916,2.1958068622622875,2.544342776301385,2.932326889254263,3.4439309215070897,4.050203883328036,5.139395394508902,6.11554446859381,7.0343815188314505,lstm,better than persistence
2026-09-20,2026-10-04,2,60619,2.840299367904663,0.0,7.005965890259441,0.0,0.0,0.3993416264892766,0.8256506728799597,1.1303316700599453,1.390825106679472,1.5575837289740002,1.7501806376465168,1.9436430765576032,2.093526690621762,2.21512859297662,2.372294916333909,2.5195877646838847,2.743573495230488,3.071731149213087,3.4740610179876734,3.8815033412593545,4.335061043655239,4.933131793612068,5.641871565185277,6.915148441190494,8.056277462861527,9.130408097258435,lstm,better than persistence
2026-09-20,2026-10-04,2,60620,2.471560478210449,0.0,6.45983018071658,0.0,0.0,0.1345520419994672,0.5427065220808756,0.834412539223935,1.0838127433439897,1.2434698732078011,1.427864954170914,1.6130887063703263,1.7565894579706476,1.8730128875290069,2.023486210906277,2.164506525738864,2.378953721196974,2.693136630942821,3.0783330976873318,3.468424302708845,3.9026670422791874,4.475268674984916,5.153826438252219,6.372880234378622,7.46541375317032,8.493802041745386,lstm,better than persistence
2026-09-20,2026-10-04,2,60621,2.8628182411193848,0.0,7.039074245082363,0.0,0.0,0.4156553757531496,0.8430481363062454,1.1485036587149526,1.409659291994086,1.5768418290101411,1.7699283355444255,1.9638825725693871,2.114147203636704,2.236058228457702,2.393624082089844,2.54129136149431,2.765846482980249,3.094838341866863,3.4981909676775573,3.9066690442831966,4.3613797292623016,4.960970826364799,5.671512275229217,6.948025930268052,8.092055799792057,9.168916966394727,lstm,better than persistence
2026-09-20,2026-10-04,2,60622,1.887182593345642,0.0,5.576885569330087,0.0,0.0,0.0,0.1027249931741756,0.3725935426579254,0.6033233437981678,0.7510283465028429,0.9216193871636504,1.0929770637229193,1.2257351743148384,1.3334430041654284,1.4726517113204405,1.6031150736615332,1.8015084909312096,2.092171285466962,2.448531475649894,2.8094199780419977,3.211154777342439,3.740890754555888,4.368650857372273,5.496444801855597,6.507189931031647,7.458591820035954,lstm,better than persistence
2026-09-20,2026-10-04,2,60623,3.084473133087158,0.0,7.363563933356895,0.0,0.148638677513289,0.5770521095642871,1.0149688531856516,1.3279458149883676,1.59553206131592,1.7668312478198849,1.9646722549284144,2.163402359246561,2.317367058679719,2.442279981706459,2.603725686680996,2.755029078092083,2.985113573293554,3.322206422819411,3.735491075085304,4.154027385612345,4.619934721520885,5.234289958628059,5.962327553584132,7.2702736738679485,8.44247377014283,9.545851222771349,lstm,better than persistence
2026-09-20,2026-10-04,2,60624,2.592381238937378,0.0,6.639633238794801,0.0,0.0,0.2208109157982232,0.6350015696354574,0.931021610735192,1.1841101805115706,1.3461284707307026,1.5332505602230149,1.721213576124148,1.866836552306148,1.9849817614464031,2.137680426379009,2.2807862827527816,2.498404925778922,2.8172342689878023,3.208127384714179,3.603987626727911,4.0446523578631375,4.625722164058453,5.3143150800983765,6.551397394568252,7.660088330405024,8.703685395806595,lstm,better than persistence
2026-09-20,2026-10-04,2,60625,2.037601947784424,0.0,5.806417467039317,0.0,0.0,0.0,0.2148830078718691,0.4905379275424142,0.7262149077632758,0.8770869183528114,1.0513356764975657,1.2263675083180454,1.3619721439113175,1.4719893846833512,1.6141829269159036,1.7474436115524756,1.950090869283153,2.246985892553709,2.6109869582079765,2.9796134296038543,3.389962001313556,3.931056280453201,4.5722764635581,5.724251933712683,6.756668893463659,7.7284702085467964,lstm,better than persistence
2026-09-20,2026-10-04,2,60626,2.503915309906006,0.0,6.508065179480781,0.0,0.0,0.1576015640805455,0.567381200386829,0.8602487087610982,1.110641954275994,1.2709347938798832,1.456064084139446,1.6420253451708615,1.7860974763617998,1.9029844712379531,2.0540569370235477,2.195638755045903,2.4109398188592888,2.7263737164943818,3.1131039271184267,3.5047483654891938,3.940720137388616,4.515601708581311,5.19686129781581,6.420769022937032,7.51765270260065,8.550135743800833,lstm,better than persistence
2026-09-20,2026-10-04,2,60628,2.146103382110596,0.0,5.970969120171266,0.0,0.0,0.0,0.2962767753776358,0.57603126386058,0.815213256794687,0.9683290517143408,1.145169255625212,1.322804179165462,1.4604255410901898,1.5720789697801982,1.7163872292532694,1.8516297807373767,2.057290829691892,2.358601306818346,2.728015834413433,3.1021245572683656,3.518575875879171,4.067717365763248,4.718473842534444,5.887581612434444,6.935352785252414,7.921606831191671,lstm,better than persistence
2026-09-20,2026-10-04,2,60629,3.131080150604248,0.0,7.4314809756428515,0.0,0.1806251347558398,0.611172080974788,1.051269665594592,1.3658052638271962,1.634724099203032,1.8068763617639605,2.005702624142492,2.205422411466447,2.3601538605928445,2.485688854430394,2.647938564772524,2.799995452468004,3.0312257766599155,3.369997360596445,3.7853401851674966,4.205960821445101,4.674188392499758,5.291603140594362,6.023266388733629,7.337726127335112,8.515763821887672,9.624636133574436,lstm,better than persistence
2026-09-20,2026-10-04,2,60630,2.3885393142700195,0.0,6.335768883881398,0.0,0.0,0.0755791857093419,0.4795336704660602,0.7682379714257261,1.0150717950638806,1.1730860195286197,1.355583636380138,1.5389013972668888,1.6809254959937912,1.7961509040095915,1.9450758252854092,2.084645011459884,2.2968855002364026,2.607835401853154,2.98906811605208,3.375145200643098,3.804919491219294,4.371628932861006,5.043204194226856,6.249713670753348,7.331004790171952,8.348810747265272,lstm,better than persistence
2026-09-20,2026-10-04,2,60631,2.2864584922790527,0.0,6.182633596535463,0.0,0.0,0.003414774879292,0.4021444101857092,0.687114536714617,0.9307557492631132,1.086726177792943,1.2668633243215182,1.4478100069349915,1.5879971300565616,1.7017321835090389,1.8487308721957252,1.9864948352245728,2.195990151851849,2.5029181488138925,2.8792199026883685,3.260303368643332,3.6845188498719272,4.243898328296558,4.906787265416506,6.097691443294045,7.164996869957407,8.169638267437943,lstm,better than persistence
2026-09-20,2026-10-04,2,60632,3.239164352416992,0.0,7.588582478985958,0.0,0.255079135792517,0.6905335895542306,1.1356475428535515,1.4537683153263878,1.7257523709403142,1.8998668783492003,2.100959424093324,2.3029556794571504,2.4594508056003277,2.5864166862077145,2.750515769038276,2.9043058482703543,3.138171807368176,3.4808048148220325,3.900881845644728,4.326296846307686,4.799861420346248,5.424313653109825,6.164316625733356,7.493758983857514,8.685224317190116,9.806735899184927,lstm,better than persistence
2026-09-20,2026-10-04,2,60633,3.30802583694458,0.0,7.68838731129603,0.0,0.3027107491089364,0.7412631847647959,1.1895438411630073,1.5099278409028034,1.7838468903433158,1.9592001118973923,2.1617233033964998,2.365156633835335,2.522765123415549,2.6506342856311464,2.815900829221526,2.9707850271997667,3.206314794075149,3.5513854177808524,3.9744510298992335,4.402892588123303,4.879826273359158,5.508721087187526,6.253988711007061,7.592889207219372,8.792831059733903,9.922321484395454,lstm,better than persistence
2026-09-20,2026-10-04,2,60634,2.3283731937408447,0.0,6.24559193771411,0.0,0.0,0.0329985240195869,0.4338817388149378,0.7203910181057915,0.9653481617302412,1.1221610024763184,1.3032710881335867,1.4851950822628384,1.626139370355944,1.7404887184497009,1.8882813620693144,2.0267894023345208,2.2374162245660134,2.546001970991121,2.924336169075998,3.3074779057567416,3.733984618131375,4.296385362257362,4.96285463023816,6.160191003226533,7.233261055520302,8.243328623808745,lstm,better than persistence
2026-09-20,2026-10-04,2,60636,3.1989424228668213,0.0,7.530184296758668,0.0,0.2273277219134182,0.6609624080761969,1.104216226651781,1.4210075699058022,1.6918550020047836,1.8652418835130729,2.0654940619214823,2.2666461733399625,2.4224873051159066,2.5489225943062035,2.712335905774524,2.86548329505176,3.098371926460811,3.439573067872412,3.857894593467996,4.281531781485752,4.753117325431971,5.374959967386569,6.111870461747304,7.435757069764725,8.622243260066128,9.739068036308666,lstm,better than persistence
2026-09-20,2026-10-04,2,60637,4.183005332946777,0.0,8.939045770583052,0.4410826193158366,0.9199412754991,1.3961058866199123,1.882833053253048,2.2306945864293084,2.52810613189334,2.718498412864731,2.9383908792670663,3.1592715421062847,3.3303972252599245,3.469233006230282,3.6486735316085217,3.8168412759941455,4.072571106074486,4.447236496087233,4.9065860659321,5.371772646539415,5.889610251114837,6.572441835471766,7.381626871113512,8.835357331314821,10.138211446617316,11.364571911402624,lstm,better than persistence
2026-09-20,2026-10-04,2,60638,3.021390676498413,0.0,7.271468245045828,0.0,0.1054618619435601,0.5309705511981986,0.9659181173585538,1.2767730225047584,1.5425449717928748,1.712682709936928,1.909182308963382,2.106564976913406,2.259485759844154,2.383551744175258,2.543902809688369,2.694180328884941,2.922704797649354,3.2575120791861853,3.667994565304373,4.083693102218206,4.546441477934317,5.156631243522895,5.879732574110916,7.178810515232535,8.343062821987267,9.438959118640248,lstm,better than persistence
2026-09-20,2026-10-04,2,60639,2.809997320175171,0.0,6.961371700039866,0.0,0.0,0.3774143528002325,0.8022607593941076,1.1058964150417478,1.3654961148981617,1.5316825987417375,1.723618719411392,1.9164174007392545,2.0657867734550868,2.1869714672537155,2.3435985627405045,2.490386058498022,2.7136033079481336,3.0406350734505194,3.441584573493791,3.847628987521072,4.299630561677855,4.8956493681265645,5.601957497668575,6.870865839984518,8.008079719027169,9.078525078091216,lstm,better than persistence
2026-09-20,2026-10-04,2,60640,1.6232045888900757,0.0,5.169805755085424,0.0,0.0,0.0,0.0,0.1673575116486998,0.3891386650711304,0.5311150621564593,0.6950898828095157,0.8598016060775597,0.9874108128109466,1.090941291400365,1.2247509141136366,1.3501543723422036,1.5408532794449852,1.820242979044058,2.162782059917139,2.509673826485105,2.8958277030908643,3.405018347104582,4.008431339215546,5.092484810393783,6.064029099241481,6.978531722088203,lstm,better than persistence
2026-09-20,2026-10-04,2,60641,2.295698642730713,0.0,6.196522599385213,0.0,0.0,0.0099308349149485,0.4091362278995198,0.694446376121665,0.9383782973793235,1.094534827273003,1.2748869104980096,1.4560494957331274,1.5964038878367288,1.710274648094429,1.8574487332117515,1.995377073947647,2.205122356959655,2.5124165753867342,2.889167326358131,3.2707054948706458,3.695427143071836,4.255474063939408,4.919153949295136,6.111479094556089,7.180058012594831,8.185898131756225,lstm,better than persistence
2026-09-20,2026-10-04,2,60642,2.359147548675537,0.0,6.291745135526583,0.0,0.0,0.0547613305321772,0.4572183966683967,0.7448524998399741,0.9907713353355728,1.148199816972974,1.3300209335256168,1.5126591539220935,1.6541567836085018,1.7689550626332196,1.9173279342138616,2.056379751461608,2.267833486106386,2.577630727732239,2.957450250627376,3.342096186321105,3.770277346855168,4.334886053631075,5.003971853091233,6.206008920412893,7.28329180247433,8.297324855317996,lstm,better than persistence
2026-09-20,2026-10-04,2,60643,2.038081645965576,0.0,5.807146804551497,0.0,0.0,0.0,0.2152419725402012,0.4909151510799825,0.7266077421057191,0.8774897461766553,1.051750046235094,1.2267934718386022,1.3624070896307483,1.4724316177402086,1.6146345786085574,1.747904090185051,1.9505647708932123,2.2474794599379657,2.61150463634588,2.980155524873678,3.3905312773096337,3.931661397528041,4.572924053865375,5.72497582873274,6.757461173863116,7.72932685925808,lstm,better than persistence
2026-09-20,2026-10-04,2,60644,2.8930063247680664,0.0,7.083416267487125,0.0,0.0180147746849406,0.4375496686740407,0.8663909254284996,1.1728816810108382,1.4349224086988706,1.6026715516384529,1.796412456414971,1.991024032546953,2.1417979322949527,2.2641221313029183,2.4222219985204925,2.570389743803244,2.795705915242505,3.1258127753688685,3.5305324218692453,3.940394890062468,4.396646655660391,4.998269854161611,5.711219431297223,6.992059376696988,8.139966529771858,9.220477335425972,lstm,better than persistence
2026-09-20,2026-10-04,2,60645,3.471418857574463,0.0,7.924341704431917,0.0,0.4163202555555187,0.8621373808570545,1.317843876398133,1.6435350871720429,1.9219916484821404,2.100249623560285,2.306127643382469,2.5129308787381803,2.673150177583681,2.803137512458289,2.971141722175645,3.128591601102957,3.3680229553817003,3.718809727906217,4.1488834880176695,4.584422247622351,5.069256413902453,5.708568968622867,6.466182067121896,7.827261659334159,9.04708073619551,10.19528134628941,lstm,better than persistence
2026-09-20,2026-10-04,2,60646,2.455249309539795,0.0,6.435489259302992,0.0,0.0,0.1229460716480566,0.5302787969835623,0.8213975100158157,1.0702955861148231,1.2296312714996804,1.4136551020164616,1.5985059353705549,1.7417177708143154,1.8579068001383447,2.0080771691842245,2.14881356182892,2.3628290016425053,2.6763793535952507,3.060800287936958,3.450106105771254,3.883474565995099,4.454923355519751,5.132114949629184,6.348714372984087,7.439048247650978,8.465366038416985,lstm,better than persistence
2026-09-20,2026-10-04,2,60647,2.087684154510498,0.0,5.882474268286392,0.0,0.0,0.0,0.2524030753401061,0.5299578027167013,0.7672590635551457,0.9191708807575574,1.094620557550485,1.2708587049458655,1.4073979247358723,1.518173401936506,1.6613469389669269,1.7955260533412618,1.9995699515610943,2.298511168869368,2.6650209219447296,3.0361879589573904,3.449364644091052,3.994188133224255,4.639827591873351,5.799742451892609,6.839274806857049,7.817773755450053,lstm,better than persistence
2026-09-20,2026-10-04,2,60649,3.339003324508667,0.0,7.733213672570972,0.0,0.324186685406886,0.7641256407215788,1.213823573350035,1.5352204935023028,1.8100055605865444,1.9859131757983848,2.189076661053844,2.3931531627282774,2.5512599445340847,2.6795333756415083,2.845322423026202,3.0006963001576734,3.23697071379696,3.5831323067108,4.0075354756194,4.43733158713024,4.91577313750781,5.546656254106422,6.294280102923255,7.637413643369931,8.841149210917603,9.974210612618457,lstm,better than persistence
2026-09-20,2026-10-04,2,60651,2.945552349090576,0.0,7.160485574813396,0.0,0.0537356596106199,0.4757257723195791,0.9070767108585972,1.215361123777551,1.4789353765887687,1.6476662277053975,1.8425409506768389,2.038291440381128,2.189947705115762,2.312987774645105,2.472012880166242,2.6210477385952653,2.8476825142553683,3.179721238820539,3.5868094016627494,3.999070483222568,4.457992343470338,5.06313638507764,5.780258313960815,7.068594041609315,8.223219022381642,9.310053236159996,lstm,better than persistence
2026-09-20,2026-10-04,2,60652,2.2036893367767334,0.0,6.057972029124375,0.0,0.0,0.0,0.3396357562215035,0.6215418300313227,0.8625633661636116,1.0168567711350234,1.1950570489807204,1.3740581586261598,1.5127379632753906,1.6252501159135555,1.7706682468861437,1.90695094571845,2.1141937290631443,2.417821578128595,2.790077264346081,3.1670632487710257,3.586717484880456,4.140082409313948,4.795843839158042,5.97394318998635,7.02977274675942,8.023612049847976,lstm,better than persistence
2026-09-20,2026-10-04,2,60653,3.6449570655822754,0.0,8.17367371322994,0.0818865009733915,0.5378572179097518,0.991262656673268,1.454725793981949,1.7859606388131923,2.0691568468368096,2.2504489749683523,2.4598312723534184,2.670154533490484,2.833100946646536,2.965300813492518,3.1361646455391083,3.2962945001067534,3.539801247782879,3.89655880930845,4.3339529129380905,4.7769050365549495,5.269991630617683,5.920186010620418,6.690694543924524,8.074941255581617,9.315523037589983,10.483267325241666,lstm,better than persistence
2026-09-20,2026-10-04,2,60654,2.0372745990753174,0.0,5.805919753568501,0.0,0.0,0.0,0.2146380529748968,0.4902805119971389,0.7259468387242518,0.8768120293264459,1.05105291076617,1.2260768304837175,1.3616753362329284,1.4716876038082338,1.613874718353144,1.7471293791011318,1.9497674764068436,2.246649078895821,2.6106336903207703,2.97924349840144,3.389573520798691,3.930643340423812,4.571834537943415,5.7237579344357385,6.756128225022772,7.727885610999106,lstm,better than persistence
2026-09-20,2026-10-04,2,60655,1.806712865829468,0.0,5.4533884526731935,0.0,0.0,0.0,0.0430646782495947,0.3097861616494193,0.5378253123485179,0.6838078564513026,0.8524095534879194,1.0217689463155288,1.15297890115529,1.259430698545097,1.3970160264596876,1.52595799320428,1.7220378500536782,2.009311086879604,2.3615155906354546,2.7181955997884257,3.115245577667366,3.638804050571727,4.259243542919814,5.373885743418413,6.37284409076454,7.313151227813512,lstm,better than persistence
2026-09-20,2026-10-04,2,60656,3.4306647777557373,0.0,7.865600233981408,0.0,0.3879071153539963,0.8319233815212228,1.2857890702415582,1.6101646653546973,1.8874964133422816,2.065034322984479,2.270080707385975,2.4760485699525785,2.6356206698201947,2.7650829264372208,2.9324084903635086,3.0892223572657773,3.327686538870072,3.6770563232897273,4.105392818914537,4.53917223840179,5.022047937885938,5.658778016993581,6.41333076991306,7.768912339557214,8.9838040096365,10.127366512669552,lstm,better than persistence
2026-09-20,2026-10-04,2,60657,1.4153238534927368,0.0,4.845033605360015,0.0,0.0,0.0,0.0,0.007459624034239,0.2219311557991914,0.359228193385434,0.5177986147835019,0.6770816514338541,0.8004850227892668,0.9006032699206553,1.0300026995175575,1.1512730210027868,1.335686737322198,1.605868111653092,1.9371175448467173,2.272576204811273,2.646002946148778,3.138411321237335,3.7219365969780234,4.77026105958854,5.709784497857319,6.594146290094109,lstm,better than persistence
2026-09-20,2026-10-04,2,60659,3.3626868724823,0.0,7.767455877050937,0.0,0.340626061891121,0.7816221273450616,1.2324006195339687,1.5545698103363152,1.83001514648066,2.006345442433465,2.20999710037196,2.414563968576786,2.5730506582768857,2.701632312020613,2.867819726680696,3.023566944928942,3.260409092057808,3.60740246157444,4.0328254103583205,4.463654260211148,4.943245436935354,5.575644475075306,6.32506475665032,7.671425654135551,8.87805362540891,10.013837610962952,lstm,better than persistence
2026-09-20,2026-10-04,2,60660,2.2230708599090576,0.0,6.0872039537115405,0.0,0.0,0.0,0.3542533122119629,0.6368798541921883,0.8785173697633699,1.0332051028373417,1.2118608076499366,1.3913193909504271,1.5303536199785928,1.6431533202515576,1.7889430967632074,1.92557409368416,2.1333465280112835,2.4377503596511585,2.810957420805509,3.1889068694041653,3.609633617061882,4.164412777837591,4.8218501390697455,6.002960361825634,7.061488305259015,8.05786756633676,lstm,better than persistence
2026-09-20,2026-10-04,2,60661,1.915975570678711,0.0,5.6209528486331335,0.0,0.0,0.0,0.1241308327308308,0.3951165598692168,0.6268015155785471,0.7751179742265522,0.9464152124011936,1.1184822601249371,1.2517899508547004,1.3599436599341543,1.4997286508290162,1.630732093714637,1.829946802287152,2.1218128566310983,2.479648274817575,2.8420307511145992,3.245428616162149,3.777357546936626,4.407716394811226,5.5401790796728605,6.555108401023241,7.510448818370356,lstm,better than persistence
2026-09-20,2026-10-04,2,60666,1.190152645111084,0.0,4.488578235036453,0.0,0.0,0.0,0.0,0.0,0.0424412357828272,0.1744827480270774,0.3269833307541947,0.4801692508870867,0.5988489256730213,0.69513479597935,0.8195810088612984,0.9362092837372054,1.113563918691377,1.3734031539295872,1.6919728540330057,2.014590657999288,2.373723181945219,2.8472829005777927,3.4084717011238,4.416667870533386,5.320227756157297,6.17073750109357,lstm,better than persistence
2026-09-20,2026-10-04,2,60707,2.030634641647339,0.0,5.795822444882514,0.0,0.0,0.0,0.2096701804732583,0.4850597653820212,0.7205098920590418,0.8712366790877673,1.0453177121188597,1.220181065069251,1.355655172886256,1.465566515318412,1.6076231875480622,1.7407556006048808,1.9432077979248097,2.2398170415315453,2.603467733841636,2.9717393796567064,3.381692965705885,3.92226640842502,4.562869377787688,5.713736000919631,6.745159196044883,7.716025092776897,lstm,better than persistence
2026-09-20,2026-10-04,2,60601,2.4595541954040527,0.0,6.336905860214065,0.0,0.0,0.0805025811534889,0.5369005545735721,0.8304316746115146,1.0405230282559197,1.2651910566957976,1.4701646973680835,1.6799062073841171,1.862022931171111,1.9971643388044884,2.1441057438110507,2.3198018375008163,2.4849741870067263,2.725032206299642,2.976425689001517,3.3171347482020064,3.785424250036433,4.2605444708448506,4.926439323041702,6.22257854225194,7.285629995831311,8.55656723681312,colagnn,better than persistence
2026-09-20,2026-10-04,2,60602,1.2057920694351196,0.0,4.496167982436671,0.0,0.0,0.0,0.0,0.0,0.0015819858982477,0.1922384785525821,0.3661820329093861,0.5441716691801386,0.6987185179331116,0.8134014435397001,0.9380980151827288,1.0871962256783183,1.2273638367930433,1.4310804951433953,1.644416589383987,1.9335471554632029,2.330944304432664,2.7341380989281125,3.299225966027113,4.399148190129779,5.301268812534103,6.379804278537056,colagnn,better than persistence
2026-09-20,2026-10-04,2,60603,1.1036274433135986,0.0,4.341487407385737,0.0,0.0,0.0,0.0,0.0,0.0,0.1062506449992557,0.2774179783227403,0.4525668161876253,0.6046470244621525,0.7174995565746624,0.8402059122176886,0.9869244450670512,1.1248549151068696,1.3253201596647357,1.5352513093864748,1.8197672154865216,2.210821718833788,2.607580350514948,3.16364914916893,4.246016096648321,5.1337384491324345,6.195059981241888,colagnn,better than persistence
2026-09-20,2026-10-04,2,60604,1.5177795886993408,0.0,4.963576783652364,0.0,0.0,0.0,0.0,0.0699806017439521,0.2566885043678031,0.4563506782221549,0.6385104762301802,0.8249074732933478,0.9867543600935954,1.106854346785907,1.2374409752285656,1.3935818567212073,1.540370300951518,1.7537095389197712,1.977122587930904,2.279910269312301,2.696078517988833,3.118317217404643,3.71009707442878,4.861974250377967,5.806706643387261,6.936186855275919,colagnn,better than persistence
2026-09-20,2026-10-04,2,60605,2.1443512439727783,0.0,5.882816325137526,0.0,0.0,0.0,0.2905669806949162,0.5735838275949243,0.7761497172413376,0.9927701457672002,1.190401638718227,1.3926302161212336,1.5682235260479365,1.6985241737921457,1.8402021434692235,2.0096048100154427,2.168860692479238,2.4003198429930235,2.6427084210637224,2.971213295206969,3.422728685562933,3.880830118808758,4.522872643674057,5.772584207193804,6.797557199650663,8.022969518807733,colagnn,better than persistence
2026-09-20,2026-10-04,2,60606,2.7565951347351074,0.0,6.760423797923524,0.0,0.0,0.2999402146279801,0.7712256294602124,1.074331567106263,1.2912759808007428,1.5232725521031525,1.734932315949204,1.9515154743158216,2.139572741692951,2.279122384913837,2.430856934687588,2.612284134678175,2.782844311955864,3.030732886829381,3.2903266814587497,3.642149475716881,4.12571431383346,4.616332685078453,5.303948647306632,6.642367188099704,7.740094773377618,9.05248926179602,colagnn,better than persistence
2026-09-20,2026-10-04,2,60607,2.3019745349884038,0.0,6.110525670790313,0.0,0.0,0.0,0.4134368575844629,0.7017595007844035,0.9081229500444968,1.1288044225709253,1.3301409686152057,1.5361607819445475,1.7150459889590275,1.8477894195349045,1.992123465892676,2.164701971796886,2.326943469008264,2.5627418492104344,2.809674554016909,3.1443380012798503,3.604318077444287,4.071007666894001,4.725086743258418,5.998227000378332,7.0424154493370805,8.290800917337025,colagnn,better than persistence
2026-09-20,2026-10-04,2,60608,3.2009265422821045,0.0,7.386819333975824,0.0,0.1822142049615216,0.6325613631472122,1.125277307491754,1.4421662321296518,1.6689756522807078,1.9115216893878693,2.1328061534111717,2.3592378910487968,2.555846593907893,2.7017419093124646,2.8603762095232645,3.050053359207537,3.2283693354082112,3.487530025336429,3.758928200712436,4.126749259585092,4.632303003380116,5.145231022140914,5.864114606298178,7.263394394088462,8.411038405108407,9.783110761609898,colagnn,better than persistence
2026-09-20,2026-10-04,2,60609,3.711193084716797,0.0,8.09685303684429,0.0,0.5484159990133657,1.0202554833232935,1.53648575782399,1.868497860191963,2.1061315121324995,2.3602527938812603,2.59209781719881,2.829335762140577,3.035327400550403,3.188185410493353,3.354390359375183,3.5531196438075763,3.739945555163845,4.01147440588819,4.295824762683979,4.68119967975017,5.210880423654944,5.748287371741905,6.501478889579296,7.967537776541429,9.169951844196651,10.607504854935607,colagnn,better than persistence
2026-09-20,2026-10-04,2,60610,1.842003583908081,0.0,5.442215415214154,0.0,0.0,0.0,0.0567746483839251,0.3293251680616147,0.5243999104200066,0.7330094367228241,0.9233322627258668,1.1180821670817114,1.2871818104303532,1.4126637725326692,1.549102308560916,1.7122402464882325,1.8656066414667332,2.0885061347219067,2.3219308712374893,2.638287212370881,3.0731049825210484,3.5142652352192085,4.132564201248741,5.336059822853432,6.323127994976813,7.503222989546879,colagnn,better than persistence
2026-09-20,2026-10-04,2,60611,1.3791677951812744,0.0,4.756796415394659,0.0,0.0,0.0,0.0,0.0,0.1430250107559703,0.3387372464534846,0.5172933576794625,0.700002842998133,0.858647895513014,0.9763719313133068,1.1043751505077284,1.2574270802287644,1.4013115929548978,1.61043031794298,1.8294235626917972,2.126221162962583,2.534156310629652,2.948041816659254,3.52811442942884,4.657203895911381,5.583246546867329,6.69038213082668,colagnn,better than persistence
2026-09-20,2026-10-04,2,60612,2.263223171234131,0.0,6.054663898903376,0.0,0.0,0.0,0.3831699933897563,0.670197309857002,0.8756336446542456,1.0953236771480723,1.2957556927417948,1.500849935437112,1.678931477542871,1.811078541103288,1.954764148106418,2.12656732277162,2.2880799290913294,2.522818954599702,2.768642282320276,3.1018022107999386,3.559715767031878,4.0243086931936345,4.675449234784963,5.942869744779872,6.982367042197776,8.22514397716174,colagnn,better than persistence
2026-09-20,2026-10-04,2,60613,2.132187843322754,0.0,5.86518986878645,0.0,0.0,0.0,0.2811125331762303,0.5637158047811954,0.7659856829057017,0.9822895618741044,1.1796322539855262,1.3815653127843166,1.556902026484484,1.6870122646137695,1.8284831988837609,1.9976383156513524,2.15666147593165,2.387782392917952,2.6298167661814507,2.9578415929291624,3.4086971794153977,3.866129184542404,4.507233486367062,5.755118834118162,6.778594023485171,8.00221563559778,colagnn,better than persistence
2026-09-20,2026-10-04,2,60614,1.3823686838150024,0.0,4.761586996028903,0.0,0.0,0.0,0.0,0.0,0.1456441047293448,0.3414484530332093,0.5200886022792233,0.702884080417084,0.8616037997468406,0.9793832427511288,1.1074467070809615,1.2605706711952651,1.4045229036397568,1.6137400510423945,1.832836365680915,2.1297736547168005,2.53790079840057,2.9519811010025747,3.5323267268520238,4.661947602999319,5.5884260989695935,6.696082759926804,colagnn,better than persistence
2026-09-20,2026-10-04,2,60615,2.7832553386688232,0.0,6.798240806416195,0.0,0.0,0.3197548661871834,0.7923535338349301,1.0963040864711444,1.3138530231428434,1.5464960607708893,1.7587456217378656,1.9759322964314616,2.1645135917714526,2.304452094812941,2.45660945806326,2.638542211108747,2.809577660113452,3.058156984920324,3.3184741464754617,3.6712773068993614,4.156189614861503,4.648175110861694,5.3377071383233154,6.679855227839338,7.780641668317657,9.096693188553168,colagnn,better than persistence
2026-09-20,2026-10-04,2,60616,3.012681484222412,0.0,7.122425954364261,0.0,0.0488845231845256,0.4910391208059455,0.9747917462049728,1.2859159365483284,1.5085993177595127,1.7467330408051631,1.963991973989664,2.186304543357764,2.379336608335709,2.522577846356267,2.678326325954179,2.864552934187925,3.039625047497388,3.294071175316079,3.5605321684574784,3.9216619531722863,4.418018837190909,4.921615845902174,5.6274217472211685,7.001246318520211,8.128012784527144,9.475124872766957,colagnn,better than persistence
2026-09-20,2026-10-04,2,60617,4.612807750701904,0.0,9.33081422361869,0.5847319068041896,1.210354545112406,1.7179501556822705,2.273300502767067,2.630472573825364,2.886114169452136,3.159492832021484,3.4089071351516465,3.6641230369941415,3.885724778577604,4.050166410674083,4.228966416423476,4.442755460842052,4.643739091289702,4.935844473212819,5.241742978473796,5.656321713046239,6.226141809816353,6.804273604652559,7.614542183450828,9.191699417223392,10.485232754565605,12.03172392895254,colagnn,better than persistence
2026-09-20,2026-10-04,2,60618,2.007490873336792,0.0,5.684018480454187,0.0,0.0,0.0,0.1844194058730857,0.4627473368064447,0.6619571914865119,0.8749887347670515,1.069345943967973,1.2682240748661724,1.4409082213152575,1.5690500972606685,1.708380799976723,1.8749768672810176,2.0315942585799003,2.259218681520544,2.49759145740032,2.8206537871637387,3.2646886414801792,3.715200423621418,4.346605831017975,5.575612646505659,6.583604274487729,7.788714426293417,colagnn,better than persistence
2026-09-20,2026-10-04,2,60619,3.4692630767822266,0.0,7.761367732399189,0.0,0.3739546391909591,0.8357288007577091,1.3409468041462334,1.665876394185121,1.898440823474824,2.147141166955877,2.374040451174242,2.606217614722821,2.8078150207889445,2.957412249777528,3.120071699591056,3.314561672874536,3.497402196917704,3.7631387695315768,4.041423338684618,4.41857740301088,4.936958949168256,5.462901883418325,6.200026251374132,7.634811036976648,8.811575098508314,10.21846209782884,colagnn,better than persistence
2026-09-20,2026-10-04,2,60620,2.5812010765075684,0.0,6.510840951352089,0.0,0.0,0.1700666487175826,0.6326193986853021,0.9301089465840716,1.1430334971565483,1.3707312969647858,1.578469119403787,1.7910391085150257,1.9756117760304652,2.11257563953516,2.261498629838068,2.439564081544149,2.606963870614348,2.8502592037282346,3.1050428651812725,3.4503465725819287,3.924951214735224,4.406478691847665,5.081353500701162,6.394971866913494,7.4723591513608065,8.760435676870317,colagnn,better than persistence
2026-09-20,2026-10-04,2,60621,3.551649570465088,0.0,7.875840695004153,0.0,0.4332015484610494,0.8984277932067948,1.4074226527219276,1.7347813175456086,1.969084327772061,2.219643879376472,2.448239393630139,2.6821522430345777,2.885256729990738,3.035972302361861,3.19984774474782,3.395791665915645,3.579999050103924,3.847722188508425,4.128087128457632,4.508060681853903,5.030317490779814,5.560192214435934,6.30282709996339,7.748337900220022,8.933899091952036,10.351303550561802,colagnn,better than persistence
2026-09-20,2026-10-04,2,60622,1.8962777853012085,0.0,5.521695634902418,0.0,0.0,0.0,0.0985499982321131,0.3730087149013261,0.569449226207547,0.779519281996659,0.9711746075466724,1.167288006575104,1.3375715604555882,1.463932054372326,1.6013258320353525,1.765605941046123,1.9200460939974384,2.1445061645097923,2.379565168244872,2.698136402305688,3.135998444621774,3.5802473748538235,4.202875212566427,5.414796819662445,6.408775712479743,7.597132858672243,colagnn,better than persistence
2026-09-20,2026-10-04,2,60623,3.5782971382141118,0.0,7.912815660497889,0.0,0.4524013757791087,0.9187387130580916,1.4289491970016628,1.7570896873828747,1.9919522798085647,2.2431102388546518,2.4722517041845693,2.706723203973282,2.9103127621855736,3.0613882861909723,3.225655109722068,3.4220670006792195,3.606714324469897,3.875076861840848,4.156111392972576,4.536992431238359,5.060496537898188,5.591636753034324,6.336045261794671,7.785008352791601,8.97340100169678,10.39419062511254,colagnn,better than persistence
2026-09-20,2026-10-04,2,60624,2.422070026397705,0.0,6.2831669338192,0.0,0.0,0.0529919482479219,0.5074765955186427,0.7997771650275993,1.0089877669945362,1.2327139349556775,1.436828278590141,1.64569050355433,1.8270437517999083,1.9616186153113893,2.10794400787049,2.282903542789237,2.447383451500345,2.686435091903724,2.936774674824607,3.276055402633946,3.742381726274093,4.215510132930158,4.87861339947669,6.169318902488003,7.2279137978381405,8.493522975158434,colagnn,better than persistence
2026-09-20,2026-10-04,2,60625,2.0119752883911133,0.0,5.690548886202837,0.0,0.0,0.0,0.1878892801280109,0.466372100788176,0.6656928159193125,0.8788429114322103,1.0733082805829253,1.2722970873276316,1.4450773326489266,1.5732905196556854,1.7126987600245624,1.879387538179921,2.036092087188308,2.26384318331107,2.5023486138403825,2.8255907280610435,3.269872688146017,3.720635180471551,4.352391965506447,5.582082724316871,6.59063530048462,7.796416097099684,colagnn,better than persistence
2026-09-20,2026-10-04,2,60626,1.951772093772888,0.0,5.602782677611391,0.0,0.0,0.0,0.141353695195241,0.4177498848085994,0.6155771189721184,0.8271301119927594,1.020138380573189,1.2176361932912754,1.3891218215036671,1.516374325851495,1.654738000663887,1.820177804182933,1.9757081889238024,2.201752779392149,2.4384711236121706,2.759291231945469,3.2002442522802204,3.647629247175239,4.27465237101495,5.495129236813149,6.496124876029528,7.69287093348224,colagnn,better than persistence
2026-09-20,2026-10-04,2,60628,2.5619637966156006,0.0,6.483381206663517,0.0,0.0,0.1558744794677617,0.6174593739005434,0.9143264481343308,1.1268054706998714,1.354026830629948,1.561329977885897,1.7734551808823895,1.9576416444938087,2.094318921801818,2.2429303023684213,2.4206231660117856,2.5876726840860598,2.830458940700465,3.084709487223441,3.429290673561438,3.902902242535841,4.383422160977449,5.056884846955912,6.3677545692425,7.442887504868846,8.728268830761177,colagnn,better than persistence
2026-09-20,2026-10-04,2,60629,3.2468714714050293,0.0,7.451140380641223,0.0,0.2149069521729565,0.6672311395673649,1.1621101125796005,1.4803901832446038,1.7081952993610956,1.9518061163632865,2.174062021731021,2.401487797303501,2.598959614631458,2.7454954121501656,2.904826118765049,3.095335953319951,3.2744347387088744,3.534733147049269,3.807322763539444,4.176758561094814,4.684531691644905,5.19971147031276,5.92175096168008,7.327173603846918,8.479855785286627,9.857951555228112,colagnn,better than persistence
2026-09-20,2026-10-04,2,60630,2.175406217575073,0.0,5.92778321734501,0.0,0.0,0.0,0.3147234825387786,0.5987935176463768,0.8021132140310547,1.0195397503322865,1.2179066876927336,1.4208878165967955,1.5971345604281306,1.7279200948748406,1.87012528958666,2.0401583528484637,2.2000068728857367,2.432327350385989,2.6756179270298297,3.0053452635931515,3.458540874366652,3.918347036615924,4.562778788918974,5.817140893549629,6.845928109366612,8.075900545061295,colagnn,better than persistence
2026-09-20,2026-10-04,2,60631,1.8199657201766968,0.0,5.409892209098486,0.0,0.0,0.0,0.0398369542249337,0.3116088321050703,0.5061262710019729,0.7141398267055077,0.9039189248612156,1.0981124537759852,1.2667290011818335,1.3918524774494965,1.527901226119883,1.6905730999304005,1.843501346834146,2.065764044891471,2.298521916942261,2.613974468677567,3.0475500203555117,3.487449934924154,4.103982500291878,5.304039889618528,6.288288134864652,7.465011749739893,colagnn,better than persistence
2026-09-20,2026-10-04,2,60632,3.6411595344543457,0.0,7.999943746079671,0.0,0.4977642469635954,0.9667122541235816,1.479779020498183,1.8097565211860849,2.0459339315497886,2.298497933961139,2.5289221889675524,2.7647063172625383,2.969435619358116,3.1213569009058526,3.2865433300836737,3.484054782596382,3.669735807033122,3.939600703184933,4.222208534001881,4.605221836993984,5.131656647019348,5.6657703143142495,6.4143462030324665,7.871420941967395,9.06646650207502,10.49521005150223,colagnn,better than persistence
2026-09-20,2026-10-04,2,60633,2.840177059173584,0.0,6.878880069933948,0.0,0.0,0.3621240611876883,0.8375144896818587,1.1432605557424385,1.3620946094598627,1.5961119288371055,1.8096153020861343,2.0280849538515717,2.217780246992949,2.3585454024573966,2.5116015980538413,2.694609074265948,2.866654873283399,3.11670261955172,3.378557540963227,3.733444799623519,4.221221608245504,4.716113388031,5.409718657015295,6.759795157555122,7.867084224247132,9.190909996416863,colagnn,better than persistence
2026-09-20,2026-10-04,2,60634,2.2330143451690674,0.0,6.011062815674203,0.0,0.0,0.0,0.3596019557342667,0.6456154244556671,0.850326109974952,1.0692401457902396,1.2689641885341791,1.47333399030101,1.6507865066671186,1.78246679583073,1.925644871597588,2.0968411971882586,2.2577833031323995,2.4916931753922147,2.736648197511241,3.0686313270483767,3.52492742528889,3.9878793003593342,4.636719860964721,5.899663544701724,6.93548909406174,8.173876249649965,colagnn,better than persistence
2026-09-20,2026-10-04,2,60636,2.81811261177063,0.0,6.847638609600962,0.0,0.0,0.3456904126682452,0.8200006270200337,1.1250519562816783,1.343388760526897,1.576874329993326,1.7898925665012544,2.007865796813138,2.1971300515361705,2.337575350935849,2.4902837619385094,2.6728753962402263,2.844530261208322,3.0940098321504266,3.355269749177312,3.709350609111886,4.1960190584245165,4.68978631178409,5.381815524171786,6.728824289978711,7.833597299893275,9.154414986002717,colagnn,better than persistence
2026-09-20,2026-10-04,2,60637,3.719128370285034,0.0,8.107823148980863,0.0,0.5541626789819474,1.0263286708229202,1.542916170774184,1.8751580217228208,2.112956113434865,2.367253244206544,2.5992587016307453,2.836660812519299,3.0427949947888697,3.1957587807278656,3.3620787415349613,3.5609455443611395,3.7479007371130537,4.0196174826991165,4.304164606692303,4.689806198797109,5.219853475723568,5.757632303277214,6.511345021037611,7.978418403995662,9.181664528444731,10.62021230943902,colagnn,better than persistence
2026-09-20,2026-10-04,2,60638,2.692657947540283,0.0,6.669602538130212,0.0,0.0,0.2524984608738565,0.7206193868198765,1.0216900920126433,1.2371778126619828,1.4676166218346496,1.6778551768987835,1.8929840679020968,2.0797786076117504,2.2183912320301244,2.369106946335385,2.5493159368504434,2.7187308722673853,2.9649549767042656,3.222805705131752,3.572266153161234,4.052584051084411,4.539908120544721,5.222907022702778,6.552338630176582,7.642695423500459,8.946277719471944,colagnn,better than persistence
2026-09-20,2026-10-04,2,60639,2.6143596172332764,0.0,6.558131989768506,0.0,0.0,0.1945538218834124,0.6587700895980371,0.9573295244285848,1.1710198336494615,1.3995365223972602,1.6080214500136814,1.8213559226338183,2.00659238451223,2.144048822793835,2.293507397497242,2.4722132411133155,2.640215064264959,2.8843853810523887,3.140085342630068,3.48663089508596,3.962942398229792,4.446201633512204,5.123503551968974,6.441846195498881,7.523108179357435,8.815817123893114,colagnn,better than persistence
2026-09-20,2026-10-04,2,60640,1.6277694702148438,0.0,5.1267142003293005,0.0,0.0,0.0,0.0,0.1576398168817003,0.3472274783126432,0.5499692159964842,0.7349386234277834,0.9242105839304448,1.0885537764098494,1.210506169934161,1.343106949829765,1.50165612830559,1.6507086187230786,1.867338373808195,2.0941973171091117,2.4016551569566653,2.8242423314660936,3.252993586570494,3.8539009804111,5.023544562578296,5.982848387170723,7.129749557368656,colagnn,better than persistence
2026-09-20,2026-10-04,2,60641,2.2148711681365967,0.0,5.9848534907558815,0.0,0.0,0.0,0.345458521294391,0.6308613501698332,0.8351349775952095,1.053581631109566,1.2528792622609306,1.4568127337219638,1.63388638828921,1.7652855395335127,1.908157929562836,2.0789887503457973,2.2395872442802616,2.4729977180711744,2.717429760284247,3.048704104574354,3.504026008905795,3.9659894799582647,4.613444763493481,5.873692057651564,6.9073061155152935,8.143049309805802,colagnn,better than persistence
2026-09-20,2026-10-04,2,60642,1.880411148071289,0.0,5.498478380117394,0.0,0.0,0.0,0.0863282951805759,0.3602305405285253,0.5562727642080938,0.7659168981575879,0.9571836381544432,1.1528994127838423,1.322837712866716,1.4489420079938555,1.5860572166323037,1.750004243967156,1.904131265978373,2.128136238567349,2.3627186547996857,2.6806439784019616,3.1176182454191763,3.560966450791122,4.182331896331554,5.391796304668674,6.383759882561721,7.569707607478409,colagnn,better than persistence
2026-09-20,2026-10-04,2,60643,2.636139392852783,0.0,6.589167028447312,0.0,0.0,0.2106547861840035,0.6759604787609825,0.9752205742400591,1.1894123728569357,1.418465345616086,1.627439546615126,1.841274673552299,2.0269458492074985,2.164724870887768,2.314534195658543,2.4936594269665675,2.6620555175659315,2.906798854370662,3.163098893788821,3.5104577209337755,3.9878870340938417,4.472280384362079,5.151171798061916,6.472608334143313,7.556407828575836,8.852150508380848,colagnn,better than persistence
2026-09-20,2026-10-04,2,60644,2.7856132984161377,0.0,6.801584037014583,0.0,0.0,0.3215082869575481,0.794222929543493,1.0982480711469864,1.3158503939710653,1.548550521819119,1.7608521684803655,1.978092140427846,2.1667197133085274,2.306692557029228,2.458887259447021,2.6408646584918207,2.8119420793152923,3.0605824050809174,3.3209634480407018,3.673853185781736,4.158884490429221,4.650990718863502,5.340691956354151,6.6831694068108405,7.784225978476874,9.100600455597736,colagnn,better than persistence
2026-09-20,2026-10-04,2,60645,3.0915191173553467,0.0,7.233325138003613,0.0,0.1046005421520419,0.5502045420577826,1.0377310904694266,1.351282469173259,1.5757030811357744,1.8156945684400492,2.034648414364228,2.2586953216510945,2.453233297117054,2.5975920100124528,2.754555537840542,2.9422349648198094,3.1186728767680725,3.375104027606441,3.6436437759239,4.007590860087889,4.50781999733826,5.015345742020092,5.726657881431811,7.111200137540622,8.246756901879063,9.60437828152828,colagnn,better than persistence
2026-09-20,2026-10-04,2,60646,2.1951918601989746,0.0,5.956405540073194,0.0,0.0,0.0,0.330127300493654,0.6148663078360814,0.8186648130174132,1.0366033790927305,1.2354374617237165,1.4388966021131493,1.615558399148028,1.7466519276822845,1.889192009271118,2.059625492796474,2.2198504489532525,2.45271803079336,2.6965815458701767,3.027085375572388,3.4813482417515464,3.942237226959713,4.588186587233523,5.845502658550956,6.8767126222746935,8.109581588076022,colagnn,better than persistence
2026-09-20,2026-10-04,2,60647,2.3395228385925293,0.0,6.164580168393817,0.0,0.0,0.0,0.4428002719310102,0.732372500422936,0.9396303252621958,1.161268227430161,1.363477362543006,1.570390062139402,1.7500505545118343,1.883369292793739,2.028328880383582,2.2016553385134565,2.364599987535649,2.601420313792782,2.8494232206222816,3.1855370934113747,3.647510715179452,4.116222929146016,4.773136772785555,6.051794797508718,7.100508740939208,8.354304689719392,colagnn,better than persistence
2026-09-20,2026-10-04,2,60649,3.688600063323975,0.0,8.065607856809084,0.0,0.5320625970608801,1.0029712225909315,1.5181830628583004,1.84954016200846,2.086705003307542,2.340324947134965,2.571712579787463,2.8084824947501543,3.014067746811294,3.166624193986901,3.33250124886861,3.5308384743373438,3.7172958100536384,3.9882889806937785,4.272078362761961,4.656693000883673,5.1853287750744,5.721675510964993,6.473381110475026,7.936547713446258,9.136589623346266,10.571306587323384,colagnn,better than persistence
2026-09-20,2026-10-04,2,60651,2.6753931045532227,0.0,6.645047017991395,0.0,0.0,0.2397070055870358,0.7069697554983359,1.0074885270995193,1.2225812079474143,1.452597568448081,1.6624507066689802,1.877185215690198,2.0636373169645874,2.201995831759161,2.35243524862309,2.532313873567354,2.701418231461608,2.94719094905828,3.2045689763023604,3.5533887809319022,4.032826142894821,4.519256832430473,5.201003636557688,6.527998082430507,7.616355994658792,8.917548516912241,colagnn,better than persistence
2026-09-20,2026-10-04,2,60652,2.5601089000701904,0.0,6.480732572279104,0.0,0.0,0.1545066017564464,0.6159980663503937,0.9128050514364738,1.125241065920352,1.3524164337581956,1.559677620586341,1.7717598871181277,1.9559090693717331,2.0925586817016524,2.24113998169694,2.418796878358255,2.58581258378021,2.828549697796796,3.082748781224095,3.4272602205554348,3.900775925360336,4.381198581306836,5.054524951060547,6.365129338956075,7.440044655899244,8.725165806531145,colagnn,better than persistence
2026-09-20,2026-10-04,2,60653,3.000341892242432,0.0,7.105045452677176,0.0,0.0401802503781154,0.4817925122364768,0.9649517787727016,1.275694351971096,1.498104595320276,1.7359462295013242,1.9529386783160048,2.174978564650627,2.3677738613289367,2.5108394032320254,2.6663968456429847,2.8523950329800094,3.027252407217046,3.2813864377837123,3.547520596539994,3.90820742849934,4.403955493587,4.9069348028115645,5.611874980277132,6.984014452741532,8.109398855202324,9.454858609470644,colagnn,better than persistence
2026-09-20,2026-10-04,2,60654,1.5900168418884275,0.0,5.070810823775984,0.0,0.0,0.0,0.0,0.1275134745519988,0.3161176514826171,0.5178076679991839,0.7018175480864046,0.8901076617848203,1.0535983252477403,1.174918091691242,1.30683100608561,1.4645577119469555,1.6128369937444638,1.8283429836814304,2.054025098000901,2.359888002726037,2.780283009596342,3.2068101209420856,3.804600312410384,4.968176377708165,5.922503821266783,7.063455450678253,colagnn,better than persistence
2026-09-20,2026-10-04,2,60655,1.5990937948226929,0.0,5.084260435339951,0.0,0.0,0.0,0.0,0.1347531949458067,0.3235943010615894,0.5255376855154241,0.7097787233196199,0.8983053716692776,1.062001416106822,1.1834735874115283,1.3155522140389382,1.4734770600502347,1.6219426139122577,1.8377193277505968,2.0636849494680582,2.3699320866633755,2.7908552040349743,3.217918129181803,3.816459279325932,4.981497057367905,5.937023350428492,7.07940827121382,colagnn,better than persistence
2026-09-20,2026-10-04,2,60656,2.945547580718994,0.0,7.027791647158185,0.0,0.0015829020805138,0.4407788169853037,0.9212944059731024,1.2303367051190208,1.4515299978525222,1.688070246275468,1.9038753887403772,2.124700350922626,2.316440739555966,2.458723477139076,2.6134297639446777,2.798410234628069,2.972310850821819,3.2250543493684405,3.489732315624437,3.848445596115962,4.341481102177809,4.841708285552334,5.542791278339422,6.907422886279834,8.026649581160136,9.364747452937472,colagnn,better than persistence
2026-09-20,2026-10-04,2,60657,1.3684310913085938,0.0,4.74072195342572,0.0,0.0,0.0,0.0,0.0,0.1342418168447492,0.32964476318926,0.5079186973509423,0.6903394419156156,0.8487337833521901,0.9662717766665044,1.0940727089026991,1.2468827665090427,1.3905398946381444,1.5993281436346674,1.8179753074205904,2.114303870395708,2.521594347087354,2.934825778628864,3.513981686919248,4.641286822701531,5.565866023345612,6.671251970920558,colagnn,better than persistence
2026-09-20,2026-10-04,2,60659,2.830425500869751,0.0,6.865075231695494,0.0,0.0,0.3548594999388266,0.8297728221739353,1.1352120386366735,1.3538264684608377,1.5876089258780754,1.800898025154381,2.0191484187437485,2.20865333192321,2.349277214167364,2.5021798011412315,2.685003609346743,2.8568767415988647,3.106673537621538,3.3682656589965205,3.722796749500663,4.210084020777195,4.704479122565951,5.397388282846082,6.746109834043196,7.852287615121014,9.17478478342337,colagnn,better than persistence
2026-09-20,2026-10-04,2,60660,2.542052984237671,0.0,6.454941849404481,0.0,0.0,0.1411965812592512,0.6017775918722374,0.8979990209472519,1.1100159307890614,1.3367431154341645,1.5435954067850937,1.7552592665668771,1.9390451498887875,2.0754251728696334,2.2237133440717463,2.401019750114664,2.567705958404926,2.8099641882194444,3.063661774684786,3.4074935442161616,3.880075073003601,4.359549926545921,5.031547923575842,6.3395666840568445,7.412361353047471,8.694947150899578,colagnn,better than persistence
2026-09-20,2026-10-04,2,60661,1.474299669265747,0.0,4.898859729838459,0.0,0.0,0.0,0.0,0.0354237558118066,0.2209809404468867,0.4194125565588906,0.6004496674526967,0.7856978626999841,0.946547254903322,1.0659070414584364,1.1956888385022622,1.3508673926451178,1.496751150459129,1.708775536214965,1.9308116461099143,2.2317331867075145,2.64533650758304,3.064972865800942,3.653105465706874,4.797883393211877,5.736793212329371,6.859312212723946,colagnn,better than persistence
2026-09-20,2026-10-04,2,60666,0.980504035949707,0.0,4.153919974000598,0.0,0.0,0.0,0.0,0.0,0.0,0.0029783050245546,0.1707388473795956,0.3424016492854825,0.4914549629419253,0.6020613597685609,0.7223254567395703,0.8661238098857773,1.0013090114769907,1.1977843406030615,1.4035371723538397,1.682390279364481,2.065661516335476,2.4545233507900948,2.9995245577237126,4.060348855273249,4.9304026232546585,5.970600378180693,colagnn,better than persistence
2026-09-20,2026-10-04,2,60707,1.9063113927841189,0.0,5.536369880284026,0.0,0.0,0.0,0.1062824630478045,0.381092494675745,0.5777844554201894,0.7881234068518777,0.9800240566663294,1.1763884864199707,1.3468900080896709,1.4734122470303743,1.6109818926341783,1.775472284854086,1.9301101255910855,2.1548575113738924,2.390217397315221,2.709196411610909,3.147618929787232,3.592436511277596,4.215861330320445,5.429334231521985,6.424585445575584,7.614463722693838,colagnn,better than persistence
2026-09-20,2026-10-11,3,60601,2.3400797843933105,0.0,6.087025227437948,0.0,0.0,0.0,0.4373049662549064,0.7446839654006037,1.0101553221489366,1.216086683049671,1.3754552851063315,1.5316211072589128,1.67396398026102,1.8017497608563784,1.892619047422145,2.0008724477003765,2.1656137674382125,2.4118724799227507,2.7211440231715014,3.096159924146468,3.551203313945334,4.10218354035074,4.724392736077002,5.959820781797297,6.80850383308874,8.153197385945916,gnn_st,better than persistence
2026-09-20,2026-10-11,3,60602,1.3195744752883911,0.0,4.479864972141924,0.0,0.0,0.0,0.0,0.0,0.1978747592261336,0.3715636833781456,0.5059801263801145,0.6376952450505096,0.7577516578489466,0.8655301654859233,0.942172152180105,1.033476441861299,1.172424402305459,1.380126670903182,1.6409759236966952,1.9572760156075968,2.3410737842959093,2.8057876692272923,3.330578285530151,4.372576780513219,5.088382500827533,6.222538927941576,gnn_st,better than persistence
2026-09-20,2026-10-11,3,60603,1.4675692319869995,0.0,4.705830791367013,0.0,0.0,0.0,0.0,0.0887637406421042,0.318194807291436,0.4961690052113808,0.6339017866614539,0.7688665963851739,0.8918850552608092,1.002322687040437,1.080855593934086,1.1744125538956725,1.316788654924537,1.529615378564557,1.7969003351073929,2.1210042204569266,2.514271093282886,2.990450454383306,3.5281887671076806,4.595895572730456,5.329361736801763,6.491500206003825,gnn_st,better than persistence
2026-09-20,2026-10-11,3,60604,1.692463517189026,0.0,5.080918110592156,0.0,0.0,0.0,0.0,0.2497079784883289,0.4897802325054348,0.6760090090853397,0.8201299416934031,0.9613545219412308,1.090078670502698,1.205638483638944,1.2878138064834743,1.385710009403959,1.534689622284411,1.7573874112347991,2.0370692473489047,2.3762053174020874,2.7877122068936,3.285977128925841,3.848656153577763,4.965884012902673,5.733368895510187,6.949408230792336,gnn_st,better than persistence
2026-09-20,2026-10-11,3,60605,1.7520207166671753,0.0,5.177771777527228,0.0,0.0,0.0,0.0123549139756955,0.29338487515758,0.5360995866025324,0.7243781694624969,0.8700854304467301,1.0128644591359166,1.143005464817762,1.259837236214377,1.3429170567199358,1.4418907958581073,1.592510216246784,1.8176592231814672,2.100419496444835,2.443288411974192,2.859324727163809,3.3630740140996505,3.931946404887414,5.061471508088161,5.837404039663313,7.066828229381164,gnn_st,better than persistence
2026-09-20,2026-10-11,3,60606,2.674600839614868,0.0,6.564407898990644,0.0,0.0,0.1658515685136876,0.699277997982277,1.0183765861403296,1.2939696987805418,1.5077527051132005,1.6731976315861965,1.8353176642036808,1.983087713346836,2.1157456447214047,2.210079548893958,2.322460379360905,2.493482871742436,2.7491308102608016,3.0701941004739384,3.459508415604524,3.931901466655635,4.503889184871975,5.149821654061573,6.432353467412124,7.313394671311687,8.70935801107965,gnn_st,better than persistence
2026-09-20,2026-10-11,3,60607,1.9838340282440183,0.0,5.519831138143687,0.0,0.0,0.0,0.1881830479991184,0.4782569946696278,0.7287826466952654,0.9231203300299378,1.073516679495651,1.2208905615524794,1.3552197091744649,1.475811310450704,1.5615647700511477,1.6637236395460828,1.819190229420075,2.051584884978599,2.3434448278907074,2.69734780357332,3.1267728207415164,3.646733550833784,4.233913148531184,5.399788143392676,6.200691402381394,7.469680393248601,gnn_st,better than persistence
2026-09-20,2026-10-11,3,60608,3.047835111618042,0.0,7.129734711973316,0.0,0.0665587309203217,0.4151948570284345,0.9749637854174424,1.309820599545728,1.599023482664377,1.8233638560535053,1.9969790428590184,2.167105140696141,2.3221726017127606,2.461381654705921,2.5603741033966,2.6783046999450666,2.8577728927494586,3.1260456379372954,3.462964178112927,3.871504222152835,4.367225726294889,4.967460237353153,5.645291154824065,6.9911589617478,7.915709121485358,9.380610108020122,gnn_st,better than persistence
2026-09-20,2026-10-11,3,60609,4.241442680358887,0.0,8.838027340239371,0.339714586355774,0.8842583740162135,1.2768538873917097,1.9072038521695556,2.2842826257250253,2.609950982688212,2.8625783424651585,3.0580845975242124,3.249661825806697,3.4242816798799254,3.5810435457154197,3.692517911977632,3.825318329454352,4.027415593656867,4.329514740114832,4.7089152019159615,5.16896789385804,5.727194720729019,6.40311255702787,7.166410899046947,8.68197863005978,9.723104943203255,11.372714699005044,gnn_st,better than persistence
2026-09-20,2026-10-11,3,60610,1.5601508617401123,0.0,4.951250972063939,0.0,0.0,0.0,0.0,0.1162688997438246,0.3565285888268832,0.542902762479696,0.6871362166976355,0.8284710572444771,0.9572957064630236,1.0729457422752944,1.1551852230422808,1.2531578578741749,1.4022537857518769,1.6251254447520562,1.9050256408911983,2.244426489529135,2.656254660716809,3.1549086002925617,3.718026933437368,4.836127062147818,5.604211154273226,6.821199905446614,gnn_st,better than persistence
2026-09-20,2026-10-11,3,60611,1.4732681512832642,0.0,4.710812541113903,0.0,0.0,0.0,0.0,0.0947680204828376,0.3241482756175142,0.5020830580446144,0.6397853361659738,0.7747202555766365,0.8977114698671452,1.0081246433054176,1.0866401577159657,1.1801763978556397,1.3225209672116156,1.5353005566585851,1.802526318282072,2.126558425168642,2.5197382021807524,2.9958121050494766,3.533431326237745,4.60090166955054,5.334205394736438,6.4960864880882205,gnn_st,better than persistence
2026-09-20,2026-10-11,3,60612,2.5626566410064697,0.0,6.430308171265362,0.0,0.0,0.0681966821190838,0.5985848259839384,0.9158658951871494,1.1898892869804636,1.4024546299305436,1.5669572166345584,1.7281538473844802,1.8750822291707665,2.0069845686570256,2.1007811666010947,2.212521899314198,2.382570283275501,2.636762104495745,2.955996685221213,3.343093547271779,3.8127959461035337,4.381525741664071,5.023779114330314,6.299005894166278,7.175028871262247,8.56304109521695,gnn_st,better than persistence
2026-09-20,2026-10-11,3,60613,2.1187527179718018,0.0,5.729340787685844,0.0,0.0,0.0,0.2852229369402437,0.5814159197487407,0.8372263466941305,1.0356635340378566,1.1892324562491234,1.339715152870142,1.4768779397007448,1.6000133901389544,1.6875757971622032,1.7918896820297032,1.950635800081279,2.18793276179987,2.4859494159864965,2.8473178849421164,3.285801513642885,3.816730683108245,4.416296685096826,5.606765516488,6.424563626052012,7.720321616972317,gnn_st,better than persistence
2026-09-20,2026-10-11,3,60614,1.4595799446105957,0.0,4.690535591245645,0.0,0.0,0.0,0.0,0.0838852064977437,0.312798648698529,0.490371315137148,0.6277933546459222,0.7624536673099077,0.8851945815492976,0.995383052571912,1.0737387796563171,1.1670846637138637,1.3091395469065492,1.5214861075195258,1.7881680366247272,2.111540704108364,2.5039203189393566,2.9790253613662045,3.5155504709195724,4.580848399860818,5.312659774873914,6.472176318052439,gnn_st,better than persistence
2026-09-20,2026-10-11,3,60615,3.0898587703704834,0.0,7.227164811097497,0.0,0.0681154678492994,0.4214838727060037,0.9888509310808736,1.3282529878465466,1.6213814212892297,1.848766921393399,2.024738706948801,2.1971740437232725,2.354346342407057,2.495444975950704,2.595781117466448,2.715312467390892,2.8972167058350085,3.169130902139948,3.5106226701834937,3.924708110192376,4.427158384429079,5.035540292753831,5.722571877068118,7.086708076577029,8.023807793704908,9.508592892321673,gnn_st,better than persistence
2026-09-20,2026-10-11,3,60616,3.083493947982788,0.0,7.201666317208868,0.0,0.0757252084118538,0.427459401317404,0.9922025747757286,1.3300350093290318,1.6218078207563589,1.8481417381590697,2.0232997124312098,2.194937592827904,2.3513830216348994,2.491829120684632,2.5917012407447397,2.7106797977258994,2.8917427892550536,3.1623994723721056,3.5023119539800587,3.914482385840049,4.414608993807407,5.020177337105445,5.7040316276649,7.061859148611722,7.994625089612177,9.472543548428366,gnn_st,better than persistence
2026-09-20,2026-10-11,3,60617,5.257511615753174,0.2477638714795729,10.267259360026774,1.0050774795331616,1.5985674756384487,2.026451357493453,2.7134602016274942,3.1244326246356,3.479373616132542,3.754708335153525,3.967787630488192,4.176584739267501,4.366900263679376,4.53775263818517,4.659246855359225,4.803984011556819,5.0242467475615,5.353500014824093,5.7670028105572175,6.268407245858916,6.876810178392439,7.613482752981875,8.445390012411591,10.097184243029073,11.231891984691776,13.029776580441744,gnn_st,better than persistence
2026-09-20,2026-10-11,3,60618,1.9956698417663572,0.0,5.5337688538311145,0.0,0.0,0.0,0.1989514730124131,0.4891978482900712,0.7398724202367484,0.9343256236877177,1.0848113732300533,1.2322728587187135,1.3666818555932418,1.4873451401146696,1.5731495741296264,1.6753691699041091,1.8309281737568743,2.063460971631269,2.35549440479997,2.709607750968672,3.139288031177328,3.659557841438605,4.247086476205136,5.413654501943,6.215033841720749,7.4847771574995665,gnn_st,better than persistence
2026-09-20,2026-10-11,3,60619,3.9243109226226807,0.0,8.580958385737114,0.0,0.5232588502466933,0.9209843435562513,1.5595709859337572,1.9415769847783504,2.27150079571251,2.5274291949621404,2.725490097568776,2.9195706334628597,3.096472215974048,3.25528246290093,3.3682134460693582,3.5027491443979484,3.707487179762553,4.013533805258426,4.397891829460815,4.863955953010918,5.42947703649701,6.114226978154058,6.88749921199017,8.422870613151854,9.47760114976016,11.14876608043783,gnn_st,better than persistence
2026-09-20,2026-10-11,3,60620,2.6104166507720947,0.0,6.4953959250807,0.0,0.0,0.1047810822488104,0.6375454562191929,0.9562479991813404,1.2314990628989426,1.4450167351443746,1.6102563217294856,1.7721751411092408,1.919761787316019,2.0522550719689496,2.146471894803806,2.25871324521766,2.429523475185589,2.684854119483138,3.005518926035146,3.394350048604164,3.866156794966408,4.437434597826418,5.082565376062827,6.363505391197643,7.243453101897461,8.637683859338543,gnn_st,better than persistence
2026-09-20,2026-10-11,3,60621,3.231029987335205,0.0,7.431073705380109,0.0,0.1634652845151549,0.5221921310099695,1.0981626842867702,1.4427113984446656,1.7402848008814222,1.9711183509949155,2.149758554354209,2.3248086825920797,2.484364325621452,2.6276025641288405,2.7294601924303747,2.850804103279031,3.0354667186239435,3.311504193443453,3.658174307043101,4.078538895478902,4.5886082732731,5.206215621406944,5.903665281014577,7.288487099585743,8.239796899093102,9.7470971240956,gnn_st,better than persistence
2026-09-20,2026-10-11,3,60622,1.688202977180481,0.0,5.055412384380707,0.0,0.0,0.0,0.0,0.2544933351326837,0.4930603661644577,0.6781215116235317,0.8213388240222658,0.9616779438275562,1.08959500808861,1.2044302756599157,1.286090369515244,1.38337277549607,1.5314183048499952,1.752719806536438,2.030648072542984,2.367657801883079,2.7765845946815317,3.271725458015285,3.83087655560734,4.941099536086111,5.703772384537802,6.912187305386769,gnn_st,better than persistence
2026-09-20,2026-10-11,3,60623,3.6777830123901367,0.0,8.175519240293426,0.0,0.3927941357187308,0.7769469783353986,1.3937414208666925,1.7627112073685414,2.081376145747627,2.328570815769842,2.5198727564989545,2.7073301632140163,2.8781948599161904,3.031585600062016,3.1406627372670006,3.2706073141566727,3.468358525985202,3.763961103982314,4.135202651390372,4.585362022401744,5.131584317515609,5.792966705605116,6.539850502951944,8.022826319565063,9.041563465281106,10.65569876563372,gnn_st,better than persistence
2026-09-20,2026-10-11,3,60624,2.4250199794769287,0.0,6.186842186337737,0.0,0.0,0.0,0.5146904392335239,0.8232898470672709,1.0898152236123515,1.2965642084323643,1.456565562977298,1.6133514213934532,1.7562594484216216,1.8845525859843764,1.97578265733736,2.084465863785101,2.2498612676940994,2.497097718648277,2.807597184687448,3.1841020379492613,3.6409521188620086,4.19411994122263,4.8187995383437805,6.05913269184518,6.9111853297774655,8.261217815025056,gnn_st,better than persistence
2026-09-20,2026-10-11,3,60625,2.213681221008301,0.0,5.885453932235055,0.0,0.0,0.0,0.3490806392680416,0.6502928768687792,0.9104382401086624,1.1122381229291334,1.2684094077670889,1.4214421681641038,1.5609293009957113,1.6861513916839574,1.775197621946043,1.8812791988147304,2.0427154117032087,2.284033582503111,2.58710039522324,2.9545925758291887,3.400506701477612,3.9404329401946177,4.550159123900574,5.760801513525018,6.592457942896587,7.910173710952065,gnn_st,better than persistence
2026-09-20,2026-10-11,3,60626,2.1702656745910645,0.0,5.800028719105898,0.0,0.0,0.0,0.3269984528243841,0.6247644461430428,0.8819334214455832,1.0814244615117432,1.235808951757006,1.387090826201678,1.5249820519819202,1.6487714455212663,1.736798875669765,1.8416667467785883,2.00125592772036,2.239813117183962,2.5394124669658518,2.902700077942725,3.3435123889435934,3.877261196996612,4.4800113514715925,5.676802479785676,6.49894372067352,7.801583174209909,gnn_st,better than persistence
2026-09-20,2026-10-11,3,60628,2.916205406188965,0.0,6.93894970048298,0.0,0.0,0.3217176431490967,0.8733743430355827,1.2033783780007714,1.488390103389036,1.7094793131658657,1.8805784509457075,2.048239063990973,2.201059271519098,2.338250892693115,2.435808732703183,2.55203026699735,2.7288975884151254,2.99328249756993,3.3253183798379373,3.72793781981856,4.216475277274085,4.808011128471365,5.476018851031436,6.802382204188195,7.713533688548362,9.157205180315454,gnn_st,better than persistence
2026-09-20,2026-10-11,3,60629,4.271246910095215,0.0,8.872451876124268,0.3655969524397027,0.9106880941023978,1.3036782290499014,1.9346617968250843,2.31211959513586,2.6381153011252056,2.890996591990132,3.0866993622488765,3.2784691564278376,3.4532645315118025,3.6101839682104857,3.721770384122157,3.854704287356413,4.057004691781832,4.359407496422368,4.739189316648532,5.199704435465894,5.758492369992085,6.43508961232086,7.199155191818146,8.716246311917509,9.758419124290736,11.409687002951436,gnn_st,better than persistence
2026-09-20,2026-10-11,3,60630,2.4266881942749023,0.0,6.189077052597668,0.0,0.0,0.0001178883864749,0.5160708969373888,0.8247167897712218,1.0912823136135332,1.298062441482862,1.458087897379875,1.6148973727909333,1.757826926366075,1.886139389003212,1.977383202540292,2.086082780175835,2.2515030979543016,2.4987767906728897,2.809323027922047,3.1858845949289027,3.6428034921631056,4.196054639396092,4.820828333363797,6.061348320946154,6.913529305420727,8.26376514899824,gnn_st,better than persistence
2026-09-20,2026-10-11,3,60631,2.267972469329834,0.0,5.962208490287583,0.0,0.0,0.0,0.3919645637472913,0.6950195689483498,0.956756459313992,1.1597909210771122,1.3169176364981414,1.4708866264949017,1.611227118974481,1.737215298097257,1.826806298749034,1.9335368654941012,2.095960718941273,2.3387552351581515,2.643676161468291,3.0134165996124667,3.462058755535541,4.0052881753822245,4.61874456495681,5.836793468303753,6.6735378367804925,7.999315176115896,gnn_st,better than persistence
2026-09-20,2026-10-11,3,60632,4.402068138122559,0.0,9.149753464871363,0.372080964701543,0.934525201400298,1.3400262627576058,1.991097329633206,2.38057157903913,2.7169454292230872,2.9778772509769125,3.179810261486418,3.377685088767333,3.5580451126299293,3.719960113721259,3.835098907450229,3.972264790403146,4.181005472197812,4.493035335887761,4.884907592952157,5.36008331072551,5.936660380667218,6.634797243345451,7.423187016727736,8.988575062557983,10.063925673054923,11.767762023734791,gnn_st,better than persistence
2026-09-20,2026-10-11,3,60633,3.119423151016236,0.0,7.239233400758582,0.0,0.1104581609306811,0.4623322456449785,1.0273000288956018,1.36526682624694,1.6571556816277897,1.8835796166111765,2.058807254755444,2.2305133990116737,2.387021049332663,2.527523006639068,2.627434847863055,2.7464607250248347,2.927595728971016,3.198360057729904,3.5384077294127114,3.950742089797105,4.451067608240619,5.056876798327434,5.74100307158165,7.099370628020339,8.032507548917707,9.51101380582278,gnn_st,better than persistence
2026-09-20,2026-10-11,3,60634,2.0985236167907715,0.0,5.686743915932954,0.0,0.0,0.0,0.2763526428806344,0.5707106956011418,0.8249363643771352,1.0221442235910032,1.174761778780426,1.324312227698837,1.4606252843227296,1.5829979045926992,1.6700178582002718,1.7736855134234248,1.9314481914704384,2.1672750868467507,2.4634455132115565,2.8225752867387763,3.258342487805896,3.7859825249683703,4.381834186102713,5.56492800456542,6.377659814641472,7.665390521114494,gnn_st,better than persistence
2026-09-20,2026-10-11,3,60636,3.2553131580352783,0.0,7.432691566756345,0.0,0.2043024026328672,0.561093399054589,1.133955758315372,1.476645133926393,1.772612697551568,2.0022005668657963,2.179876748005652,2.353982227670783,2.512676837280887,2.6551420983621545,2.756450057467978,2.8771391424484816,3.0608052359525955,3.3353530894320045,3.680152416467144,4.098248530080944,4.605565345997119,5.219839809397886,5.913525719546223,7.290874421887322,8.237050529386668,9.736216690046742,gnn_st,better than persistence
2026-09-20,2026-10-11,3,60637,3.976444721221924,0.0,8.465029650305485,0.166390253394574,0.6981396324177118,1.0815108601781276,1.6970503446665433,2.065269408449087,2.3832859766422145,2.629977693139057,2.820890402233477,3.0079663995777137,3.178483447191984,3.331562091557149,3.440417295454713,3.570097481194512,3.7674463394078654,4.062447470947013,4.432933673407639,4.882177129676152,5.4272880560499885,6.087324765433402,6.832688919015723,8.312647405542641,9.32931178229963,10.940162889511402,gnn_st,better than persistence
2026-09-20,2026-10-11,3,60638,3.7004234790802,0.0,8.159102907255534,0.0,0.4439603198283155,0.8247773108345839,1.436215721843662,1.8019815011901636,2.1178792624721616,2.362927378710057,2.552568118957854,2.7383977098071988,2.9077786760499755,3.059837423585645,3.1679673723191755,3.296783555043839,3.4928175631314216,3.7858532296639895,4.153871042723675,4.600121384056922,5.141600471986947,5.797239642118282,6.537637756576004,8.007735919512697,9.017626701044726,10.617745403721251,gnn_st,better than persistence
2026-09-20,2026-10-11,3,60639,3.218183994293213,0.0,7.383098360494183,0.0,0.1762765386314275,0.5320029778799467,1.1031560879166031,1.4448229813555793,1.7399074666630487,1.9688103147306364,2.145956363509987,2.3195423647153754,2.4777634772734145,2.619803664804235,2.7208093513873486,2.8411383363865417,3.0242564254306914,3.2979851105741838,3.641755659975941,4.058604300359476,4.564407435266638,5.176849088162411,5.868465247899431,7.241704355391487,8.185057357564595,9.679750456667175,gnn_st,better than persistence
2026-09-20,2026-10-11,3,60640,1.7991485595703125,0.0,5.22779130768065,0.0,0.0,0.0,0.0580142995005734,0.3392814789570086,0.5822010666536424,0.7706385760578554,0.9164688289995824,1.0593683779161682,1.1896192360304243,1.30654962549291,1.3896995739363849,1.4887568571192036,1.6395034158345845,1.8648424717544976,2.1478414238542896,2.4909997561141504,2.907387248866561,3.4115617521606527,3.980914329923552,5.111392868818188,5.88798036748487,7.118442318029891,gnn_st,better than persistence
2026-09-20,2026-10-11,3,60641,2.4126999378204346,0.0,6.16360645558028,0.0,0.0,0.0,0.5079136056807116,0.815617549824944,1.0813695490045083,1.2875186097674725,1.447055687973466,1.6033866004640065,1.7458799509053264,1.873800819943304,1.964766168765347,2.073134008875489,2.238049484518737,2.484568528832027,2.794167017777937,3.169579365945886,3.6251038038125856,4.176666497690917,4.799533460430396,6.036267536053914,6.88584777067156,8.231962863210295,gnn_st,better than persistence
2026-09-20,2026-10-11,3,60642,1.7213879823684692,0.0,5.106236363240127,0.0,0.0,0.0,0.0024933893621374,0.2801679174243463,0.5199846710217091,0.7060152508929638,0.8499828006833172,0.9910570805989424,1.119644232596091,1.2350810595052004,1.3171689260563526,1.4149609415061115,1.5637820006470653,1.7862427802071528,2.0656269608224407,2.40440210033576,2.815471037580676,3.3132056738568907,3.875285859098703,4.9913246922774,5.757992767834656,6.972737915407104,gnn_st,better than persistence
2026-09-20,2026-10-11,3,60643,2.330629110336304,0.0,6.0547939149380205,0.0,0.0,0.0,0.4394227619899455,0.7449329616158942,1.0087903084761831,1.2134696501126805,1.371869324663512,1.5270856915369393,1.6685631498768698,1.79557201986327,1.8858888403218332,1.993484082746037,2.157223809987104,2.401985321410723,2.7093765588705248,3.082112442220384,3.5343892641317742,4.082019646906488,4.700445941883551,5.928362845512348,6.771886082753123,8.108404182268423,gnn_st,better than persistence
2026-09-20,2026-10-11,3,60644,3.180153608322144,0.0,7.364993101571983,0.0,0.1236935383216755,0.4811217879493434,1.0550073186989417,1.3983087610533556,1.6948049430592291,1.9248028720645205,2.1027963950576933,2.2772128390582544,2.436190888132232,2.578910601947089,2.680399504020576,2.801304147989669,2.985298281741667,3.260336496529433,3.6057516588260143,4.024594520792396,4.532817439358626,5.148189039108288,5.843113919899368,7.222922661549404,8.170788704512201,9.672632478822027,gnn_st,better than persistence
2026-09-20,2026-10-11,3,60645,3.663098096847534,0.0,8.039389770551505,0.0,0.4668080654312336,0.8405882965046652,1.4407285107063554,1.799735647340757,2.109796230235341,2.3503163322126244,2.536452879123136,2.718848699289694,2.885099833553354,3.0343488301394435,3.140480746986904,3.266916656313306,3.459328335864709,3.746949271211833,4.108166828341064,4.546171328243729,5.077644932068786,5.721169161029594,6.447886153296846,7.890819751377976,8.882049708535423,10.452601318774644,gnn_st,better than persistence
2026-09-20,2026-10-11,3,60646,2.386714220046997,0.0,6.132648970156197,0.0,0.0,0.0,0.484452652260287,0.7917487396615617,1.0571484887420208,1.2630243021641996,1.422349916479865,1.578473614802354,1.720778092546687,1.8485294044827971,1.939374180164331,2.0475983804052094,2.212295263176838,2.4584875503704877,2.7676756713840747,3.142590416383446,3.597511063765488,4.148342669959884,4.770384032327469,6.005478836366764,6.853932965733027,8.198263803868343,gnn_st,better than persistence
2026-09-20,2026-10-11,3,60647,2.655294418334961,0.0,6.545306864130742,0.0,0.0,0.1464126823007854,0.6798672773166661,0.9989827142581288,1.274590378541114,1.4883846728697216,1.653838335030796,1.8159669277780253,1.9637447793548009,2.0964097152252728,2.1907486003397,2.3031353646476043,2.474166887219301,2.729828324251621,3.050908566986764,3.440243438374311,3.912661432338041,4.4846793521833925,5.130645927372436,6.413245459921823,7.294333183840498,8.690370232126245,gnn_st,better than persistence
2026-09-20,2026-10-11,3,60649,4.125579357147217,0.0,8.713661601005025,0.2310683858378559,0.7746049174227871,1.166474237193608,1.795658228093675,2.172039509740843,2.4971054699113657,2.74926553862974,2.944410160946541,3.135633024104514,3.3099298795265684,3.4664017790722084,3.5776699484495684,3.7102247217184874,3.911948161626566,4.213488507841886,4.5921871832507,5.05138890438104,5.608583165321384,6.2832507397265465,7.045137189975216,8.557901537973681,9.597102054095782,11.243660486043728,gnn_st,better than persistence
2026-09-20,2026-10-11,3,60651,2.570723056793213,0.0,6.413759856504025,0.0,0.0,0.0921384835941743,0.6191511006968611,0.9344129114520596,1.2066923477984848,1.417904870154558,1.5813605200250698,1.7415312538967114,1.8875245456162637,2.0185874246393154,2.1117870768744296,2.2228166627829515,2.391782815028549,2.644356894025143,2.9615597836520964,3.346193061566181,3.812906153348276,4.378016405999411,5.016182312773732,6.283293220916555,7.153740962144854,8.53291951878936,gnn_st,better than persistence
2026-09-20,2026-10-11,3,60652,2.9578559398651123,0.0,7.007888476747567,0.0,0.0,0.3457684970317771,0.901167354199648,1.2334099679813095,1.520355067338677,1.7429440333885151,1.9152038203264528,2.0840017573343173,2.237858619094072,2.375980878152532,2.4742005007194416,2.5912104225395862,2.7692775215270324,3.0354558828652065,3.36974412696398,3.775094731578804,4.266946177614587,4.8624947058866,5.535033851637061,6.870394576312734,7.787726846952384,9.241191468733042,gnn_st,better than persistence
2026-09-20,2026-10-11,3,60653,3.443155527114868,0.0,7.707742851298726,0.0,0.3284504368902934,0.6926899698821924,1.2775116730597946,1.6273551931757195,1.929501514794672,2.1638823683988813,2.3452678010224965,2.5230079885288013,2.685015581412098,2.830455014257188,2.9338779259425825,3.0570865729975614,3.2445869662118336,3.5248664097465245,3.8768639296243954,4.3036884142546565,4.821596214511565,5.448694560383173,6.156862183696294,7.562965065044609,8.52889398976529,10.059357447959323,gnn_st,better than persistence
2026-09-20,2026-10-11,3,60654,1.6101330518722534,0.0,4.937818398221648,0.0,0.0,0.0,0.0,0.1932521900641262,0.4290189385143239,0.6119078496126218,0.7534440875411919,0.8921359168931248,1.0185514998917116,1.132038839385362,1.212740412956291,1.3088809250811897,1.455188706703012,1.6738925873444637,1.948558551435863,2.281612484910908,2.685739324547095,3.1750682601847897,3.7276560825737097,4.824847345884964,5.5785679955197285,6.772798629296274,gnn_st,better than persistence
2026-09-20,2026-10-11,3,60655,1.6841200590133667,0.0,5.056229542139286,0.0,0.0,0.0,0.0,0.2483240346673938,0.4872382364343537,0.6725686890715636,0.8159944161008599,0.9565377620944356,1.084640975552427,1.1996433552519072,1.2814222836113016,1.3788462582081218,1.5271072283756604,1.7487307754206172,2.027063491950025,2.364563649137564,2.774085525903315,3.26994693480785,3.829911727807821,4.941750341958548,5.705533057487673,6.9157065042095,gnn_st,better than persistence
2026-09-20,2026-10-11,3,60656,2.77862548828125,0.0,6.724751319834574,0.0,0.0,0.2335531614364221,0.7747028329826136,1.0984215065110534,1.3780048082499958,1.5948830828685352,1.762723412244486,1.927190708117713,2.077100253540588,2.211678879618155,2.307378602088792,2.421386544207186,2.594885194567416,2.8542345449520523,3.179946366575636,3.5748973891018885,4.054130007312578,4.634399279214964,5.289683914982255,6.590784931355987,7.484582335777592,8.900757202775704,gnn_st,better than persistence
2026-09-20,2026-10-11,3,60657,1.3874074220657349,0.0,4.5787057751992215,0.0,0.0,0.0,0.0,0.0285981927510978,0.2547019128273269,0.4300950224657325,0.5658303207281331,0.6988377900459434,0.8200721616419172,0.9289081608222198,1.0063021365220923,1.0985022774849948,1.2388135551280437,1.4485537383099198,1.7119623685244036,2.031365905451222,2.4189293868371182,2.8882029099946704,3.4181426200354585,4.470364902866047,5.193193901870082,6.338478343806163,gnn_st,better than persistence
2026-09-20,2026-10-11,3,60659,2.9758951663970947,0.0,7.027136794276251,0.0,0.0170102941076599,0.3630279146656923,0.918592579824403,1.2509343808470033,1.5379651443892928,1.760620561834858,1.9329317749664336,2.101780104672144,2.2556828986422306,2.3938463925249414,2.4920953374393298,2.609140191236368,2.7872604501241938,3.0535182759746355,3.387906318013934,3.7933779354260833,4.285376218098288,4.88110254058728,5.553842465224984,6.889601846606462,7.807207976327319,9.261106513384512,gnn_st,better than persistence
2026-09-20,2026-10-11,3,60660,2.278169631958008,0.0,6.019409137134923,0.0,0.0,0.0,0.3782924046849087,0.6852033197611611,0.9502704103971926,1.1558881741110516,1.3150140858603074,1.470942094975093,1.613068204855984,1.7406593902175609,1.831390298866939,1.939478848285892,2.1039692960137244,2.349852999858777,2.6586535770267945,3.033098394845388,3.48744883371962,4.037590014297966,4.658851695024208,5.8923984014573225,6.739789057961154,8.082434879411412,gnn_st,better than persistence
2026-09-20,2026-10-11,3,60661,1.8930659294128416,0.0,5.373730589796592,0.0,0.0,0.0,0.1255138882011324,0.4110486620411286,0.6576540060002405,0.8489506291422872,0.9969935269066706,1.1420612538294797,1.274288374626131,1.3929929187351069,1.477404479904448,1.577964733701111,1.7309985310788845,1.9597565983861167,2.2470494206092155,2.5954144057542603,3.018119638560414,3.5299438515815726,4.107935069187992,5.25556606743692,6.043936527962354,7.29306796038393,gnn_st,better than persistence
2026-09-20,2026-10-11,3,60666,1.345625638961792,0.0,4.508143811895003,0.0,0.0,0.0,0.0,0.0,0.2231352412743665,0.3969465980514881,0.5314577906643201,0.6632657547929053,0.7834067948745839,0.8912612751487615,0.9679572864715738,1.059325936179891,1.1983718404833608,1.4062205175760971,1.6672536419603483,1.9837766925357945,2.367844998729945,2.8328864586125504,3.3580469977133105,4.400779993250884,5.117090282142812,6.252046171567617,gnn_st,better than persistence
2026-09-20,2026-10-11,3,60707,2.0681023597717285,0.0,5.660831156884649,0.0,0.0,0.0,0.2436418792389978,0.5383697845807831,0.7929148807654172,0.9903705261125086,1.1431798409712126,1.2929181958260658,1.429402525974976,1.5519289040034343,1.6390581957373056,1.7428561064560075,1.900817008874586,2.136940214117799,2.433482770300436,2.7930637802959315,3.2293785106053874,3.757681512646968,4.3542818446490745,5.538862187247718,6.352615172003974,7.641963875922242,gnn_st,better than persistence
2026-09-20,2026-10-11,3,60601,2.214648723602295,0.0,6.223082163681116,0.0,0.0,0.0627664300328882,0.4355559598294378,0.6582223338908451,0.8306625280000173,0.9890670120568236,1.153980433271416,1.2917919133497175,1.4611822335396831,1.5757029015894677,1.7170091359666029,1.8890425731795168,2.0990402785157563,2.443733867092936,2.804683108110048,3.214887002555902,3.661042920425072,4.2600045782828815,5.05388607129833,6.2093695976416505,7.1513364497508105,8.22558830675272,lstm,not clearly better than persistence
2026-09-20,2026-10-11,3,60602,1.6005128622055054,0.0,5.151329354583652,0.0,0.0,0.0,0.0245276247030818,0.2217736174667135,0.3745274287361098,0.5148478962862704,0.6609342176926112,0.783012651478817,0.9330647732293824,1.0345113565163788,1.1596855710824356,1.3120790622623972,1.4981026863580047,1.803444834963767,2.1231868331968062,2.486560399306823,2.8817815786089307,3.412363653830278,4.115612825990066,5.1391822636131685,5.973610846186055,6.925222309325437,lstm,not clearly better than persistence
2026-09-20,2026-10-11,3,60603,1.5196001529693604,0.0,5.005649641024558,0.0,0.0,0.0,0.0,0.1660091553494755,0.3159767323045759,0.4537377501203086,0.5971594524368267,0.7170111717572916,0.8643263380952223,0.9639225325174604,1.0868135654791389,1.2364273945945503,1.4190579419451803,1.7188306401720854,2.0327405343168845,2.3894861551704767,2.777498487751465,3.298402729259551,3.988824614435866,4.993724113374817,5.812932692399029,6.7471867325684505,lstm,not clearly better than persistence
2026-09-20,2026-10-11,3,60604,2.139935255050659,0.0,6.095526279804121,0.0,0.0,0.016420816302324,0.3842959326610722,0.604026938281657,0.7741938861233988,0.9305101540077134,1.093249552969768,1.2292442905286387,1.3964015703587278,1.509412534232333,1.6488559554090894,1.8186215085533397,2.025850854097996,2.36600041268444,2.722191328537788,3.126987583095786,3.5672619123931755,4.158327572684447,4.941743477035359,6.081994483913558,7.011543566246579,8.071633765423726,lstm,not clearly better than persistence
2026-09-20,2026-10-11,3,60605,2.1855711936950684,0.0,6.1735222646474615,0.0,0.0,0.0446846290338225,0.4155692718290276,0.6370978610341447,0.8086569169728133,0.9662519827962288,1.1303227262870386,1.2674300146537854,1.4359547809767754,1.549890269147521,1.6904744542513817,1.8616288317478855,2.070553486831278,2.4134857535797942,2.772590609327465,3.180698436142726,3.624574578050952,4.220475650282927,5.0103005526063615,6.15987976733771,7.097033339381683,8.165795963894446,lstm,not clearly better than persistence
2026-09-20,2026-10-11,3,60606,3.26150131225586,0.0,7.948092983638504,0.0,0.3214078133139195,0.7455574190625494,1.1814165474827547,1.441754255411028,1.643368374643543,1.828572182262635,2.021386127639841,2.1825129479826995,2.380561206905398,2.514456809041863,2.679669636208903,2.8808081822503504,3.126333899853119,3.529343735379548,3.951359401107908,4.430962763373258,4.95260061518766,5.652896319022212,6.581088953089715,7.932060486466097,9.033391984121328,10.289388842059298,lstm,not clearly better than persistence
2026-09-20,2026-10-11,3,60607,2.303150177001953,0.0,6.373290280875657,0.0,0.0,0.1181413567730853,0.4966696866583187,0.7227638335112738,0.8978586080797912,1.0587016039361357,1.2261537368919293,1.36608671575408,1.5380846660055951,1.6543682892014613,1.797849821341969,1.972531577313387,2.1857620313018344,2.535761905164909,2.9022676743857234,3.31878633348473,3.771810468984453,4.379992668033719,5.186095339001799,6.359366620722988,7.3158343078136765,8.40662342286464,lstm,not clearly better than persistence
2026-09-20,2026-10-11,3,60608,2.6766457557678223,0.0,6.997505355724405,0.0,0.0,0.3570410011574716,0.7588865706707941,0.9989080539592472,1.1847886178436613,1.3555394974190902,1.5333066350973803,1.681859446459229,1.864452422511774,1.9878990844891828,2.140219039022382,2.32566114247922,2.5520265330077208,2.923586301558574,3.312668724021142,3.754844816440203,4.235775112432478,4.881421165447627,5.737179536292925,6.982724001986745,7.998109832042267,9.156091252586103,lstm,not clearly better than persistence
2026-09-20,2026-10-11,3,60609,3.762190580368042,0.0,8.74058109869751,0.2341133963950872,0.6390395519754937,1.0895977664890264,1.552594567662092,1.829141548408844,2.043308663858093,2.2400437209016677,2.444862741796737,2.61602171848796,2.8264009543008246,2.9686332294513367,3.144132617908224,3.357794549797396,3.618607308882731,4.046709538532786,4.495000948616042,5.004465608368733,5.558581929475159,6.302479784559309,7.28846399923736,8.723550378399082,9.89345351268405,11.227651857035497,lstm,not clearly better than persistence
2026-09-20,2026-10-11,3,60610,1.6930973529815674,0.0,5.316603678940379,0.0,0.0,0.0,0.0848496471467092,0.2861335220197705,0.4420144025544525,0.585207412646892,0.7342843111259236,0.8588618492884765,1.011985733204698,1.1155090600441384,1.243245753647039,1.3987589378712413,1.5885907075881749,1.9001836072578,2.226471140212275,2.597283436007379,3.0005953070736746,3.5420390877172845,4.259684685431523,5.304207921213101,6.155718342549656,7.126810530485019,lstm,not clearly better than persistence
2026-09-20,2026-10-11,3,60611,1.7500104904174805,0.0,5.417485442065424,0.0,0.0,0.0,0.1222478631136925,0.3259741720700473,0.4837465542254717,0.6286771078174078,0.7795629465213159,0.9056521429099086,1.060634074289093,1.1654135817443332,1.2947002676371755,1.452100491753621,1.6442357325496015,1.959609586449889,2.2898563823703832,2.6651682168907103,3.073373985497037,3.621387794389881,4.347741501825716,5.404939270793193,6.266782154562039,7.249657843084964,lstm,not clearly better than persistence
2026-09-20,2026-10-11,3,60612,2.3820626735687256,0.0,6.5064451247668496,0.0,0.0,0.1679344608105992,0.5515073996325681,0.7806146804142409,0.9580429254123872,1.1210294596785364,1.290713210348757,1.4325110619297503,1.6068012115450545,1.7246345348781542,1.870028230949726,2.047037953093518,2.2631101078711784,2.6177743948102346,2.989164549512413,3.4112341108401774,3.870295653376758,4.486583035352273,5.303428555446402,6.49233590539736,7.461550341043063,8.566876292794067,lstm,not clearly better than persistence
2026-09-20,2026-10-11,3,60613,2.1250030994415283,0.0,6.069948226480539,0.0,0.0,0.0072037908390054,0.37408882484699,0.5932284564362629,0.7629374246967571,0.91883299008969,1.0811343996376166,1.2167631271472443,1.3834705274796402,1.496177338786794,1.6352454682841246,1.8045541221425536,2.011225740055032,2.3504598355954567,2.70569211542368,3.1093989197593848,3.548488314758292,4.137963207823477,4.919270662252897,6.056452849449774,6.983500185674779,8.040737306321333,lstm,not clearly better than persistence
2026-09-20,2026-10-11,3,60614,1.4904893636703491,0.0,4.952940633201859,0.0,0.0,0.0,0.0,0.1460612698655077,0.2950136668397787,0.4318421348986589,0.5742929684183048,0.693333371929096,0.8396513133283082,0.9385733082682506,1.0606324513039918,1.2092334950743506,1.390627756026796,1.6883711940081327,2.0001561285663976,2.354486820674108,2.739872569827205,3.257250638754224,3.942998830520347,4.941095833381271,5.754758919396696,6.682688685894129,lstm,not clearly better than persistence
2026-09-20,2026-10-11,3,60615,3.529109239578247,0.0,8.373848212338293,0.09574800181122,0.4898033736844125,0.9282657508953028,1.3788327842864625,1.6479554918141328,1.856373004879932,2.0478264464406,2.2471468270414103,2.4137108123014386,2.618442136421041,2.7568559960949583,2.927643868967162,3.135569760800577,3.389380652871334,3.805989906138002,4.24224633431244,4.738033734529493,5.2772740625878765,6.001200985759048,6.960715136726027,8.357274704482656,9.495770225908004,10.794150232955012,lstm,not clearly better than persistence
2026-09-20,2026-10-11,3,60616,3.860716581344605,0.0,8.894536125992015,0.2933580508476749,0.7027926238476976,1.1583673196995443,1.6265190925010624,1.9061451265718792,2.122696762607646,2.3216222530080204,2.528721713506574,2.7017863613958752,2.9145079438277306,3.058323822452809,3.235777207926553,3.4518180357264057,3.7155346644929503,4.148403352231554,4.601686005222758,5.116823006253121,5.677108816882864,6.429289174843296,7.426251263752636,8.877315786932229,10.06024453489314,11.409297743456246,lstm,not clearly better than persistence
2026-09-20,2026-10-11,3,60617,3.5161995887756348,0.0,8.35342808968864,0.0881608592101761,0.4816053536360449,0.9193880122163662,1.369256561945451,1.6379620667033434,1.846056484165208,2.037213128377051,2.236224516044402,2.4025302883998627,2.606944231365464,2.745143517374594,2.9156666293343454,3.123270187691041,3.3766876138660944,3.792651025925326,4.228231155203102,4.723249969675416,5.261654349847763,5.984459017969414,6.942485698907937,8.336880274623645,9.473610863281776,10.769978079434471,lstm,not clearly better than persistence
2026-09-20,2026-10-11,3,60618,1.826978087425232,0.0,5.553089684080678,0.0,0.0,0.0,0.1731903227743421,0.3801738665896821,0.5404687589970929,0.6877165039901301,0.8410147489074097,0.9691198956556898,1.1265797227567729,1.2330344751322144,1.3643882337671596,1.5243050179657591,1.7195121722871265,2.039928314126556,2.375455190863568,2.7567676190070345,3.171499898921374,3.7282755103063714,4.466242369857577,5.540342921011424,6.415965196839945,7.414555384737578,lstm,not clearly better than persistence
2026-09-20,2026-10-11,3,60619,3.1973681449890137,0.0,7.845260014561331,0.0,0.2815526381767608,0.702199804022074,1.1344598004781954,1.3926477547246832,1.592597033705784,1.7762715101708215,1.9674932832412475,2.127289589545156,2.3237024535142066,2.456492404971182,2.620340977661577,2.819818610524744,3.0633168853126014,3.4629988438111,3.8815296907692938,4.3571727005293095,4.87450309760955,5.569016069162877,6.489544098865643,7.829359906661684,8.921597095771329,10.167222487004956,lstm,not clearly better than persistence
2026-09-20,2026-10-11,3,60620,2.7689201831817627,0.0,7.149511641131183,0.0,0.0207933203953567,0.4172490541390443,0.8246497642298256,1.0679893208838562,1.2564395103690846,1.4295508617568942,1.6097754644784137,1.7603818800427202,1.945499033857525,2.0706522309148983,2.22507786689485,2.4130835346456285,2.6425782157814144,3.019274451930325,3.413735576354483,3.862024341252064,4.3496030504778895,5.004174558592927,5.871762991559205,7.134525948950681,8.163948542017302,9.337937976746778,lstm,not clearly better than persistence
2026-09-20,2026-10-11,3,60621,2.9637417793273926,0.0,7.467845733807995,0.0,0.1381304003825132,0.5457643592377717,0.9646518923466127,1.2148525033663933,1.4086161199535387,1.5866084138791403,1.771914520053368,1.9267673426516392,2.117103947318663,2.245785887918044,2.404565615351488,2.5978721767393047,2.833837550538354,3.221154885004073,3.626737995746703,4.087666438425442,4.588992620842965,5.262020029696875,6.154070459255594,7.452437514151185,8.510885081510837,9.717975609409258,lstm,not clearly better than persistence
2026-09-20,2026-10-11,3,60622,1.936037302017212,0.0,5.743688163199116,0.0,0.0,0.0,0.2460593604179106,0.4575723675877385,0.6213750260121362,0.771845023618511,0.928497925480304,1.0594064234371965,1.2203119762395198,1.3290962998016729,1.4633244996856385,1.6267407756817176,1.8262196882102075,2.1536475622187545,2.4965168424367983,2.886173608676184,3.30998156015923,3.878941206477414,4.633057146219003,5.730662460098465,6.625446157833439,7.645888699685686,lstm,not clearly better than persistence
2026-09-20,2026-10-11,3,60623,3.3704891204833984,0.0,8.122124284700806,0.003108528760686,0.3895911384883095,0.8196273615863525,1.2615356195412422,1.5254864593631363,1.7298987072655256,1.9176728908376584,2.113162830488308,2.276525871078057,2.4773227693987288,2.6130766596577435,2.780582415266932,2.9845124896717588,3.233445768968276,3.642048830699895,4.069921497604093,4.556181099636931,5.085058572535459,5.795073424481998,6.736148104858741,8.1058692783601,9.222485753329195,10.495914132585444,lstm,not clearly better than persistence
2026-09-20,2026-10-11,3,60624,2.8641574382781982,0.0,7.305556324814447,0.0,0.0778835513831683,0.4798425268577664,0.8928984069918791,1.1396157843935484,1.330681869825545,1.506196197212858,1.6889225156877812,1.841619513984364,2.0293062975441125,2.15619675865944,2.312765992352616,2.503381385599463,2.736061705379752,3.117986899695255,3.517923578478671,3.972435084601828,4.466781922703928,5.130439603454956,6.010071118317086,7.290362614740508,8.334074725881216,9.524360425487084,lstm,not clearly better than persistence
2026-09-20,2026-10-11,3,60625,2.2893877029418945,0.0,6.349993646209319,0.0,0.0,0.1094971893281657,0.4871388298614238,0.7127033590960115,0.8873879802891038,1.0478542070623813,1.2149140892629873,1.3545192800243506,1.526114331102914,1.6421255639851462,1.7852709956631263,1.9595435657407136,2.1722745348606822,2.5214545462805917,2.887101788576607,3.302644767308349,3.754607709641218,4.361365263195332,5.165579666896434,6.336102601742778,7.290329796783878,8.378563776545867,lstm,not clearly better than persistence
2026-09-20,2026-10-11,3,60626,2.7443110942840576,0.0,7.109052323039821,0.0,0.0061277382242077,0.4011489820581881,0.807075600193446,1.0495346849336098,1.2373030078892606,1.409787993038205,1.5893604917489088,1.7394219703503315,1.923869317509162,2.0485696746072004,2.202436554595603,2.389761964223212,2.6184262681531694,2.9937595098898724,3.3867933614696835,3.8334600897686046,4.319274600172111,4.971477681893851,5.835926932482524,7.094120853367389,8.119818701911754,9.28956030805689,lstm,not clearly better than persistence
2026-09-20,2026-10-11,3,60628,2.3954758644104004,0.0,6.529007409720313,0.0,0.0,0.1764360636427273,0.5608598801312419,0.7904753882895874,0.9682972213535316,1.131645307720777,1.3017054668891164,1.4438178678370306,1.6184946442990094,1.7365893566224455,1.8823055787023009,2.059707960505025,2.276259426913552,2.631710463621256,3.0039244709893227,3.42693030682218,3.887010182965176,4.504664671731664,5.323322195592796,6.514866891949818,7.486231330460471,8.59400922047773,lstm,not clearly better than persistence
2026-09-20,2026-10-11,3,60629,3.268197536468506,0.0,7.958811493357971,0.0,0.3255806908604368,0.7500943246557905,1.1863275308660377,1.4468886746434109,1.6486758299769184,1.834038589483316,2.0270180181781194,2.1882831262404263,2.3865013608506547,2.520511879407765,2.685866501125483,2.8871776751053844,3.1329141161090197,3.536269836392262,3.958647698705035,4.438662682419047,4.960748231946048,5.661644967288682,6.590634226289897,7.942765236232588,9.045041955923754,10.302116778043914,lstm,not clearly better than persistence
2026-09-20,2026-10-11,3,60630,2.525951385498047,0.0,6.747445438482882,0.0,0.0,0.2596899043424594,0.6522943485914328,0.8867961278903911,1.068402050705242,1.235226222144843,1.4089053008477426,1.5540418865689083,1.7324358252496206,1.853043620375317,2.001860717375941,2.183038262909684,2.40419799462771,2.767213111638596,3.147347919204009,3.5793554170958397,4.049225899453569,4.680024218650048,5.516102964034813,6.733004007222487,7.725039305732887,8.856390965560449,lstm,not clearly better than persistence
2026-09-20,2026-10-11,3,60631,2.390044689178467,0.0,6.519874089368124,0.0,0.0,0.1729923432735454,0.5570718554448622,0.7864817113845795,0.9641442805783108,1.1273460663030626,1.2972539132460048,1.4392390330238274,1.6137593624456636,1.7317483047373088,1.877334017930368,2.054577511539084,2.2709350263723382,2.626067707865715,2.997948346477317,3.420575322496525,3.880243133931725,4.497344428286478,5.315268731915976,6.505746236373086,7.476240684640141,8.583026407435524,lstm,not clearly better than persistence
2026-09-20,2026-10-11,3,60632,3.411982774734497,0.0,8.188148380371128,0.0272179922044744,0.4156958285624728,0.8479521249646047,1.2921417459155564,1.5574552388852692,1.7629227703898804,1.951666343119844,2.148165504721867,2.312371911302219,2.514205428887877,2.6506601521732804,2.81903066064824,3.024013529421935,3.2742319333153618,3.6849444190922025,4.115025989884776,4.603795919893134,5.135403736645623,5.849084058926167,6.795017062073971,8.171809457132968,9.294190494001352,10.574192980734152,lstm,not clearly better than persistence
2026-09-20,2026-10-11,3,60633,3.423264980316162,0.0,8.206078705697571,0.033788819781237,0.4228073926604425,0.8556653624248893,1.3004732671694317,1.5661560597021842,1.7719095889853262,1.9609158808033973,2.157688556781584,2.3221235282702626,2.52423798531745,2.6608826449273115,2.8294875144764577,3.0347557064088866,3.2853223984582915,3.696606569978796,4.1272867870535,4.61673705381955,5.149084834952432,5.863758554998835,6.811008236920936,8.189717039714047,9.313660359833992,10.595444528884377,lstm,not clearly better than persistence
2026-09-20,2026-10-11,3,60634,2.5283892154693604,0.0,6.751509341109925,0.0,0.0,0.2612547955439948,0.654010466667458,0.8886025734491159,1.0702784488498287,1.2371668791087216,1.41091285706511,1.5561053477882552,1.73456800183419,1.855222253743968,2.004096673438667,2.1853440065520973,2.406588926544176,2.769743872949105,3.150025104223356,3.5821990066086133,4.052250477861153,4.683291773569087,5.519692567207112,6.73706234717049,7.729479766667484,8.861267210597774,lstm,not clearly better than persistence
2026-09-20,2026-10-11,3,60636,3.526230573654175,0.0,8.369295828518464,0.0940554633913457,0.4879747004734724,0.9262856015508744,1.376696976998177,1.6457267103750672,1.8540722211878309,2.045459521093985,2.244711042239235,2.411217484435645,2.615878079774414,2.7542441214430147,2.9249729920199843,3.132827051441352,3.386550259152934,3.8030155859115577,4.239121300044419,4.734737419982204,5.273791456025215,5.997468283277216,6.956650949717426,8.352728046332846,9.490830250318565,10.78876170443723,lstm,not clearly better than persistence
2026-09-20,2026-10-11,3,60637,4.377820491790772,0.0,9.693084226005148,0.6110085797005138,1.0433349112462356,1.524381090516191,2.0187075394501828,2.313967650555916,2.5426268321965493,2.7526743787082677,2.971352907407974,3.1540937145508767,3.3787087017502104,3.5305654215392392,3.7179403434958864,3.946060157273327,4.224521357671855,4.681592020854543,5.160218007627255,5.704156660064671,6.295768421992417,7.090003682671693,8.14270658323576,9.674901086366646,10.923968165237596,12.348447833489846,lstm,not clearly better than persistence
2026-09-20,2026-10-11,3,60638,3.2587368488311768,0.0,7.943666956205107,0.0,0.3196857179645116,0.7436849475402978,1.179389548343968,1.439634957263508,1.641177597095287,1.826315743354783,2.019061329306957,2.180131024441499,2.378109068188204,2.5119571995550705,2.6771114528785485,2.878178688126929,3.1236173581001645,3.5264843122567573,3.9483503583701705,4.427783684126886,4.949236596705926,5.649284020720399,6.577147577372573,7.927640143125136,9.02858117945869,10.284132741684864,lstm,not clearly better than persistence
2026-09-20,2026-10-11,3,60639,3.1131162643432617,0.0,7.709672971591172,0.0,0.2295054358132522,0.6455066264194818,1.072992385929668,1.3283286988485643,1.5260695726039886,1.707715396224086,1.8968251578630937,2.054856541584217,2.24910005942014,2.380423368815641,2.542462262341436,2.739736699228776,2.980545577659593,3.375813118010376,3.7897213641057945,4.260110979036567,4.771727551300158,5.458569747127289,6.368930703852666,7.693948477634987,8.774122095781038,10.00598976987133,lstm,not clearly better than persistence
2026-09-20,2026-10-11,3,60640,1.8691339492797847,0.0,5.626973595110957,0.0,0.0,0.0,0.2012640890818495,0.4100101093787405,0.5716699217830419,0.7201714895811573,0.8747750776496334,1.0039710469055758,1.162771653263498,1.2701328738245383,1.4026051170795164,1.563883601662407,1.7607529558484591,2.083897459101997,2.422281366008059,2.8068406908580843,3.2251044393907264,3.7866210263261406,4.530871715065638,5.614118292639433,6.49719654124445,7.504289780584893,lstm,not clearly better than persistence
2026-09-20,2026-10-11,3,60641,2.4289441108703613,0.0,6.585216420140476,0.0,0.0,0.1976961873934737,0.5842349245438048,0.8151136702063024,0.993913796114598,1.1581605475179535,1.3291562984185177,1.4720505355591276,1.6476883022299167,1.766432716617667,1.9129506014343771,2.091328968456117,2.3090718001001203,2.66647836273924,3.0407401180902256,3.4660731348725973,3.928684156055017,4.549736691935463,5.372898087923928,6.570998107831977,7.547706540739036,8.661578908381802,lstm,not clearly better than persistence
2026-09-20,2026-10-11,3,60642,2.570374011993408,0.0,6.821401089014013,0.0,0.0,0.2882580598959552,0.6836091138388014,0.9197514371246852,1.1026278513855057,1.2706191030585583,1.445513218035693,1.5916651604577745,1.771307119960681,1.8927586715545,2.042616873634864,2.225061913742762,2.4477688502159283,2.813323573830891,3.1961177551317057,3.63114752136236,4.104305156579954,4.739516458878797,5.581444302562253,6.806858627376417,7.805834075972903,8.945100525053567,lstm,not clearly better than persistence
2026-09-20,2026-10-11,3,60643,2.268165349960327,0.0,6.314025154054173,0.0,0.0,0.0961911348857875,0.4724613652731595,0.6972067542150944,0.871257006111686,1.0311404978582908,1.197593700093475,1.3366919129305872,1.5076638145235677,1.6232537512225007,1.7658793485488902,1.939519045698544,2.151477479753302,2.499389439774733,2.8637088297258857,3.2777427591476007,3.728064392635913,4.332618498858684,5.133912388309436,6.300184555082179,7.250946462622378,8.335228507637883,lstm,not clearly better than persistence
2026-09-20,2026-10-11,3,60644,3.1379542350769043,0.0,7.749704262160722,0.0,0.2448120063291927,0.6621882347177332,1.0910869927577305,1.3472672866204016,1.545661767092971,1.727907997337176,1.9176428366757896,2.07619657256396,2.271082137062307,2.4028395185619145,2.565414010556736,2.763340512414872,3.004945353245882,3.401519398997073,3.816795764919173,4.2887401914888095,4.802047845731981,5.4911603090272685,6.404530345388244,7.733927792936711,8.817671784365206,10.05361123669299,lstm,not clearly better than persistence
2026-09-20,2026-10-11,3,60645,3.586621761322021,0.0,8.464679396358688,0.1296483115869202,0.5264137155026134,0.9678915244941289,1.421557236865301,1.6925307785975592,1.9023816387991723,2.0951517607004986,2.2958429248426784,2.4635524184992432,2.669691738773879,2.8090575103404305,2.9810199404982107,3.1903757984469348,3.4459322209668204,3.8654066158002376,4.304663304809795,4.803860377465697,5.346809216235913,6.075714792911786,7.041827798455959,8.447991907726358,9.59431719005216,10.901626529557484,lstm,not clearly better than persistence
2026-09-20,2026-10-11,3,60646,2.62414288520813,0.0,6.910644366646637,0.0,0.0,0.3229828991051366,0.721633118854389,0.9597460266895244,1.144148526708079,1.3135416489156044,1.489895238145102,1.6372668042058964,1.8184078582585124,1.9408729111498677,2.0919816652426326,2.2759491913332277,2.5005145953691685,2.869119837333565,3.255108398568982,3.6937684455721382,4.170874534892945,4.811386613267851,5.660340262309962,6.895980549591628,7.903292350421352,9.05206586638778,lstm,not clearly better than persistence
2026-09-20,2026-10-11,3,60647,2.32431435585022,0.0,6.409072838312047,0.0,0.0,0.1314578239118473,0.5113456820421467,0.7382518721542783,0.9139755198421776,1.0753962019075147,1.2434497585520428,1.3838853228804835,1.5565010236489316,1.673202292916946,1.8171991555629656,1.9925083012497395,2.206504597057724,2.5577615359188948,2.9255836529686454,3.3435982869708085,3.7982495110112895,4.408616066718892,5.217613948594797,6.395099169724718,7.35500212105702,8.449708931282272,lstm,not clearly better than persistence
2026-09-20,2026-10-11,3,60649,3.626317262649536,0.0,8.52723952277617,0.1531401499428359,0.5517652883856581,0.9953124096615608,1.4511045619409124,1.7233482215980815,1.9341827030691228,2.127856384726317,2.329488236447508,2.497983824689947,2.705089369356957,2.8451083816917926,3.0178768409679817,3.228213999991954,3.4849682767045174,3.906408848547369,4.347724438919701,4.849261367880355,5.394755137967566,6.127077269752787,7.097718678468676,8.510473815885712,9.66217219950972,10.9756092111667,lstm,not clearly better than persistence
2026-09-20,2026-10-11,3,60651,3.099597692489624,0.0,7.687863982862665,0.0,0.2211877866058436,0.6364386713831185,1.0631534113279808,1.318029195940101,1.5154134213648196,1.6967316259219312,1.885500306430226,2.0432466624373884,2.2371398398248696,2.3682262925797133,2.529972930388276,2.7268915602172648,2.9672661122345265,3.361820742271064,3.774982457402845,4.244523670747439,4.755217483881904,5.440820881083603,6.349539897478742,7.672167849833658,8.750393251050816,9.980039110595282,lstm,not clearly better than persistence
2026-09-20,2026-10-11,3,60652,2.4555816650390625,0.0,6.629864928711755,0.0,0.0,0.2146647637810619,0.6028785431450892,0.8347577878729096,1.014332733301025,1.1792912380569458,1.3510279886907648,1.4945414493562126,1.670940331654537,1.7901993177724234,1.9373521289717752,2.116503487846736,2.3351898948680025,2.694145257206439,3.070028853213828,3.497205024871805,3.9618207429048287,4.58556457234667,5.412293088404733,6.615585002207742,7.59652594197208,8.715225208078444,lstm,not clearly better than persistence
2026-09-20,2026-10-11,3,60653,3.882277011871338,0.0,8.928144882552877,0.3063800945143229,0.7167946393193332,1.173459742250702,1.6427320250629864,1.923027337322311,2.1400972844916097,2.3394988982697864,2.5470940463470164,2.720572920309433,2.933803646733619,3.077963745205912,3.255841861090645,3.4723997774168005,3.7367476055928233,4.170652354126531,4.625019928247787,5.141389897302849,5.703016738547395,6.456997422107263,7.456345715802911,8.910883327025642,10.096643386499444,11.448925521477172,lstm,not clearly better than persistence
2026-09-20,2026-10-11,3,60654,1.9888432025909424,0.0,5.835353918669013,0.0,0.0,0.0,0.2816178031803735,0.4952894548969129,0.6607638389521637,0.8127694926589499,0.971021151669796,1.103265666352156,1.2658133777088865,1.375707924656198,1.5113060212456733,1.676390079558041,1.8779048199179973,2.208674334254614,2.5550428456163163,2.948676343427848,3.376809564243325,3.9515758588346217,4.713388101903808,5.822195278765365,6.726110896921909,7.756967799373895,lstm,not clearly better than persistence
2026-09-20,2026-10-11,3,60655,1.8191951513290403,0.0,5.539419434121396,0.0,0.0,0.0,0.1680203968848708,0.3746769035046449,0.5347185275067028,0.6817336187887815,0.834789650111788,0.9626923887499456,1.1199034268926398,1.2261899791154038,1.3573361967832789,1.5170003099933342,1.7118990339963924,2.0318089133836983,2.366805652474101,2.7475156010926947,3.161592597600278,3.7174884949212954,4.454289355438377,5.526692811134633,6.400931590245572,7.397943990225626,lstm,not clearly better than persistence
2026-09-20,2026-10-11,3,60656,3.789888381958008,0.0,8.783923369965388,0.2507243022658874,0.6569229283243425,1.1088970109380454,1.5733487681637257,1.8507647909912224,2.065604921329786,2.262958213448163,2.4684208730754804,2.6401177126384665,2.8511580600221134,2.993837296596728,3.1698881875625284,3.384221546814109,3.645853903575862,4.075301433946331,4.525001588752624,5.036067228659869,5.591924846667708,6.338160382452976,7.327243028259046,8.766839131047576,9.9404186571389,11.278809686950767,lstm,not clearly better than persistence
2026-09-20,2026-10-11,3,60657,1.5126060247421265,0.0,4.993000432276133,0.0,0.0,0.0,0.0,0.1612108267259271,0.3109351258026855,0.4484726672589751,0.5916617104357232,0.7113190059174898,0.858395197125983,0.9578298262861696,1.080521505024934,1.2298926301128696,1.4122269136111258,1.7115133196174712,2.0249139881377145,2.3810808951152067,2.7684637928612963,3.2885230218589028,3.977824902466252,4.981094250255119,5.798973906527687,6.731712396834001,lstm,not clearly better than persistence
2026-09-20,2026-10-11,3,60659,3.583433151245117,0.0,8.459649493667435,0.1277645855760192,0.524380224715951,0.965691391594988,1.419185861355254,1.6900571202490535,1.8998287692424536,2.092526127304507,2.293141537696741,2.46078772700655,2.666849237046796,2.806162403009831,2.978059923489152,3.187336757075342,3.4427967161688926,3.8621127743931702,4.30120365968375,4.800212303265674,5.342956198232105,6.071586639074147,7.037334971448213,8.442968303966332,9.588860889420982,10.895676766320566,lstm,not clearly better than persistence
2026-09-20,2026-10-11,3,60660,2.3762574195861816,0.0,6.496673826977845,0.0,0.0,0.1642583327247986,0.5474624243080981,0.776349393437612,0.9536070218160602,1.116436826743354,1.2859574079703024,1.42761890544309,1.601741456059856,1.7194614697938269,1.8647153539603127,2.041554861939803,2.257419239761436,2.6117424782853096,2.9827755008252157,3.404439196210767,3.863059300978396,4.478754055382824,5.294814089369848,6.482578175162469,7.450860605361269,8.555123665589255,lstm,not clearly better than persistence
2026-09-20,2026-10-11,3,60661,2.13738751411438,0.0,6.091164152191556,0.0,0.0,0.0148471083943464,0.3825534844294662,0.6021837018223324,0.7722725959317809,0.9285171632403884,1.091181915406216,1.227114273654807,1.3941948802546584,1.5071540072255496,1.6465334672182768,1.816221150745625,2.02335544243837,2.3633489781136525,2.7193765130593457,3.123987091968298,3.5640594722087733,4.154854017096017,4.937910577073372,6.07763856318892,7.006761271445504,8.066365218752573,lstm,not clearly better than persistence
2026-09-20,2026-10-11,3,60666,1.301659345626831,0.0,4.60695004739965,0.0,0.0,0.0,0.0,0.0182548059705778,0.1604462577487415,0.2910640854110582,0.4270490795207314,0.5406862423948651,0.6803628164639618,0.7747947447781616,0.8913136266733519,1.033169673159852,1.206330453603758,1.4905593251357876,1.7881923501018595,2.1264399818540336,2.4943330824676453,2.988227375096069,3.642849475325302,4.59564288271668,5.372373823668363,6.258184883622192,lstm,not clearly better than persistence
2026-09-20,2026-10-11,3,60707,2.1620800495147705,0.0,6.1334066868089945,0.0,0.0,0.0301181246072865,0.3994566734235825,0.620061784063114,0.7909056677007269,0.9478437724255676,1.1112305598843495,1.2477662938415883,1.415588536801666,1.529049066044705,1.66904720271992,1.83948809488439,2.0475418129863105,2.3890445098588744,2.746652377618356,3.1530589394552955,3.5950847102475496,4.188501670296125,4.975034056874849,6.119821060505787,7.053067952876722,8.117375263612704,lstm,not clearly better than persistence
2026-09-20,2026-10-11,3,60601,2.550513744354248,0.0,6.3360547338793705,0.0,0.0,0.0968543729212649,0.5351705458284117,0.8040543934266902,1.0216963132221728,1.2176150313576743,1.389345164443927,1.5834545782364629,1.77974043689444,1.9459103357790732,2.11371484459114,2.3142749615925684,2.50547118786429,2.7502244654504926,3.0911040935906837,3.390812842554676,3.825506322255276,4.342494912445161,5.057163076204041,6.253566881836317,7.095346033741998,8.412845245870171,colagnn,better than persistence
2026-09-20,2026-10-11,3,60602,1.446641206741333,0.0,4.499406149742617,0.0,0.0,0.0,0.0,0.0382480878605258,0.2137605508658446,0.3717548232979171,0.5102427518115167,0.666777951185152,0.8250682958878112,0.9590722977730776,1.0943944943089252,1.256131719144259,1.4103176435369764,1.6076934552287023,1.8825882143791584,2.12428163798222,2.474830481450878,2.891744377887467,3.468072549274113,4.432885664655464,5.111719652135118,6.174187452205417,colagnn,better than persistence
2026-09-20,2026-10-11,3,60603,1.293532371520996,0.0,4.230256344973808,0.0,0.0,0.0,0.0,0.0,0.1075156797293901,0.2595043117343623,0.3927280702920274,0.5433130911740551,0.6955865412214054,0.8244968150953517,0.9546751767206708,1.1102644849189902,1.258589530897771,1.4484627405281647,1.7129082659605963,1.9454144970571767,2.282638361881981,2.683704627182853,3.238125550211211,4.166264420626991,4.819294733228176,5.841376261857288,colagnn,better than persistence
2026-09-20,2026-10-11,3,60604,1.852617621421814,0.0,5.193616477165326,0.0,0.0,0.0,0.0739393984579823,0.3112477857240396,0.5033316667361813,0.6762433364078808,0.827806925264919,0.9991217600968252,1.1723574563921648,1.319013758244075,1.4671127151649048,1.6441207368092865,1.8128644843909056,2.028875993080858,2.329725581214764,2.5942390523714005,2.9778857814115884,3.434163574476387,4.064907112576146,5.120815305535917,5.863742985116643,7.026526157282317,colagnn,better than persistence
2026-09-20,2026-10-11,3,60605,2.290570020675659,0.0,5.916907773874872,0.0,0.0,0.0,0.3599833101658121,0.6175590834751423,0.8260479395242537,1.0137271764151188,1.1782350939613302,1.364181117907446,1.5522120550020777,1.711393577388983,1.872140965185353,2.064266404080565,2.2474217563847385,2.4818817855287985,2.808425512896112,3.095529827534261,3.5119420076875576,4.007188327240419,4.691800685267875,5.837888998785196,6.64426661478732,7.906357593585558,colagnn,better than persistence
2026-09-20,2026-10-11,3,60606,3.1142544746398926,0.0,7.223923493679978,0.0,0.0678082903301122,0.450506299687373,0.9263522623450604,1.2182586559761492,1.454535652448483,1.6672294492927011,1.8536635704746085,2.064393145553728,2.2774855184627745,2.45788332348796,2.6400556980649155,2.857788302619072,3.0653552553585914,3.331064955765432,3.7011315990447016,4.026502203605793,4.498415288485211,5.059669808824485,5.8355297505398624,7.134372813624861,8.048227322407918,9.478534300901922,colagnn,better than persistence
2026-09-20,2026-10-11,3,60607,2.503253698348999,0.0,6.260351932467045,0.0,0.0,0.0680299570008733,0.503052830553592,0.7699164127442804,0.9859230746180556,1.1803697526422452,1.3508095871463632,1.5434605550803049,1.738271615107617,1.9031929923666568,2.0697366978712037,2.268789901496691,2.458549570215965,2.701463888026345,3.039782308689645,3.337239188590872,3.768666588131625,4.281770771823282,4.9910692587419785,6.178483854930782,7.013938278457961,8.321538427825153,colagnn,better than persistence
2026-09-20,2026-10-11,3,60608,3.470378875732422,0.0,7.772236557881222,0.0,0.2814656419637789,0.6820605229308896,1.1801594210403523,1.4857168165611137,1.7330433062809516,1.955683728091225,2.1508364405615774,2.371420783780001,2.594478421063944,2.783312529065089,2.974004194359394,3.201919063711657,3.419192884563362,3.6973284985558506,4.084701307636664,4.425287867841812,4.919269967151903,5.506771553964896,6.318914584237296,7.6784980404599965,8.635088953441345,10.132284234803112,colagnn,better than persistence
2026-09-20,2026-10-11,3,60609,4.0496015548706055,0.0,8.646917894705176,0.062201562559458,0.6416685177655026,1.0697769137188202,1.6020860630043925,1.9286296427732168,2.192942922401515,2.430874654393347,2.639430775979137,2.875165214521323,3.1135428170314405,3.3153463620055543,3.519135044361468,3.762703481623447,3.994900025680406,4.292138450885324,4.706116661318655,5.070095266388887,5.598004868365699,6.225857029989275,7.093779378710275,8.54674126180522,9.569032411285956,11.169057525898658,colagnn,better than persistence
2026-09-20,2026-10-11,3,60610,2.1674580574035645,0.0,5.715903908050954,0.0,0.0,0.0,0.2783393739108404,0.5303825497624131,0.7343931705329181,0.9180411522496044,1.0790155228527027,1.2609675201629016,1.4449596477406912,1.6007220314610804,1.7580166465931693,1.946015328141813,2.125236596026814,2.35466054221741,2.6741902753232782,2.9551277343566857,3.362595591293183,3.8472042701498,4.517111500661155,5.638582416322052,6.427639448594709,7.662621350902386,colagnn,better than persistence
2026-09-20,2026-10-11,3,60611,1.597542405128479,0.0,4.76051229053161,0.0,0.0,0.0,0.0,0.1383062356219582,0.3201547058985383,0.4838525781878864,0.6273399267256783,0.7895260533580213,0.9535306861393344,1.092372238109562,1.2325795716125103,1.400155517043767,1.559907559769909,1.7644086465368982,2.049227118015157,2.2996456843410957,2.662849355752555,3.094813861325841,3.69194750385688,4.691590413144543,5.3949303360261744,6.495753268213344,colagnn,better than persistence
2026-09-20,2026-10-11,3,60612,2.6391806602478027,0.0,6.47751590009924,0.0,0.0,0.1513018450340273,0.5957309021547021,0.8683646817172854,1.0890418987204795,1.2876929560057822,1.4618180872335986,1.658634607093884,1.8576579251496532,2.026145277540322,2.1962900366015927,2.399647223044812,2.593509927227925,2.841676604864696,3.187310238963076,3.4911988128877742,3.931954653673892,4.456153316379663,5.180788449203766,6.393877648596323,7.247396496198907,8.583269933676188,colagnn,better than persistence
2026-09-20,2026-10-11,3,60613,2.4647576808929443,0.0,6.198527538566705,0.0,0.0,0.0446546025203939,0.4769763549621564,0.7421829418557615,0.9568483865431172,1.1500877164969008,1.3194692649587991,1.5109240346508357,1.704525484106202,1.8684228402370555,2.033932451338332,2.231749704297306,2.4203311272774544,2.661737154301576,2.997954906048744,3.293564832360292,3.722313435617927,4.232231679840767,4.937126027957891,6.117167791984952,6.947434755914429,8.246915823314044,colagnn,better than persistence
2026-09-20,2026-10-11,3,60614,1.5671008825302124,0.0,4.70815030620199,0.0,0.0,0.0,0.0,0.1179777181326848,0.2985659163933984,0.4611293065109172,0.6036222387101055,0.7646843600844131,0.9275523847389028,1.065431717327678,1.2046673661166207,1.37108195300448,1.529726859505505,1.7328106838865374,2.0156552660675144,2.264338346189395,2.6250248920927666,3.053995736089501,3.646991038505444,4.639706080967948,5.338171617933099,6.431365471174761,colagnn,better than persistence
2026-09-20,2026-10-11,3,60615,3.182617425918579,0.0,7.329870486447097,0.0,0.1083106622645968,0.4945085490559244,0.97470625252772,1.269282209561151,1.5077200234611257,1.722358962955005,1.9104980749069465,2.1231548292931874,2.338195989938467,2.5202435819798525,2.704081972494448,2.9238058009659165,3.133271009970659,3.4014106978917504,3.774861701325099,4.103207908603657,4.579436767059699,5.145824112714167,5.9287795047209295,7.239500841054645,8.161712797995541,9.605100323018195,colagnn,better than persistence
2026-09-20,2026-10-11,3,60616,3.513500928878784,0.0,7.838050483580519,0.0,0.3077664941245008,0.7104744733519244,1.2112007937402698,1.5183699742128054,1.7670010866325008,1.9908159145831292,2.186998038253698,2.4087459420018567,2.6329801861963924,2.822810375385949,3.0145079202991263,3.2436250179793333,3.462044936683674,3.741647688450464,4.131063850673946,4.4734469711998806,4.970034777083551,5.560635376490086,6.377062380687093,7.743817504778238,8.705454339937054,10.210547177894547,colagnn,better than persistence
2026-09-20,2026-10-11,3,60617,4.860825061798096,0.0,9.84257233937241,0.5399957805547038,1.1679181842250737,1.631825315776498,2.20864654347925,2.5624959350095384,2.84891128341743,3.1067390399780117,3.332734776214177,3.588181500047913,3.8464924111439727,4.065170915398438,4.286000555667126,4.549936362894296,4.801549350931475,5.123643069548271,5.572238439184189,5.966653200072532,6.538706987119077,7.219060603376849,8.15955925047285,9.734018863532228,10.841794742839507,12.575615121852016,colagnn,better than persistence
2026-09-20,2026-10-11,3,60618,2.254734754562378,0.0,5.858573539964041,0.0,0.0,0.0,0.3361260260239618,0.5921037162468497,0.7992990402596087,0.9858138546960702,1.149301112118704,1.3340934670219529,1.5209577996008017,1.6791517085358194,1.838901767746792,2.029835198517836,2.2118541960051403,2.4448595595872646,2.7693773044602428,3.0547003314276884,3.468528956250676,3.960702608072672,4.64106741045436,5.780045022814232,6.58141961227833,7.835680172008595,colagnn,better than persistence
2026-09-20,2026-10-11,3,60619,3.984158754348755,0.0,8.549051396280458,0.0248808757256209,0.6002609985034728,1.0253500552871544,1.553904964104691,1.878145515410844,2.14059466098856,2.3768483212469405,2.5839335497763845,2.818005413534589,3.0547017997003736,3.2550820758162464,3.457433488647008,3.699284099932987,3.929843021072124,4.224985099584416,4.636043627437465,4.997455184373191,5.521641574765408,6.1450656554584295,7.006866769537769,8.449581283585331,9.46466247470137,11.05340302085754,colagnn,better than persistence
2026-09-20,2026-10-11,3,60620,2.906779766082764,0.0,6.900219828367378,0.0,0.0,0.3183672617157889,0.7807554301910815,1.064406177091301,1.2940008279348107,1.500679255171153,1.6818406784038569,1.886610435659328,2.093676166500359,2.2689719916381352,2.4459921982549337,2.657566926502815,2.8592635061631264,3.1174584502392224,3.4770589319665346,3.793227460703071,4.2517939803771965,4.797175196304096,5.551092399760955,6.81320180533922,7.701210837104533,9.091066118106545,colagnn,better than persistence
2026-09-20,2026-10-11,3,60621,3.8597412109375,0.0,8.362347201218078,0.0,0.5220157700345838,0.9413046084829256,1.4626475370708287,1.782463918992392,2.0413320212052373,2.274362067987444,2.478621677931025,2.7094996982009274,2.942966430022432,3.140612574706266,3.340202960509507,3.5787535895268108,3.806166600272757,4.097281549721154,4.502731301784511,4.859211501618262,5.376245518962599,5.991163156768364,6.84120524166657,8.264234329699278,9.265465028918118,10.832527665707165,colagnn,better than persistence
2026-09-20,2026-10-11,3,60622,2.177729368209839,0.0,5.732739044964733,0.0,0.0,0.0,0.2851162403725236,0.5376256393672705,0.7420136338656507,0.9260013230113688,1.08727345996652,1.269562027516346,1.4538944991155471,1.609945008185417,1.7675305829502097,1.95587701974328,2.1354298066331285,2.3652781354833667,2.685398926672846,2.966856056769529,3.375077637524819,3.860582733357229,4.531729141456268,5.65527452588035,6.445791136054639,7.683057476900721,colagnn,better than persistence
2026-09-20,2026-10-11,3,60623,4.060338020324707,0.0,8.662951941790675,0.0683432654619213,0.6484779522902828,1.0770796663028777,1.6100022063066488,1.936922068920108,2.2015399221456065,2.4397458277378066,2.648542272807377,2.884548352963757,3.123200642859959,3.325236730185736,3.5292602424077133,3.773109348560812,4.0055734574438,4.303154396564471,4.717609642555349,5.082007667615399,5.6105255906220775,6.23910123913078,7.108023712522826,8.562659873308064,9.58612902978573,11.18799788605778,colagnn,better than persistence
2026-09-20,2026-10-11,3,60624,2.7381956577301025,0.0,6.634641292621312,0.0,0.0,0.2126516539048313,0.6638091353195334,0.9405704482114308,1.1645886032658903,1.3662471340240845,1.543008428986883,1.742804648379583,1.944841075742291,2.115879238834686,2.2885999008708566,2.495035809129644,2.6918334936153103,2.943757285410181,3.29462363258895,3.6031129211400033,4.050541575639277,4.582676332892728,5.31828206395716,6.549736801581836,7.41617747969394,8.772275344774357,colagnn,better than persistence
2026-09-20,2026-10-11,3,60625,2.341012477874756,0.0,5.998785743172549,0.0,0.0,0.0,0.3936901552884964,0.6534987670395918,0.8637949434219978,1.053101109000553,1.2190350907978882,1.4065930187869422,1.5962539333409898,1.7568153472364705,1.9189562005062173,2.112747110730874,2.297490175676596,2.5339826605885416,2.8633570865810216,3.1529502127338733,3.572972131146011,4.0725115758101085,4.763058609956639,5.919081980685284,6.732449815202352,8.005481439614343,colagnn,better than persistence
2026-09-20,2026-10-11,3,60626,2.330753326416016,0.0,5.982155058618503,0.0,0.0,0.0,0.3868230753786685,0.6461791224003086,0.856108980547424,1.0450853907224469,1.210730329492788,1.3979615473610134,1.587292088568678,1.7475738179981557,1.909432235551476,2.102885578324979,2.287306836404322,2.5233873713168773,2.852188054787953,3.141276734094697,3.560567009684873,4.059236298690531,4.7485804580378845,5.902590133375558,6.71454114959898,7.985355260092525,colagnn,better than persistence
2026-09-20,2026-10-11,3,60628,2.9552366733551025,0.0,6.976123395931018,0.0,0.0,0.3490341739980751,0.8146003070314736,1.100200567526518,1.331373207844796,1.5394721228043595,1.7218786570100106,1.928055783820969,2.136544664298335,2.313045286525337,2.49128214179591,2.7043110097333507,2.9073938371944337,3.167363338746906,3.5294353317799145,3.847776866763618,4.3094950850460005,4.85862467148287,5.617723500067017,6.888507303549114,7.782619565073816,9.182027233280031,colagnn,better than persistence
2026-09-20,2026-10-11,3,60629,3.73507308959961,0.0,8.174390502818747,0.0,0.4442626784000465,0.857657997846188,1.3716729363362243,1.686993982939431,1.9422234381396324,2.1719780173136938,2.373366556572352,2.600999358093559,2.83118448426712,3.0260525170562604,3.222837462734405,3.4580350269043283,3.682251523034863,3.9692745641635727,4.369025319260864,4.720494837581119,5.230261430833559,5.836535793524709,6.674629696833925,8.077656704672844,9.06481411691064,10.609850139631607,colagnn,better than persistence
2026-09-20,2026-10-11,3,60630,2.5261459350585938,0.0,6.297048311999989,0.0,0.0,0.0819748161766278,0.5185960290603258,0.7864401081061294,1.0032404108765474,1.1984015151807308,1.3694675712185091,1.5628263677240508,1.7583531928255272,1.9238805159780317,2.0910361280535152,2.2908206830254594,2.481277557249057,2.7250843787226207,3.0646458320423995,3.3631956131663454,3.796208141726906,4.31119754720239,5.023102103222207,6.214879438859096,7.053403447333519,8.36580791591009,colagnn,better than persistence
2026-09-20,2026-10-11,3,60631,2.1693274974823,0.0,5.71896890730547,0.0,0.0,0.0,0.2795723231788802,0.5317004186105354,0.7357797756052593,0.9194896328694095,1.0805182397195694,1.2625315411581362,1.4465856602346427,1.6024005241547972,1.759748135733313,1.9478101586878065,2.1270918106508883,2.3565930554436214,2.67623044601995,2.9572625598321274,3.3648677027681018,3.849639658275133,4.519772597102204,5.641621364053503,6.430944249157189,7.666342247414296,colagnn,better than persistence
2026-09-20,2026-10-11,3,60632,4.132543563842773,0.0,8.770627928321556,0.1097841554861496,0.6943897005485526,1.1262944708095055,1.6633240245467746,1.992763323409819,2.259420477050943,2.4994621370956773,2.7098676900618663,2.947692571525438,3.188184055973493,3.391777151913136,3.5973729890111565,3.843101339430908,4.077356953112551,4.377231225526625,4.794880506784227,5.162086796800326,5.694677788977944,6.328097610189398,7.203716509916762,8.669562950322648,9.700919560540656,11.315133357959173,colagnn,better than persistence
2026-09-20,2026-10-11,3,60633,3.2332139015197754,0.0,7.408065619021162,0.0,0.1384485990302963,0.5272165105694855,1.0106097778286487,1.307146044655566,1.5471705867679608,1.763237880494788,1.9526289987116376,2.166700916516077,2.3831731080488083,2.5664321692173866,2.7514939460564256,2.972679967088185,3.1835391007863816,3.453463173494159,3.8293993751995945,4.159930622602486,4.639328633438016,5.209485107679129,5.99765082010128,7.317094592230578,8.245443577967261,9.698436390297111,colagnn,better than persistence
2026-09-20,2026-10-11,3,60634,2.587817907333374,0.0,6.3956598210554105,0.0,0.0,0.1197038326495785,0.5606021611253298,0.8310700249367877,1.0499940906577432,1.2470669816034152,1.4198087906141603,1.6150617184605327,1.8125039127828095,1.9796527318083397,2.148445790378888,2.350187423041763,2.5425100015470545,2.7887051402319747,3.1315929174764707,3.4330672746085678,3.8703215683028658,4.390355779552566,5.109234110521374,6.312686026490358,7.159424166585345,8.484684871757832,colagnn,better than persistence
2026-09-20,2026-10-11,3,60636,3.274301052093506,0.0,7.471430893874399,0.0,0.1630212550327012,0.5538637360261407,1.0398365189214478,1.3379551825022562,1.5792605597056066,1.7964808462446584,1.9868826060733729,2.202096868830953,2.4197242138187893,2.6039611943043446,2.7900105102328614,3.012376838973462,3.224361173350357,3.4957256330334623,3.87366793076086,4.20596298121741,4.687919187933279,5.261118169466008,6.053489744726491,7.379974421377522,8.313277325355731,9.774023695569952,colagnn,better than persistence
2026-09-20,2026-10-11,3,60637,4.130288124084473,0.0,8.767268625661465,0.1084861314462255,0.6929525405372532,1.1247545175724838,1.6616562584122394,1.9910171508057528,2.257610840111977,2.497595370302533,2.707950846800508,2.945719126002642,3.186153373538425,3.389698014372898,3.5952449197138616,3.840914786848568,4.075114647753599,4.374917550166935,4.7924674310015805,5.159586326013837,5.692050561670467,6.325319629125209,7.200730131776634,8.666227701101676,9.697338848708164,11.311168463652518,colagnn,better than persistence
2026-09-20,2026-10-11,3,60638,3.178656101226806,0.0,7.323740637280906,0.0,0.1059568376123816,0.4919527884337427,0.9718994051121012,1.266321333644479,1.5046344726747212,1.7191611813047825,1.907201918678923,2.119747478650498,2.334676198117711,2.516628600728143,2.700370865435282,2.919979804245401,3.1293354876374955,3.397334970109984,3.7705907026907655,4.098765223608212,4.574745070508915,5.14083626234708,5.9233822609782365,7.233418244560263,8.15514799335759,9.5977807968505,colagnn,better than persistence
2026-09-20,2026-10-11,3,60639,3.032806396484375,0.0,7.097243871671147,0.0,0.0198897892631539,0.3983757752889438,0.8689845163047778,1.1576781507614862,1.391354652333147,1.6017075139938468,1.7860897173475965,1.9944999757196475,2.2052470266659308,2.383659350332098,2.5638267124101484,2.7791629240174376,2.984445368276629,3.2472306336716668,3.6132242760531543,3.9350138100461294,4.401732959040497,4.956810240207472,5.724130967982472,7.0086787978761045,7.912475306830451,9.327040143433775,colagnn,better than persistence
2026-09-20,2026-10-11,3,60640,1.901066541671753,0.0,5.274818696516039,0.0,0.0,0.0,0.1049511442711159,0.3445859713005048,0.5385529361085037,0.7131597358533655,0.8662091700437797,1.039203480466048,1.2141374834117888,1.362231522277979,1.5117823592029582,1.6905256692824702,1.8609236869415615,2.079052852613398,2.3828518031894834,2.6499584176577624,3.037366206371373,3.4981170937635166,4.135044091556398,5.201303822592131,5.951514752946115,7.125697206186613,colagnn,better than persistence
2026-09-20,2026-10-11,3,60641,2.5886948108673096,0.0,6.39705937822105,0.0,0.0,0.1202419698130023,0.5612008147486836,0.8317058022156092,1.0506599168358122,1.2477598574501672,1.4205253765139745,1.6158051042260322,1.8132743989065312,1.9804461603071064,2.1492623869363787,2.351031710086245,2.543380686245744,2.789609616980401,3.1325444580332453,3.434060194684552,3.871374504668853,4.391480094346356,5.11045709652551,6.314074194907187,7.160928555888979,8.486371162604703,colagnn,better than persistence
2026-09-20,2026-10-11,3,60642,2.1372902393341064,0.0,5.666386922932716,0.0,0.0,0.0,0.2584726494807858,0.5091414699896759,0.712039650061588,0.8946862256342973,1.0547828260477214,1.235742665174029,1.4187315100297466,1.5736445437785216,1.73008145390054,1.9170550055620896,2.0952990055396854,2.323471935807629,2.641259319038892,2.920664866341392,3.325910859407701,3.8078770365395775,4.4741313588607206,5.589487054224961,6.374241471501908,7.602489194358711,colagnn,better than persistence
2026-09-20,2026-10-11,3,60643,2.876253366470337,0.0,6.852305582448729,0.0,0.0,0.2991110747774166,0.7594859578942548,1.0419016604430322,1.270496632703833,1.4762751609379248,1.6566477888125772,1.86052595761003,2.06669010308932,2.2412226722828272,2.417472114822103,2.628125625072549,2.8289439972042825,3.0860147340969437,3.4440494785625466,3.758841377201024,4.215411251366287,4.758417821721214,5.509052392596423,6.765666444789247,7.649808994443385,9.033612703458076,colagnn,better than persistence
2026-09-20,2026-10-11,3,60644,3.232114791870117,0.0,7.406368921305889,0.0,0.1377924739309377,0.5265047372507525,1.0098288116218663,1.3063226322624115,1.5463128172738776,1.7623491831391092,1.951713191920789,2.165754467481642,2.3821956731957266,2.565428502671473,2.7504637897770503,2.9716181502528443,3.182447101585211,3.452332537374749,3.828214927591112,4.158698862767816,4.6380282525961,5.208103114668065,5.99615600908964,7.315410916103522,8.243627018012912,9.696411849024424,colagnn,better than persistence
2026-09-20,2026-10-11,3,60645,3.568385362625122,0.0,7.921645363047946,0.0,0.3413682339576254,0.7467497692243108,1.25080038400697,1.5600088437088449,1.8102906043561544,2.0355913265919963,2.2330758925497545,2.4562959683874674,2.6820188913485024,2.8731093526829405,3.0660795670125456,3.2967177604539444,3.5165877569388826,3.7980467759368666,4.190048250560405,4.534704433719416,5.0345890586281055,5.629110622805102,6.450957840805359,7.826786776702308,8.794807865714619,10.309892931922194,colagnn,better than persistence
2026-09-20,2026-10-11,3,60646,2.5355026721954346,0.0,6.312032685915435,0.0,0.0,0.0876839098830957,0.5249567295575104,0.7932005349922515,1.0103243872040295,1.2057767469422045,1.3770980993340909,1.570745461537152,1.7665640878687197,1.93233844145546,2.0997435139985545,2.299826224371241,2.490567333508125,2.734738008536686,3.074806218153044,3.373801550384006,3.807460300190236,4.323218267943165,5.036185259386082,6.229741185210548,7.069516594033782,8.38387967487805,colagnn,better than persistence
2026-09-20,2026-10-11,3,60647,2.671150922775269,0.0,6.528344725013214,0.0,0.0,0.1710486265690938,0.6176612587493588,0.8916345464109663,1.113395997803311,1.313023070241763,1.488003715499783,1.6857872370382814,1.8857883992440243,2.0551035660510597,2.2260842827223324,2.430440606538303,2.62525579967113,2.8746417732995257,3.221973579403271,3.527355222919808,3.9702765914676448,4.497050754374889,5.22524617466892,6.44429554088318,7.302007909225811,8.644444778760716,colagnn,better than persistence
2026-09-20,2026-10-11,3,60649,4.097834587097168,0.0,8.718902404086965,0.089834176449453,0.672294877382658,1.102615043428528,1.63767430335783,1.9659049309175285,2.2315837530403724,2.4707447304613126,2.6803783319486936,2.917330663869941,3.15693981534511,3.359785953852926,3.5646274857140026,3.809454289759062,4.042850449092417,4.341624520562252,4.757741499198823,5.123600555576791,5.654237538469885,6.28533342211982,7.157739786365168,8.618208220765867,9.645780913453123,11.254072363716524,colagnn,better than persistence
2026-09-20,2026-10-11,3,60651,3.0289864540100098,0.0,7.091290190397917,0.0,0.0176515606426295,0.3959388499882168,0.8663005319372252,1.1548426086906631,1.3883964353237055,1.5986388664352538,1.7829242732547923,1.991225120900984,2.2018615343575543,2.3801801955428683,2.560252973784138,2.775476138694975,2.9806508142607826,3.243298123267029,3.609099627169416,3.9307202288518455,4.397194360728232,4.95198023873341,5.718898140282635,7.002771611286416,7.906093647281292,9.319915868973254,colagnn,better than persistence
2026-09-20,2026-10-11,3,60652,2.9396800994873047,0.0,6.951775827750801,0.0,0.0,0.339175624702873,0.8037238754854301,1.0886997189205412,1.3193669390401317,1.527010880630871,1.709018613548302,1.9147449686578424,2.122778023172196,2.298892756396799,2.476739926682677,2.6893030427361104,2.8919418636622325,3.1513429855096216,3.512623368867688,3.830268903487159,4.290977652338814,4.838906659051802,5.596345845386596,6.86435129325723,7.756508728310051,9.152856826401326,colagnn,better than persistence
2026-09-20,2026-10-11,3,60653,3.538764953613281,0.0,7.876553906633932,0.0,0.3232163186632268,0.7271571688002694,1.2294164384866932,1.537526002478976,1.7869182869676143,2.011418313138182,2.208201038847291,2.430627813027381,2.655548539464305,2.8459598845536487,3.03824430218542,3.2680628307266897,3.487151431398466,3.767610173403056,4.158218514284289,4.501649824096293,4.999757909416989,5.592166603859556,6.411093059657281,7.78203243814611,8.746613277746953,10.256313884290886,colagnn,better than persistence
2026-09-20,2026-10-11,3,60654,1.8088014125823972,0.0,5.119899863647147,0.0,0.0,0.0,0.0460415424693887,0.2812261287048885,0.4715909472382578,0.6429551369136752,0.7931623012889746,0.9629439470627214,1.1346292634723771,1.2799730588065064,1.426746598109541,1.6021704792896254,1.7694040478626445,1.9834823528000731,2.2816394753507665,2.5437856724758747,2.923998939564328,3.3761932560259797,4.001291929265854,5.047750229054055,5.7840290472536005,6.936405844289382,colagnn,better than persistence
2026-09-20,2026-10-11,3,60655,1.9197676181793213,0.0,5.306077665974167,0.0,0.0,0.0,0.1169666600581016,0.3574934638442122,0.5521824189669136,0.7274391459734701,0.8810582658795192,1.0546965015018706,1.230281649635989,1.378926929079833,1.5290344291248563,1.708443063522986,1.879475342374524,2.0984164357121102,2.4033461968885974,2.6714470445183323,3.060296855442108,3.5227627651759006,4.162060553912664,5.232289152531218,5.985292543066428,7.163845577450846,colagnn,better than persistence
2026-09-20,2026-10-11,3,60656,3.3928322792053223,0.0,7.653578991347151,0.0,0.2343940927289947,0.6311606638464498,1.124499448913202,1.427136766214084,1.6720996649804147,1.892612409777717,2.085900133235895,2.304376448484056,2.525302421609452,2.712331924734303,2.901201233290721,3.1269380200446304,3.3421354501385934,3.6176130438687744,4.001283900650765,4.338615624249051,4.827876952959736,5.409764044385133,6.21414577936935,7.560736291887128,8.508185484421585,9.991072726128287,colagnn,better than persistence
2026-09-20,2026-10-11,3,60657,1.625462532043457,0.0,4.808404539518142,0.0,0.0,0.0,0.0,0.1570122239379223,0.3400089504352306,0.504740469583913,0.6491338485123025,0.8123440763017139,0.9773842929377216,1.11710254007895,1.2581951927855275,1.4268292726156775,1.5875900468233397,1.793382426525973,2.079999343606528,2.331999142241609,2.697496211416905,3.1321882952310407,3.733092452953103,4.739047464769593,5.4468285272467725,6.554602448781729,colagnn,better than persistence
2026-09-20,2026-10-11,3,60659,3.336339473724365,0.0,7.566885263770342,0.0,0.2002888526347597,0.5942430725109622,1.084084985498413,1.3845771562649902,1.6278037149196374,1.8467534265969965,2.038671092674948,2.2555988093739874,2.4749588203443698,2.660662625455443,2.848193195133589,3.072329919839339,3.2860019926988584,3.559526952792384,3.9404782830596665,4.2754189400695966,4.761212298428794,5.338974871805126,6.137655007573328,7.474700649693702,8.41543415570965,9.887810431829944,colagnn,better than persistence
2026-09-20,2026-10-11,3,60660,2.895609140396118,0.0,6.882695208141351,0.0,0.0,0.3113150799426356,0.7729675388913693,1.0561669668112643,1.285396307762807,1.4917458872945173,1.6726190631324904,1.8770630095834573,2.0837992764779827,2.258816187021241,2.435554735366309,2.646792825365716,2.8481684839790637,3.1059526120070484,3.464980930521287,3.780646400973792,4.238483291777443,4.782996747273778,5.5357143870163465,6.795815640188147,7.682411753654763,9.070055624762476,colagnn,better than persistence
2026-09-20,2026-10-11,3,60661,1.7861407995224,0.0,5.081669102429226,0.0,0.0,0.0,0.0316701520797941,0.2657488035609319,0.4552184483408092,0.6257768130425383,0.7752776414878528,0.9442609040608996,1.1151388854267488,1.259799214394464,1.405882564086291,1.5804815299517816,1.7469286974321894,1.9600003180397696,2.2567553830433784,2.517668860819123,2.8960942085848296,3.3461621211936405,3.968321323107153,5.00985874512334,5.742675277179984,6.889633124061073,colagnn,better than persistence
2026-09-20,2026-10-11,3,60666,1.1362006664276123,0.0,3.948699945268224,0.0,0.0,0.0,0.0,0.0,0.0003529938133721,0.1459124409286438,0.2735007768618063,0.4177159862118882,0.5635482034431227,0.6870055169608602,0.8116772775694658,0.9606850907173208,1.1027359230803118,1.2845774137971837,1.537836779094932,1.760507896025353,2.083467045472582,2.467568034235162,2.998536712356473,3.8874149070065456,4.512821754859692,5.491668792637612,colagnn,better than persistence
2026-09-20,2026-10-11,3,60707,2.181495189666748,0.0,5.738908360292747,0.0,0.0,0.0,0.2876024917391253,0.5402826089169614,0.7448087873689089,0.9289208680981752,1.0903020389598403,1.272713849340127,1.4571709456256212,1.6133269583301464,1.77101907456671,1.9594928498335509,2.139167029929626,2.3691707561204924,2.689507976639172,2.9711553960876915,3.3796529699222164,3.865486309171193,4.537086470262532,5.661391468496676,6.4524425362393885,7.690545376093221,colagnn,better than persistence
2026-09-20,2026-10-18,4,60601,2.2916929721832275,0.0,5.767509762437221,0.0,0.0,0.0192642921454373,0.4381093792797437,0.7346091996518636,0.964407866335186,1.1268462626085631,1.2764595971932662,1.4393268163959885,1.5798817284313649,1.7029454719065216,1.822211334188181,1.9340739587382492,2.114336130195823,2.396688031664919,2.763217011444169,3.143676619050945,3.5541387574673067,3.979028667621369,4.5681387846407215,5.712486326698119,6.604137225227941,7.775644548171707,gnn_st,better than persistence
2026-09-20,2026-10-18,4,60602,1.3956782817840576,0.0,4.270381978747258,0.0,0.0,0.0,0.0,0.107878967985868,0.2979359003662103,0.4322819509420598,0.5560209256922823,0.6907216379015607,0.8069687676085635,0.9087496783061934,1.0073895192160869,1.099906449696358,1.2489938044052444,1.4825153344449469,1.7856562296066176,2.1003185684269683,2.4397947543057734,2.7912035509221766,3.2784320596463674,4.224874380480763,4.962321803368933,5.931226850875713,gnn_st,better than persistence
2026-09-20,2026-10-18,4,60603,1.6089794635772705,0.0,4.630006280119918,0.0,0.0,0.0,0.0,0.2556308504943296,0.4553617271051571,0.596546024434647,0.7265833431909462,0.8681403545175409,0.990304491489972,1.0972660753758152,1.2009267082553308,1.2981527730704163,1.4548287105100717,1.7002365434061244,2.018807384095405,2.349486112736731,2.706241719306159,3.075537309411189,3.5875658681091838,4.58218233399818,5.3571660106424535,6.375388561472177,gnn_st,better than persistence
2026-09-20,2026-10-18,4,60604,1.7837215662002563,0.0,4.937273499037496,0.0,0.0,0.0,0.1019953778504301,0.3710048331940376,0.5794974187395654,0.7268751286267012,0.8626168690374028,1.0103836429803523,1.1379068242256272,1.249560553267516,1.3577685265917785,1.4592596629633063,1.6228085936236958,1.8789818726972087,2.2115276431948683,2.5567124453107386,2.9291180547171063,3.3146137463100667,3.8491037555043066,4.887351632438275,5.696331962575096,6.759221466118903,gnn_st,better than persistence
2026-09-20,2026-10-18,4,60605,1.7686398029327393,0.0,4.917460232689983,0.0,0.0,0.0,0.0894368305658279,0.3580426714792264,0.5662224404510385,0.713379028852591,0.848917106068103,0.9964621747843996,1.123794023735904,1.2352802305761277,1.3433258516163724,1.4446647134623618,1.607968259779753,1.8637571834709024,2.1958040113886206,2.540470907667149,2.912317769881321,3.2972350742807475,3.830923149281865,4.867613267494196,5.675379825666827,6.736674598866304,gnn_st,better than persistence
2026-09-20,2026-10-18,4,60606,3.342073917388916,0.0,7.436224991130694,0.0,0.2199051629616573,0.6653890166009004,1.1587450151191885,1.507990999931884,1.7786699553313725,1.9700055102962648,2.146234474997045,2.3380751388219743,2.503634222845867,2.648590527476261,2.789073322625401,2.920835872854572,3.1331659832612595,3.4657471894439533,3.897480248657077,4.345622140187795,4.829103896027087,5.329580068061513,6.023490582824484,7.371413100255471,8.421685224452194,9.801599142117595,gnn_st,better than persistence
2026-09-20,2026-10-18,4,60607,2.1784820556640625,0.0,5.602497777788107,0.0,0.0,0.0,0.3525229365964197,0.6446039373579433,0.8709778503481451,1.0309953818464077,1.1783789871313093,1.3388189506910666,1.4772791336271538,1.598508823771894,1.715997233606994,1.8261927382295216,2.003768412213722,2.281912344457963,2.6429788405106884,3.017768352354767,3.422113258914579,3.840670916101416,4.421001360557666,5.548294371675267,6.426656747900811,7.580704770106776,gnn_st,better than persistence
2026-09-20,2026-10-18,4,60608,3.273100614547729,0.0,7.343414925528761,0.0,0.1691095957628148,0.6119997754653421,1.1024833812258992,1.449696003435413,1.7187990252828729,1.9090205958956377,2.0842235290828066,2.274947267735925,2.439542441894821,2.583654789137734,2.723319672343807,2.854315081206185,3.065408973804207,3.396053842229043,3.825273286696869,4.270806028794857,4.751472881201051,5.24903520575762,5.93890566923287,7.278980379221201,8.323137661291245,9.695017512774625,gnn_st,better than persistence
2026-09-20,2026-10-18,4,60609,4.471832275390625,0.0,9.124556536796415,0.4668302034245144,0.9236998175791752,1.4299619208966114,1.9906274611934016,2.387521771508017,2.695129996059481,2.91256984198121,3.1128420754326176,3.330855943222475,3.519002582918914,3.683735564982805,3.8433847077544554,3.99312388521858,4.23442261560795,4.612378538343256,5.103013798955658,5.6122965815696455,6.16174071658654,6.730497849857617,7.519079958610031,9.050902230525995,10.244465073057412,11.812643395677432,gnn_st,better than persistence
2026-09-20,2026-10-18,4,60610,1.8553946018218996,0.0,5.106956332795409,0.0,0.0,0.0,0.1214017478990876,0.3987717956719607,0.6137441591496191,0.7657022469418775,0.9056627289048544,1.058021972543512,1.1895084692875424,1.304632304317098,1.416203292377796,1.5208486897224245,1.689480586517767,1.953615520228536,2.296496539528717,2.652409401145624,3.0363890703360314,3.4338656506919154,3.984967169391201,5.055482935676895,5.889605708539112,6.985528942905219,gnn_st,better than persistence
2026-09-20,2026-10-18,4,60611,1.6310750246047974,0.0,4.670242996648536,0.0,0.0,0.0,0.0103475153604526,0.2695996026161276,0.4705298558333213,0.6125619597026744,0.7433801478003463,0.8857872038007201,1.008684931945973,1.1162888162295783,1.2205719274168372,1.318381831193865,1.4759986019054423,1.7228800998591425,2.0433639467910067,2.376028389099068,2.7349263000330994,3.106439496645056,3.6215427681041135,4.622131869480103,5.4017692947478,6.426106234740895,gnn_st,better than persistence
2026-09-20,2026-10-18,4,60612,2.760486125946045,0.0,6.542297134739444,0.0,0.0,0.2880037376447983,0.743721934859618,1.0663241755567203,1.3163532133086002,1.4930919059232104,1.6558764800069825,1.8330817470623304,1.9860104385761692,2.119908123046376,2.2496735791011115,2.371384051926423,2.567515639298564,2.8747244462539925,3.2735208772562405,3.687474321661859,4.13407157561046,4.59636675303506,5.237339295714028,6.48242969995311,7.452577261676061,8.727218463483212,gnn_st,better than persistence
2026-09-20,2026-10-18,4,60613,2.4145407676696777,0.0,5.966161850950923,0.0,0.0,0.0925525567532399,0.5205322610535548,0.8234984634654405,1.05830882280051,1.2242898476222357,1.3771661082298072,1.543585308205392,1.6872055905929186,1.8129532384952527,1.93482017698953,2.0491224201046414,2.233315939872981,2.521825670585488,2.8963483024651806,3.285105376054894,3.704519307415104,4.138675666636319,4.740633720883281,5.909938405862125,6.821035371336467,8.01809216646214,gnn_st,better than persistence
2026-09-20,2026-10-18,4,60614,1.5996737480163574,0.0,4.618743529155456,0.0,0.0,0.0,0.0,0.2472018405404785,0.4468033305485228,0.5878961680250958,0.7178492479937104,0.859314558021505,0.9813995564905008,1.088291850158416,1.191885331191616,1.2890484125038912,1.4456228545331862,1.690871711078994,2.0092361800769174,2.33970069348003,2.6962251920868785,3.065281550768919,3.576978414954467,4.570950563611309,5.345432202178973,6.362995143643512,gnn_st,better than persistence
2026-09-20,2026-10-18,4,60615,3.4425172805786133,0.0,7.593346961344977,0.0,0.2771258475766491,0.7287768904137111,1.2289628105102677,1.5830436867501674,1.857469867365967,2.0514542334114374,2.2301228765844376,2.424619344115783,2.592470394921977,2.739433445585407,2.8818610563987863,3.015447700969002,3.230717266874636,3.5679026606286897,4.005612545797163,4.459958423869617,4.950133404250261,5.457538068118278,6.161054940992635,7.527637827640344,8.592449708656986,9.991466878073098,gnn_st,better than persistence
2026-09-20,2026-10-18,4,60616,3.2476279735565186,0.0,7.2796599262002095,0.0,0.1728307927355254,0.6115554758036232,1.097425956453999,1.4413729541915126,1.7079449925509815,1.8963774801167583,2.0699325844244894,2.2588625170103813,2.4219096310057795,2.5646665643674824,2.703017863241355,2.832781226418935,3.041889726385862,3.369424794346077,3.7946073189784633,4.235949710459547,4.712095766858649,5.204978389124795,5.888360442548307,7.215831403458052,8.250168116358559,9.609145083185444,gnn_st,better than persistence
2026-09-20,2026-10-18,4,60617,5.164738178253174,0.1904549447836236,10.139021411722725,0.8829424952714087,1.3713872716838793,1.9126381498332905,2.5120523940463824,2.936376854800251,3.265244491886779,3.497712035435096,3.711825478875184,3.944906716077767,4.146056542006385,4.32217454613506,4.492857356787343,4.652945304837862,4.910920667527993,5.314997871296072,5.839541904747096,6.384022227311076,6.971439532740849,7.579504595915623,8.42258717321755,10.060276710732628,11.336329040965154,13.012887267723746,gnn_st,better than persistence
2026-09-20,2026-10-18,4,60618,2.095531702041626,0.0,5.449565881360496,0.0,0.0,0.0,0.3068923404230712,0.5930036609272009,0.8147508440868305,0.9714978667326462,1.1158691809187125,1.273030001773321,1.4086602744504262,1.527412218743912,1.6424993486640689,1.7504426289834627,1.9243889330585855,2.1968480369959424,2.550534896826275,2.917664295401429,3.313745022505629,3.723748013773852,4.292217408767786,5.396470308357345,6.256880327111776,7.387341407078137,gnn_st,better than persistence
2026-09-20,2026-10-18,4,60619,4.165876388549805,0.0,8.73336662274048,0.2342426136113395,0.6827427575505327,1.179730561453737,1.73012517675361,2.1197487143883382,2.421721812869577,2.6351783422000623,2.831781755399639,3.045801790996471,3.230501741203627,3.3922169524546355,3.548941456108351,3.6959375367521874,3.932815875689697,4.303847961207364,4.785495193128142,5.285448340003002,5.82482711680693,6.3831650938477225,7.157301036194728,8.661061601919286,9.832759368833145,11.372209972740697,gnn_st,better than persistence
2026-09-20,2026-10-18,4,60620,2.970322847366333,0.0,6.865748995952476,0.0,0.0,0.4235608529375536,0.8929699740410255,1.22526399959703,1.482804540173978,1.6648529088198614,1.8325279420243104,2.015056902183753,2.1725799572509974,2.310500265830033,2.4441642034312143,2.569531165793453,2.771555040660988,3.0879931749060794,3.4987704563928745,3.9251601061891046,4.385174267889163,4.861357958273951,5.521586932559483,6.804082992449601,7.803376233474996,9.116310871414248,gnn_st,better than persistence
2026-09-20,2026-10-18,4,60621,3.581958055496216,0.0,7.804733804959979,0.0,0.3617010927067534,0.8211805745438006,1.3300361856025007,1.6902543233071226,1.9694371155792465,2.166783800389661,2.348549295870372,2.546416958389373,2.7171773608580043,2.866687712796648,3.0115840123927717,3.147486105836218,3.366486925531635,3.709516732419573,4.154813415382662,4.6170344418640346,5.115705594221001,5.631905071081029,6.347615957479991,7.737885738990921,8.821153937089523,10.244420182743582,gnn_st,better than persistence
2026-09-20,2026-10-18,4,60622,1.9266977310180664,0.0,5.166561919052649,0.0,0.0,0.0,0.1989429428441964,0.4753151476381438,0.6895141447581812,0.8409255610110575,0.9803825330046804,1.1321936619396775,1.2632071340054738,1.3779168092819718,1.4890864190107909,1.5933553529418112,1.7613805939154772,2.0245652981720976,2.3662127977737293,2.720845257440513,3.1034435539123155,3.499490206205742,4.048609128782898,5.115273698265639,5.946395701725589,7.038376335534661,gnn_st,better than persistence
2026-09-20,2026-10-18,4,60623,3.866753339767456,0.0,8.291267284339664,0.0581916198213439,0.4926523497309771,0.974082928868642,1.5072485243158864,1.8846756641691735,2.177196089306473,2.383970782224906,2.574419912633645,2.781740472364149,2.96065875425472,3.1173117891913797,3.2691303408067163,3.4115249985418425,3.640988327428811,4.000405983971981,4.466976197531658,4.951279295417217,5.473773881505401,6.014634187392613,6.764537328130424,8.221225629846089,9.35624570492526,10.84750683844271,gnn_st,better than persistence
2026-09-20,2026-10-18,4,60624,2.915681838989258,0.0,6.75524578947315,0.0,0.0,0.4054415799561548,0.8681191589089425,1.1956479356896517,1.449495226761076,1.6289329382809914,1.7942034345838571,1.9741148457145437,2.1293789479041845,2.265321415983545,2.3970685513976,2.520637694004097,2.7197644538221457,3.0316647200476563,3.436551266862804,3.856826293463235,4.310243641040644,4.779598638843238,5.430359626739715,6.694464104751445,7.679427022247882,8.973533575135004,gnn_st,better than persistence
2026-09-20,2026-10-18,4,60625,2.4000744819641118,0.0,5.959114895010761,0.0,0.0,0.073235642040748,0.5021093951386815,0.8057084933777847,1.0410093711120272,1.2073371299825366,1.3605327488110877,1.5272995981825292,1.6712199030699355,1.797230237572314,1.919351755871978,2.0338927761580514,2.2184710758428765,2.507583502840401,2.882888511793933,3.272457698179455,3.692747784453717,4.127811095493067,4.731026638983581,5.902773999250881,6.815774244573102,8.015331689093152,gnn_st,better than persistence
2026-09-20,2026-10-18,4,60626,2.428680896759033,0.0,5.9886572867726455,0.0,0.0,0.1012301313424899,0.5302166721326234,0.8338956126129387,1.0692583711286012,1.2356298718320775,1.3888657789276957,1.5556764856066552,1.699634639485593,1.8256781129122333,1.947831747432854,2.0624028903768123,2.247029731527048,2.5362181909774613,2.911621899806015,3.301293537342178,3.7216941539264505,4.156871880423633,4.760246061015527,5.9323015741591725,6.845541925549682,8.045414836602369,gnn_st,better than persistence
2026-09-20,2026-10-18,4,60628,3.2743899822235107,0.0,7.316221762116592,0.0,0.1921195269957514,0.6319105275322143,1.1189619132031543,1.463744871865671,1.7309648118182133,1.919855283310706,2.0938322121625976,2.283221337712069,2.4466647366500056,2.5897686398031263,2.728456200602652,2.8585349527844306,3.068151689590778,3.396482829388177,3.8226987573615583,4.265113828634157,4.7424171549043805,5.236497725155355,5.921540734183271,7.252238104568013,8.289088766073881,9.651368717516768,gnn_st,better than persistence
2026-09-20,2026-10-18,4,60629,4.568381786346436,0.0,9.230407795314504,0.5553728959731288,1.0131558859439735,1.5204301107671845,2.0822165361690663,2.4799043193989103,2.788127515715753,3.0060020683690896,3.20667468698296,3.425124409091561,3.613647192408129,3.7787095094010312,3.9386778234669935,4.088716360177596,4.330497496089209,4.709209030028926,5.200825170891901,5.711126113967488,6.261668700204863,6.831562895330608,7.6217215410311905,9.156606239019087,10.352555257828568,11.92386868970289,gnn_st,better than persistence
2026-09-20,2026-10-18,4,60630,2.9654359817504883,0.0,6.829916755992538,0.0,0.0184120668766585,0.4389055358806546,0.9045856577889162,1.2342399303061249,1.4897345616210458,1.6703367329314918,1.8366797509795112,2.017758695971083,2.1740303834803383,2.3108550492681017,2.4434571568081807,2.5678282005128192,2.7682471920644454,3.082171532915067,3.489685588181472,3.912687986666525,4.369047782991808,4.841448656813416,5.496432753649662,6.768740628947312,7.760095456499183,9.062600104930072,gnn_st,better than persistence
2026-09-20,2026-10-18,4,60631,2.399003744125366,0.0,5.937861653172753,0.0,0.0,0.0853598749644155,0.5118015831197433,0.8136790403255159,1.0476455806106828,1.213030132810572,1.3653570143305096,1.5311781670495486,1.6742823328118366,1.7995780915339794,1.921007086640469,2.0348985710034526,2.21843016937578,2.505903105938545,2.879079846042872,3.266439874692114,3.684346592034687,4.116942758564298,4.716737604702153,5.881840253743913,6.789663083537221,7.9824181122059,gnn_st,better than persistence
2026-09-20,2026-10-18,4,60632,4.813449382781982,0.0,9.678120473002496,0.6260063491644816,1.1036878705935766,1.6330118708382089,2.219217562799971,2.634191708866636,2.95581249553183,3.183157438599194,3.39255272822046,3.6204978417320937,3.817215177088834,3.989452286022922,4.156373970134302,4.312934257561059,4.565224935426721,4.960397988332404,5.4733832920054,6.0058655733819375,6.580338688300705,7.1750045717985,7.999509178386539,9.601110971847216,10.849044511039942,12.4886584923884,gnn_st,better than persistence
2026-09-20,2026-10-18,4,60633,3.355947256088257,0.0,7.4423768607972125,0.0,0.2396668357547673,0.6843105177153053,1.1767360588576676,1.5253233742641794,1.7954918357580183,1.9864665365345997,2.1623631377077244,2.353841994721356,2.519088838352218,2.6637717589288346,2.803989606953931,2.9355036562282137,3.147433317227268,3.479387283369674,3.9103061045668777,4.357602811424281,4.840172732468421,5.339705018653393,6.032306835116085,7.3776872035668495,8.425978540162685,9.803289973847576,gnn_st,better than persistence
2026-09-20,2026-10-18,4,60634,2.55606746673584,0.0,6.206714090409996,0.0,0.0,0.1693380765155736,0.6092506195117273,0.9206640608635588,1.1620213524804714,1.3326302247815671,1.4897689486319592,1.6608282131929568,1.808452885615714,1.937706602576283,2.0629714090180262,2.180460602859913,2.369789767001408,2.666343664397942,3.0513086562990472,3.4509049715733555,3.8820129125779976,4.32827432666818,4.947016046801199,6.1489230352349535,7.085423011683959,8.315855888671612,gnn_st,better than persistence
2026-09-20,2026-10-18,4,60636,3.616403818130493,0.0,7.844120126078299,0.0,0.3923792226742177,0.8523962858053986,1.3618472471870913,1.7224868325086198,2.001996262754151,2.1995738390198034,2.3815519962931564,2.579651159800316,2.7506113483350827,2.90029662422933,3.045362449437218,3.181423545461099,3.4006805914924514,3.7441117360130862,4.1899294066950254,4.652691222019891,5.151945809098163,5.668749228449142,6.385297481476528,7.777193849283219,8.861729448305795,10.28666088542211,gnn_st,better than persistence
2026-09-20,2026-10-18,4,60637,4.520019054412842,0.0,9.174997028358888,0.5130770171949299,0.9701679324026578,1.4766752617826755,2.037612380382426,2.434698940577769,2.742456166117516,2.960001336765142,3.160370579198521,3.3784900497621906,3.5667278249778374,3.731540601322801,3.89126707583708,4.041078784799541,4.282494396814399,4.66063339594858,5.151506313206295,5.661035785056358,6.210746062889307,6.7797786939143005,7.568742780468893,9.101307045004605,10.295448032165844,11.864385957752315,gnn_st,better than persistence
2026-09-20,2026-10-18,4,60638,3.757033348083496,0.0,8.04504970830061,0.0659669013249999,0.4870243872008868,0.9536026883459416,1.4703199650057464,1.8361033642119453,2.119599446357909,2.319995077882772,2.5045687954057154,2.705493453587513,2.878892052733048,3.0307122944818867,3.1778471981721887,3.3158489379395104,3.538233254197402,3.886562768063817,4.338739150373157,4.808101352199802,5.314476823344943,5.838651426316082,6.565419829884269,7.977168859889325,9.077173224681744,10.522428504241496,gnn_st,better than persistence
2026-09-20,2026-10-18,4,60639,3.6660311222076416,0.0,7.913620651439251,0.0097635444049095,0.4268513579692325,0.8890308227905988,1.400876559732268,1.763211403146048,2.0440347230553053,2.2425410520110245,2.4253746338031683,2.624405001824953,2.79616882272528,2.946557724027216,3.092305459996158,3.2290061382607678,3.449293845641279,3.7943393565558887,4.242252681859931,4.707189801128526,5.208791233681578,5.728023990283422,6.447940520876208,7.846379774370273,8.936013448660818,10.367643059377574,gnn_st,better than persistence
2026-09-20,2026-10-18,4,60640,1.9966338872909544,0.0,5.30346502919368,0.0,0.0,0.0,0.233166961669345,0.515251691314558,0.7338781130197725,0.888419154694839,1.030758657581139,1.1857076738712933,1.319429152393761,1.4365098398752891,1.5499772897894293,1.656401429149809,1.827899697975236,2.0965243456757343,2.445233589541056,2.8071961884323056,3.1977026690077746,3.601935478607337,4.162404513233065,5.251116697329142,6.0994177260920805,7.213969249446236,gnn_st,better than persistence
2026-09-20,2026-10-18,4,60641,2.741060256958008,0.0,6.482363587287037,0.0,0.0,0.2950610856555076,0.7458980008178353,1.0650447891383754,1.3123957195378628,1.4872413312671513,1.6482822896148086,1.8235894782195463,1.974880122181719,2.107343603743046,2.23571911795314,2.356125927351726,2.550156712949398,2.854074949449392,3.2485997979843475,3.658119310343596,4.099932978353092,4.557276426471494,5.191383393477072,6.423137403687813,7.382893535114039,8.643881818824491,gnn_st,better than persistence
2026-09-20,2026-10-18,4,60642,1.8928782939910889,0.0,5.114605093755978,0.0,0.0,0.0,0.1747958123119368,0.4496208318862655,0.6626207014650642,0.8131844872354084,0.9518607520446668,1.1028220128279915,1.233102046060088,1.3471695543203066,1.4577168150065676,1.5614020312169012,1.7284866342941074,1.9901979795175389,2.329932870135581,2.682580028493203,3.063036465475937,3.4568659717753785,4.002910820092941,5.063603994379029,5.890073215623011,6.975940729995927,gnn_st,better than persistence
2026-09-20,2026-10-18,4,60643,2.6254336833953857,0.0,6.313403534405356,0.0,0.0,0.2143030150446701,0.6587131053365951,0.9733103537958108,1.2171352173233425,1.3894883487606433,1.5482336165792996,1.7210417449656,1.8701756922585893,2.0007508643911915,2.12729634445872,2.245986716158476,2.43725153065537,2.736837315186111,3.1257380854273813,3.5294197657493003,3.964935238171541,4.415759108704719,5.04082667745122,6.2550216390552364,7.201096138903554,8.444108630059134,gnn_st,better than persistence
2026-09-20,2026-10-18,4,60644,3.5064260959625244,0.0,7.727543948632099,0.0,0.2874334327740415,0.7467325191543726,1.2553883492783675,1.6154650623535178,1.89453824514511,2.0918074500097488,2.273501582848887,2.4712915608819417,2.6419849213998226,2.7914365743338583,2.936275986440604,3.07212472359463,3.29103956175126,3.6339346922910094,4.079056548081891,4.541096102753375,5.0395714726786185,5.555568285341298,6.270998177708248,7.660722127768356,8.743565025784871,10.166272485302528,gnn_st,better than persistence
2026-09-20,2026-10-18,4,60645,4.178857326507568,0.0,8.695457377223974,0.2910291327310532,0.7345321659063422,1.2259826179536444,1.7702448319741042,2.155527251773987,2.454135818401175,2.6652140521285093,2.859626944219908,3.0712624057245685,3.253904461142292,3.413817869576177,3.568796176010653,3.714154451835999,3.9483935334327103,4.315291643848364,4.79157244590382,5.2859552015860425,5.819324313671213,6.371441385874693,7.136952039907962,8.623957966395803,9.782600880145822,11.304899192605436,gnn_st,better than persistence
2026-09-20,2026-10-18,4,60646,2.6752846240997314,0.0,6.389025544015187,0.0,0.0,0.2473052782639815,0.6948208503038307,1.0116164647191288,1.2571451456889635,1.4307026591049108,1.5905572188648376,1.7645729086911677,1.914748985227915,2.046236600220497,2.1736663641672997,2.2931861292382227,2.4857874781735005,2.787466730440733,3.179085090291512,3.585587647361274,4.024146447061834,4.478120618031598,5.107556080235887,6.330235683332193,7.28292123264954,8.534619738565024,gnn_st,better than persistence
2026-09-20,2026-10-18,4,60647,2.907106399536133,0.0,6.788089948298414,0.0,0.0,0.369786726160084,0.8374554759072081,1.1685174951430035,1.4251031838439063,1.6064765937980705,1.7735299585861115,1.9553821782228769,2.112321204133723,2.2497301622857675,2.382898530291218,2.507800684748117,2.709075540158401,3.024340455051465,3.433594747353778,3.858403523878087,4.316712146775117,4.791130348553383,5.448911471819795,6.726652576369432,7.7222408588520866,9.03030768802091,gnn_st,better than persistence
2026-09-20,2026-10-18,4,60649,4.131595611572266,0.0,8.638440233107035,0.2521647592005394,0.6947098677459298,1.1850988332707608,1.728185492354875,2.1126357385464947,2.4105993388954974,2.621221663589977,2.8152146422111777,3.0263929911236565,3.208640556965768,3.3682085675531197,3.522852135494894,3.667896451184329,3.901629598506048,4.267735243683947,4.742987324227015,5.236302259888088,5.768519345107433,6.3194438966233655,7.083301120003188,8.56709525424783,9.723235608823918,11.24224590082262,gnn_st,better than persistence
2026-09-20,2026-10-18,4,60651,3.0595388412475586,0.0,6.985849512218421,0.0,0.0653639130918137,0.492585082214529,0.9657158696916724,1.300644457392904,1.5602268840914275,1.7437186062247303,1.9127230352690263,2.096699159240816,2.255471121137445,2.394484918001238,2.529208597647426,2.6555695202614302,2.8591951225517422,3.1781421069887488,3.5921761977850517,4.021946438094728,4.485607779110321,4.965566847408579,5.631030385451087,6.923694595566404,7.930910639718885,9.254254757306423,gnn_st,better than persistence
2026-09-20,2026-10-18,4,60652,3.0934865474700928,0.0,7.035395770973336,0.0,0.0874162807072207,0.5163347255699269,0.9913451797524364,1.3276043807463147,1.5882180834845256,1.772438786461885,1.9421146408429848,2.126821670103471,2.286224405516476,2.425790480127707,2.5610493936283767,2.6879123263110203,2.8923468978654685,3.2125610034522523,3.628239980009438,4.05971762307761,4.5252210103272255,5.00708687290837,5.675194182375612,6.972993923598361,7.984211462714632,9.312812997370369,gnn_st,better than persistence
2026-09-20,2026-10-18,4,60653,4.011336803436279,0.0,8.437977321572985,0.2009445577479365,0.6356141044258323,1.1172760756566311,1.6506979288250585,2.028306473141795,2.320967493655437,2.527841569602441,2.7183822364129595,2.925802441534397,3.104806717704394,3.261535045477073,3.413426566309484,3.555889663814189,3.785463280668457,4.145053685698035,4.61184814894809,5.096384019558081,5.619129734513365,6.160249996464224,6.910513566441271,8.36790200265147,9.503467607413016,10.995445492316952,gnn_st,better than persistence
2026-09-20,2026-10-18,4,60654,1.6884057521820068,0.0,4.772961509689665,0.0,0.0,0.0,0.0434738445096318,0.306597675027171,0.5105286769065391,0.6546819279841776,0.7874537915320956,0.9319875943808664,1.0567207116097008,1.1659315824303698,1.2717720867994522,1.371042711066336,1.5310133747645396,1.7815818701356931,2.106851912573367,2.444484458809162,2.8087422516367795,3.185803730350925,3.708599698295273,4.724131877476944,5.515412626352681,6.555047301022781,gnn_st,better than persistence
2026-09-20,2026-10-18,4,60655,2.015556573867798,0.0,5.319922195111161,0.0,0.0,0.0,0.2534044611140502,0.5352788728752267,0.7537422902006392,0.908168108535106,1.050401485353896,1.205234974124072,1.3388567520408086,1.4558501460255084,1.569232996415233,1.6755777876314262,1.846948190077625,2.11537255551692,2.46382180732097,2.825514532660415,3.215729857820274,3.61966127787181,4.17971243570719,5.267612893329551,6.115281442349189,7.229001973829604,gnn_st,better than persistence
2026-09-20,2026-10-18,4,60656,3.2114951610565186,0.0,7.219114740406543,0.0,0.1553146721323486,0.591383049183531,1.0743117744893755,1.4161763079506575,1.6811343570891788,1.868425959790664,2.040930255959188,2.228716291846144,2.390776219465526,2.5326688155430963,2.6701824515230626,2.79916014839171,3.0070025783423207,3.332554549829164,3.7551627609067024,4.193832997172327,4.667096175804675,5.15699458695691,5.836239029868821,7.155672674354776,8.183746883821964,9.534495777706642,gnn_st,better than persistence
2026-09-20,2026-10-18,4,60657,1.5381430387496948,0.0,4.513177829019186,0.0,0.0,0.0,0.0,0.2053977664344743,0.4020879458643487,0.5411228574695613,0.669180491786126,0.8085824432011596,0.928886756829254,1.0342199606062683,1.1363024669611266,1.232048364932633,1.386339072359884,1.6280108233925157,1.9417317506700345,2.26737623575802,2.618700605126709,2.9823740496785565,3.4866075001718526,4.466081953292081,5.229267300500046,6.231988460195721,gnn_st,better than persistence
2026-09-20,2026-10-18,4,60659,3.338362693786621,0.0,7.425000554255853,0.0,0.2219234591798056,0.6665898014127567,1.1590404379232937,1.5076455183039796,1.7778277483302036,1.968812181705985,2.144717747056632,2.336206362362661,2.501461627429931,2.6461519214485345,2.786376915363165,2.917897666957314,3.129838128478326,3.461809011913401,3.892749793926135,4.340069296261441,4.822663810404083,5.322221554136623,6.01485866750439,7.360307600261553,8.408652360684645,9.786033985971374,gnn_st,better than persistence
2026-09-20,2026-10-18,4,60660,2.430592536926269,0.0,6.014696305481177,0.0,0.0,0.0873677102516352,0.5192616637672571,0.8249987574343582,1.061956663149637,1.229455729807544,1.3837301777055635,1.5516714270128604,1.6966052426637377,1.8235029629344173,1.9464844813108249,2.0618321185437543,2.2477102493648458,2.5388586542380733,2.916806623588725,3.3091192210851887,3.732369060165368,4.170496159520582,4.777959647361261,5.957958647747224,6.877388392898601,8.085393320783652,gnn_st,better than persistence
2026-09-20,2026-10-18,4,60661,2.0018014907836914,0.0,5.2876814124310005,0.0,0.0,0.0,0.2495074319902861,0.5298049463082339,0.7470462079861473,0.9006081178992051,1.0420457947931745,1.1960130945004894,1.3288873485868788,1.4452262433472738,1.5579747930717889,1.6637246568225137,1.834136357314271,2.101059069258604,2.4475589822389145,2.807228280441932,3.195260613734212,3.596932309607383,4.153850358504814,5.235664745953606,6.078591160491073,7.186081175878914,gnn_st,better than persistence
2026-09-20,2026-10-18,4,60666,1.3295916318893433,0.0,4.153815272626542,0.0,0.0,0.0,0.0,0.0644061902050046,0.2511257057090141,0.3831126275183147,0.5046787347102781,0.6370140902627329,0.7512199098862234,0.8512135386110442,0.9481212550169356,1.0390135798526543,1.185482947164704,1.4149038180725315,1.7127215317709,2.0218583715380314,2.3553733249709827,2.700611351420622,3.1792840835820693,4.109106791890534,4.8336045715127085,5.785495558986981,gnn_st,better than persistence
2026-09-20,2026-10-18,4,60707,2.2141594886779785,0.0,5.669006036721948,0.0,0.0,0.0,0.3717589066307352,0.6664698890336427,0.8948821380802814,1.0563405136219524,1.2050512034317964,1.3669358147351804,1.5066427331255945,1.6289640103939065,1.7475103197847326,1.858698056539322,2.037872673150112,2.318521093647809,2.682838736654501,3.061002961447944,3.4689887062624414,3.8913151774131856,4.476871084706378,5.614314567494404,6.500585972098832,7.665025375818019,gnn_st,better than persistence
2026-09-20,2026-10-18,4,60601,2.2251534461975098,0.0,6.328589766674773,0.0,0.0,0.1162258918256573,0.4674894591552176,0.6762387318040417,0.8248617628758432,0.9596453690607744,1.116531819038232,1.2547280210800924,1.4088237694404948,1.5597563417779732,1.6873101273494333,1.867152218413448,2.1141302429512776,2.471346951490012,2.818247374479358,3.255827837865485,3.794064409061513,4.3993854932977285,5.213886837700389,6.328589766674773,7.203701242044716,8.275134030108376,lstm,not clearly better than persistence
2026-09-20,2026-10-18,4,60602,1.4978322982788086,0.0,4.901222988636425,0.0,0.0,0.0,0.0400255277863079,0.213162205357388,0.3364301692827229,0.4482197121625475,0.5783413569488941,0.6929613073365595,0.820768343789482,0.9459518415817314,1.051744970176764,1.2009060270712757,1.405749637106194,1.7020252279357642,1.989744490006765,2.3526737909779825,2.7990872826355084,3.301140679318195,3.976688214682741,4.901222988636425,5.627040575578478,6.515687088269006,lstm,not clearly better than persistence
2026-09-20,2026-10-18,4,60603,1.5468868017196655,0.0,5.001955864914898,0.0,0.0,0.0,0.0669441412677327,0.2427097917042362,0.3678495030656545,0.4813365006904362,0.6134339617980072,0.7297943449098806,0.8595420517947338,0.9866263832145632,1.0940259147296842,1.2454518895875923,1.4534059225553757,1.7541802741322658,2.0462683744151104,2.4147085313049343,2.867900534441316,3.3775772999871974,4.063382604905209,5.001955864914898,5.738794540906868,6.64093459870633,lstm,not clearly better than persistence
2026-09-20,2026-10-18,4,60604,2.168226957321167,0.0,6.221235476126755,0.0,0.0,0.0852163594087298,0.4321631911722026,0.6383471097864801,0.7851436880637466,0.9182709164154534,1.0732293630887155,1.2097272493473947,1.3619292897932893,1.511007027004986,1.6369932831940184,1.81462526531711,2.058568136421096,2.411394950265448,2.754032257084809,3.1862352224181665,3.717857316150692,4.315739510344622,5.12023131419419,6.221235476126755,7.085592563107547,8.143858337984875,lstm,not clearly better than persistence
2026-09-20,2026-10-18,4,60605,2.100062847137451,0.0,6.091850812782392,0.0,0.0,0.0485160520894778,0.3902222639876476,0.5932917816595564,0.7378710027113136,0.8689873488942268,1.021605153602826,1.156041244021886,1.305944277923619,1.4527702010831882,1.5768534392403697,1.75180229643191,1.9920604189252555,2.339557795978829,2.67701957815776,3.1026941326840314,3.626286093121816,4.215137297500744,5.007477280544519,6.091850812782392,6.943151815931196,7.985432522968581,lstm,not clearly better than persistence
2026-09-20,2026-10-18,4,60606,3.26978611946106,0.0,8.208002955103455,0.005358026865502,0.3649113259596728,0.7318299430294117,1.1545526384635862,1.4057687149695894,1.584626798020726,1.746830039706126,1.935632606154322,2.101942683427698,2.2873868232713863,2.4690242879602646,2.6225269140923166,2.8389550909882497,3.1361769664003574,3.566063877347612,3.983535814355328,4.510135240416423,5.157867699227802,5.886331975431538,6.866530993388948,8.208002955103455,9.26114229570204,10.55054147703498,lstm,not clearly better than persistence
2026-09-20,2026-10-18,4,60607,2.304749011993408,0.0,6.477672729043484,0.0,0.0,0.1601089781607005,0.5173208261258846,0.7296050490846353,0.8807448555352586,1.0178108809325337,1.1773540386337304,1.317890448624772,1.4745956470997212,1.6280841044785808,1.7577978798220613,1.9406854083502536,2.1918457470744124,2.555111546460444,2.907886364805518,3.3528767950626053,3.900227838898564,4.515799401745671,5.344093473391388,6.477672729043484,7.367603300747638,8.457179680969357,lstm,not clearly better than persistence
2026-09-20,2026-10-18,4,60608,2.6819727420806885,0.0,7.169605870037367,0.0,0.0421509623253788,0.375590379027706,0.7597420748944119,0.988036138262932,1.1505744563274312,1.297977590915521,1.4695530158180496,1.62068826101389,1.789211696303605,1.954275793516306,2.09377219336788,2.290452551640384,2.560554651010688,2.9512168691858243,3.3305969079451705,3.8091471839269913,4.397777804444621,5.059773931230658,5.950535461430668,7.169605870037367,8.126652340559527,9.298401308637636,lstm,not clearly better than persistence
2026-09-20,2026-10-18,4,60609,3.658564329147339,0.0,8.87344965544732,0.2112434184965073,0.5909410473927532,0.9784166435011916,1.4248227967512208,1.690113502830835,1.878992287185022,2.0502831261855023,2.249663543471369,2.425291307592408,2.621125139095955,2.8129390226977558,2.975041785538548,3.203595565467014,3.517469590915783,3.971441341950818,4.4123025578314605,4.968405238455601,5.652427550000019,6.421704758989652,7.456820398040927,8.87344965544732,9.985592170979924,11.347231218893798,lstm,not clearly better than persistence
2026-09-20,2026-10-18,4,60610,1.6964919567108154,0.0,5.304600324551972,0.0,0.0,0.0,0.1509965123553547,0.3345475507049336,0.4652302176658074,0.5837440239838971,0.7216926282158546,0.8432070941532983,0.9787018638255732,1.1114152861133857,1.2235719872600657,1.3817052450908225,1.5988704226179775,1.912967314722636,2.2179932055228417,2.602753101434585,3.0760188535358988,3.608271311887524,4.3244537713768185,5.304600324551972,6.074076634277882,7.016176207969389,lstm,not clearly better than persistence
2026-09-20,2026-10-18,4,60611,1.6838515996932983,0.0,5.279281404914798,0.0,0.0,0.0,0.1437868848980414,0.3266929416959687,0.456916401724164,0.5750137613722786,0.712477626832907,0.8335651020570691,0.9685837555081026,1.100830834974856,1.2125934277373824,1.3701710197712005,1.5865730987377284,1.8995662831071416,2.2035203408405817,2.5869282256882093,3.0585309652460984,3.588913137166523,4.302578997032406,5.279281404914798,6.046053845304589,6.984842967307489,lstm,not clearly better than persistence
2026-09-20,2026-10-18,4,60612,2.2782740592956543,0.0,6.428214129107144,0.0,0.0,0.1454462830870104,0.5006906780960023,0.711805681096366,0.8621130390694443,0.9984241316211332,1.1570885568305398,1.2968509197767686,1.4526930166839882,1.6053360896755953,1.7343354269280322,1.916215646738154,2.1659926434659145,2.527257645916019,2.878089449595771,3.320628959642697,3.864965301039741,4.477146416179219,5.300878406166282,6.428214129107144,7.313243137371901,8.39681834410938,lstm,not clearly better than persistence
2026-09-20,2026-10-18,4,60613,2.2734367847442627,0.0,6.419163713800736,0.0,0.0,0.1427743177873699,0.4976580582776395,0.7085587311411403,0.8587134926802937,0.9948861982168138,1.1533895426527694,1.2930100147530004,1.4486938961971574,1.6011820014685147,1.730050374814002,1.9117459444957552,2.1612693602977973,2.522167595932097,2.8726432248851363,3.3147334558547463,3.858517171048569,4.470076781982623,5.292972495117528,6.419163713800736,7.303294214684335,8.385769344122423,lstm,not clearly better than persistence
2026-09-20,2026-10-18,4,60614,1.531854510307312,0.0,4.971169740392243,0.0,0.0,0.0,0.0586598393337756,0.2336240636126962,0.3581931843166774,0.4711627233355473,0.6026578690281384,0.7184876919622942,0.8476437974396728,0.9741486714560456,1.0810585009522875,1.2317940295433214,1.43879986927095,1.738202801390824,2.028959088299986,2.3957192947643304,2.8468449104989704,3.354197739082162,4.036876026240984,4.971169740392243,5.704648705386119,6.602675339212648,lstm,not clearly better than persistence
2026-09-20,2026-10-18,4,60615,3.3690197467803955,0.0,8.37930709668779,0.0569491509807713,0.4217499294858018,0.794023518665059,1.2229156155381364,1.4777980502515686,1.6592664670436033,1.823836974370184,2.015395008735516,2.1841322886197685,2.372282882021652,2.5565712439727637,2.7123141551256174,2.9319009802805223,3.233460642817964,3.669621512924756,4.093186219487302,4.62747106980396,5.284656821770822,6.023752626875993,7.018257101571622,8.37930709668779,9.447816417260078,10.75603365887357,lstm,not clearly better than persistence
2026-09-20,2026-10-18,4,60616,3.801100254058838,0.0,9.113810988108126,0.2891114643222732,0.6759317954533879,1.070675999749824,1.5254562324342071,1.7957234950189962,1.988145433812545,2.162649497097064,2.3657700676936564,2.54469241195639,2.7441998667937666,2.939611964009334,3.104755593116584,3.337596785963104,3.657358736572296,4.119846489182226,4.568977767682823,5.135512311728423,5.832366115693008,6.616074103488481,7.670607352539193,9.113810988108126,10.246816051568416,11.633997922906952,lstm,not clearly better than persistence
2026-09-20,2026-10-18,4,60617,3.345611572265625,0.0,8.338991989307555,0.0447173724086193,0.4082871512043082,0.7793045240949019,1.206749348709534,1.4607716969825415,1.641627758808556,1.805642932214208,1.9965545647664948,2.164722450190177,2.3522381399969,2.5359046312356552,2.691121996694373,2.909967838458155,3.210509904875177,3.645198974657069,4.067334385940141,4.59981632207953,5.254784437688899,5.9913862055691816,6.982534780849504,8.338991989307555,9.403895685274428,10.707698421384992,lstm,not clearly better than persistence
2026-09-20,2026-10-18,4,60618,1.8551146984100344,0.0,5.6186960545908695,0.0,0.0,0.0,0.2430240272202219,0.4344842594009537,0.5707980279489349,0.6944185810022421,0.8383113752503277,0.965061886012306,1.1063951102424048,1.2448271391385377,1.3618166600655248,1.5267638623913986,1.7532866632688926,2.080917955525988,2.399087378041139,2.8004265350814648,3.294085255812499,3.849272413406703,4.596315095434127,5.6186960545908695,6.421329012935196,7.404023552493261,lstm,not clearly better than persistence
2026-09-20,2026-10-18,4,60619,3.072213649749756,0.0,7.863712683403434,0.0,0.2536446745102978,0.6096618883413902,1.0198252031754254,1.2635774781117683,1.4371215651018625,1.59450563746206,1.7776987504413089,1.939067641493374,2.1190021090211006,2.295243000318221,2.4441849583680137,2.6541829060011475,2.942574116070923,3.359688792671831,3.764757352705969,4.275711149404951,4.904199033545647,5.611020137529706,6.562096771798287,7.863712683403434,8.885562533405892,10.136652782574131,lstm,not clearly better than persistence
2026-09-20,2026-10-18,4,60620,2.708454132080078,0.0,7.217355036727706,0.0,0.0561217173163086,0.3911413690450258,0.7771136354107426,1.0064896292805203,1.1697982484266265,1.3178999554827802,1.4902885100949883,1.642140014965652,1.8114621159855504,1.9773084844443884,2.1174659851918336,2.3150784503946427,2.586460616777861,2.9789742600986906,3.3601522555348144,3.840970475467216,4.432390732355215,5.097524189086307,5.992507213505879,7.217355036727706,8.178937138848429,9.35623925592076,lstm,not clearly better than persistence
2026-09-20,2026-10-18,4,60621,2.9784464836120605,0.0,7.698718304010565,0.0,0.2017764656850729,0.5525013662267426,0.9565674681238788,1.1966962851097178,1.3676605820160828,1.5227050882392044,1.703174975181381,1.8621450644524196,2.0394047467823326,2.21302575911036,2.359753645836305,2.5666299047256533,2.85073408435333,3.261648213732285,3.6606952960397496,4.16405359605066,4.783198800533577,5.479512775714493,6.416451342172717,7.698718304010565,8.705378019011494,9.937870399046696,lstm,not clearly better than persistence
2026-09-20,2026-10-18,4,60622,1.886353135108948,0.0,5.679801703751645,0.0,0.0,0.0,0.2614691561552051,0.4544487877832608,0.5918443217831866,0.7164459088499162,0.8614806145516978,0.9892369981981188,1.1316918215213445,1.271222426063192,1.3891403581354838,1.5553965565134198,1.783717008080769,2.113948332724284,2.434642699658538,2.8391668235530814,3.336743145233943,3.896336184147739,4.649307283921613,5.679801703751645,6.488804235868142,7.479297290675491,lstm,not clearly better than persistence
2026-09-20,2026-10-18,4,60623,3.2626049518585205,0.0,8.195565457173828,0.0016515775580079,0.3608221613982452,0.7273502234318916,1.149622964925623,1.400571642342939,1.579239345506461,1.7412699350287828,1.9298715364953096,2.096004590213025,2.281251339847112,2.462695466222596,2.6160347012894354,2.8322325079874373,3.129138014878356,3.5585673461602303,3.975594918232943,4.501633822019387,5.148676822291296,5.87636570749973,6.855521383296162,8.195565457173828,9.24758381656829,10.535610537305406,lstm,not clearly better than persistence
2026-09-20,2026-10-18,4,60624,2.8278183937072754,0.0,7.431363904831497,0.0,0.1198118883061005,0.4618638088227849,0.8559378707332668,1.0901286079593704,1.2568651755834273,1.4080756286686618,1.5840827251954914,1.7391216866604102,1.9119979628457688,2.081325548703325,2.224425041697553,2.426185514230644,2.7032641593977784,3.104016905793705,3.4931960620755698,3.98410695252228,4.587941484786735,5.267036502350057,6.180805771564256,7.431363904831497,8.413130207398131,9.615144620866134,lstm,not clearly better than persistence
2026-09-20,2026-10-18,4,60625,2.2972733974456787,0.0,6.463720170028301,0.0,0.0,0.1559621362778194,0.5126195429305649,0.7245742719381554,0.8754794888780233,1.0123327691845492,1.1716282942323213,1.3119465726242998,1.4684085433440577,1.6216587657868755,1.751171207730435,1.933774869970532,2.1845453737308502,2.547247335249457,2.8994745991547983,3.343774343815705,3.8902758244783326,4.504891936639386,5.331900383368729,6.463720170028301,7.35226944859516,8.440154658264463,lstm,not clearly better than persistence
2026-09-20,2026-10-18,4,60626,2.591026306152344,0.0,7.0048381296118745,0.0,0.0,0.3225837991114564,0.7004162218769354,0.9249548611530028,1.0848194333189023,1.229797794898148,1.3985508140190968,1.5471998932032038,1.7129511277633354,1.875299930157042,2.012501622327289,2.205946600121342,2.471605535633459,2.85584138299326,3.228980642133853,3.699658793850353,4.278606474823999,4.929712803746,5.805821358473128,7.0048381296118745,7.946141241239965,9.09861500680033,lstm,not clearly better than persistence
2026-09-20,2026-10-18,4,60628,2.398113489151001,0.0,6.651098291179181,0.0,0.0,0.2123267151335715,0.5763919757308327,0.7927490517696358,0.9467886037484068,1.0864843572334744,1.249088485892324,1.39232120624649,1.552032927021464,1.708466190790903,1.8406686350616803,2.0270650161248724,2.2830440792219604,2.6532794414388325,3.0128225442349885,3.4663504937632017,4.024202932162007,4.651584758159107,5.4957703549208805,6.651098291179181,7.558102936592065,8.668583764889515,lstm,not clearly better than persistence
2026-09-20,2026-10-18,4,60629,3.142073154449463,0.0,7.985957921130694,0.0,0.2926886033704647,0.6525981737659592,1.0672458275840322,1.3136630600858443,1.4891045145064066,1.648209275932707,1.833405249695525,1.9965383960643992,2.1784400974185663,2.356607840461912,2.5071781894591294,2.719472056666446,3.011016264333028,3.432691279553816,3.842188477326324,4.358728561113185,4.994087739243174,5.708636558790042,6.670111368306412,7.985957921130694,9.018979713997066,10.28374820442675,lstm,not clearly better than persistence
2026-09-20,2026-10-18,4,60630,2.510634660720825,0.0,6.858148913475596,0.0,0.0,0.2762652482103584,0.648422446755877,0.8695884079684542,1.027051737580237,1.1698524546286548,1.3360707224588149,1.482487021172983,1.6457485926862567,1.8056588381962464,1.9407996951403237,2.131339036580643,2.393007647456161,2.7714720880871457,3.139006616576534,3.602614956690111,4.172866565799139,4.814192965352926,5.677141949356321,6.858148913475596,7.785313200864266,8.920476257673634,lstm,not clearly better than persistence
2026-09-20,2026-10-18,4,60631,2.348663091659546,0.0,6.559433238370596,0.0,0.0,0.1845721946689722,0.5450237838790877,0.7592333235838684,0.9117438960589064,1.0500530449927827,1.2110431831099304,1.3528541913721552,1.5109806313251974,1.6658611558732284,1.7967513733487652,1.981297604612412,2.234735847927616,2.601296295013179,2.9572706128588333,3.4062968942745977,3.958612151258225,4.579766654852463,5.41557295903506,6.559433238370596,7.4574350562965614,8.556893375089508,lstm,not clearly better than persistence
2026-09-20,2026-10-18,4,60632,3.4012889862060547,0.0,8.434790214695342,0.0738727626417921,0.4403637517849312,0.8143621749497307,1.24524143311042,1.5013048000696254,1.6836140041258747,1.8489470065966331,2.041392575875752,2.2109116565737925,2.399933997387613,2.5850762120939894,2.741540717993213,2.962144942259453,3.2651018039797863,3.703283513366589,4.128810698123105,4.665571019960099,5.32580167318441,6.068321888723927,7.067434144273716,8.434790214695342,9.508250198552812,10.822528728488642,lstm,not clearly better than persistence
2026-09-20,2026-10-18,4,60633,3.44573974609375,0.0,8.511043802001133,0.0973001356060385,0.466106699763253,0.8424681316503371,1.2760697848325595,1.5337510194941522,1.7172120953569516,1.8835897100579275,2.077251195048463,2.247841336589204,2.4380579643635683,2.6243699504944127,2.781823035406989,3.0038210882934213,3.3086921016849384,3.749642344672671,4.177858108810458,4.718009806770229,5.382411950288768,6.129623580650158,7.135048459003079,8.511043802001133,9.591286154841375,10.91386860115062,lstm,not clearly better than persistence
2026-09-20,2026-10-18,4,60634,2.497990131378174,0.0,6.834984427172116,0.0,0.0,0.2690273647549079,0.6402840308389446,0.8609148226977508,1.0179971282681803,1.1604523013321542,1.3262683602396936,1.4723303661163258,1.6351968832132535,1.7947201837237428,1.929534031734428,2.1196123130022526,2.380647747684578,2.7581963938189444,3.124841575615823,3.587328093119713,4.15619982811312,4.795974369356868,5.656835220776142,6.834984427172116,7.759905196119697,8.892321426626289,lstm,not clearly better than persistence
2026-09-20,2026-10-18,4,60636,3.358522891998291,0.0,8.36123578491724,0.0514594214428982,0.4157087010790685,0.7874194941366177,1.215663200106425,1.4701603084096102,1.65135438470543,1.815676097473484,2.006944538050923,2.1754267241292577,2.363292875047598,2.5473026333631124,2.702810095349203,2.9220649533241425,3.2231687237073383,3.6586702141179286,4.081594583624409,4.615071712280477,5.271263943344435,6.009242397488444,7.002243399260804,8.36123578491724,9.428129753449776,10.734369257154018,lstm,not clearly better than persistence
2026-09-20,2026-10-18,4,60637,4.293423175811768,0.0,9.930983067725638,0.5666915442592666,0.9771642564634732,1.3960453522183087,1.8786334184167857,2.165426348790402,2.369614052350916,2.554788280234951,2.770328790407848,2.960191457938023,3.171897926035478,3.379258623202137,3.554500067064926,3.801578486291495,4.140892489623377,4.631659357072957,5.108253060105062,5.709428727815631,6.448892111466495,7.280520434584472,8.39953380593863,9.930983067725638,11.133266463688113,12.60526847398533,lstm,not clearly better than persistence
2026-09-20,2026-10-18,4,60638,3.262200117111206,0.0,8.194864132638017,0.0014427385773743,0.3605917348921643,0.7270977671877921,1.1493451284751184,1.4002787229173703,1.578935687468762,1.7409565383330985,1.9295468041222223,2.095669872608167,2.2809054882042745,2.4623387090939763,2.615668727886466,2.8318535402696114,3.1287412020042904,3.5581447229413485,3.975147230062394,4.50115451689931,5.148158627412809,5.875803775736782,6.854900600533108,8.194864132638017,9.246819261706484,10.534768567112664,lstm,not clearly better than persistence
2026-09-20,2026-10-18,4,60639,2.9893240928649902,0.0,7.717913752325331,0.0,0.20776115876374,0.559104090085984,0.9638822180980996,1.204434178692992,1.3756997407724434,1.5310174590687793,1.711805361483837,1.8710555803042987,2.048627621236825,2.222554580275814,2.369541023922654,2.576781830340753,2.8613866448752434,3.27302486763832,3.672775131782557,4.177020425909322,4.797256658697969,5.494797645331285,6.433387240480895,7.717913752325331,8.726347355317886,9.961011574953035,lstm,not clearly better than persistence
2026-09-20,2026-10-18,4,60640,1.8274834156036377,0.0,5.56444742596269,0.0,0.0,0.0,0.2267940058268831,0.4169001651900568,0.5522498757373377,0.6749961415892016,0.8178712763520011,0.9437253637717556,1.084059030678811,1.2215120205062415,1.337674151178751,1.5014547899814443,1.7263755434586416,2.051689714181025,2.367608932768714,2.766109680824677,3.256277076765812,3.807537759236733,4.5492970976801255,5.56444742596269,6.361403887109706,7.337148471845183,lstm,not clearly better than persistence
2026-09-20,2026-10-18,4,60641,2.4933152198791504,0.0,6.826413630089136,0.0,0.0,0.2663547118057945,0.6372778811419224,0.8577104822117267,1.0146516820651488,1.156978888842508,1.3226459965757027,1.4685767961780702,1.6312970116493115,1.7906770137175207,1.925369759579768,2.115277295122488,2.3760782438642,2.7532877412177754,3.119603568724385,3.5816746384703517,4.150035360757648,4.789235197899378,5.649322745239354,6.826413630089136,7.750503550471032,8.881902540979926,lstm,not clearly better than persistence
2026-09-20,2026-10-18,4,60642,2.4837143421173096,0.0,6.808800758070618,0.0,0.0,0.2608715330000843,0.6311088572385362,0.8511338735810714,1.0077848857044158,1.1498489263462952,1.3152097119538368,1.4608706822983384,1.6232900245125292,1.78237532945173,1.9168190254646311,2.106375417797567,2.3666941398493595,2.743206168546502,3.1088446700318064,3.570061360207657,4.1373711710197005,4.775389113604875,5.633886340154239,6.808800758070618,7.731182015866566,8.860489024759577,lstm,not clearly better than persistence
2026-09-20,2026-10-18,4,60643,2.1953203678131104,0.0,6.272407118014451,0.0,0.0,0.0999349596964451,0.4489429433322767,0.6563517653928319,0.8040204370702146,0.9379385515487216,1.0938175798882728,1.231126376776702,1.3842326235502562,1.534196006137699,1.6609307251575216,1.8396179885485904,2.085010082586733,2.4399329802727427,2.784605836812796,3.2193764461471317,3.7541568159426335,4.3555909261398025,5.1648620783966575,6.272407118014451,7.141899202825204,8.206451953929568,lstm,not clearly better than persistence
2026-09-20,2026-10-18,4,60644,3.0569891929626465,0.0,7.836995631804076,0.0,0.2451806638706863,0.6003439567146285,1.0095234790546803,1.252691104779841,1.4258189395991987,1.582825520205598,1.7655792374539745,1.9265610790112704,2.1060639667946357,2.2818821375321146,2.43046685256414,2.6399611120390167,2.927660604693957,3.343774815692191,3.747871803197782,4.257600057553544,4.884580489319502,5.589706255686714,6.5385016960499485,7.836995631804076,8.856394535619849,10.104483996682683,lstm,not clearly better than persistence
2026-09-20,2026-10-18,4,60645,3.50315523147583,0.0,8.609244724747008,0.127754243646768,0.49953040979742,0.8789222748898862,1.3160152551220765,1.5757713191996563,1.7607096094874355,1.928426883902464,2.1236477162251006,2.2956114364209226,2.487359673802926,2.675171829668222,2.833892714669709,3.05767827874618,3.365004090010337,3.8095048303260537,4.241168554750857,4.785669512498575,5.455421370804174,6.208649491550196,7.222169973434013,8.609244724747008,9.698185105648982,11.03141688375095,lstm,not clearly better than persistence
2026-09-20,2026-10-18,4,60646,2.535384178161621,0.0,6.903416130536075,0.0,0.0,0.2904698616485404,0.664383422374176,0.8865931563024798,1.0447996198317748,1.1882742719261832,1.3552769918115566,1.5023842889818055,1.6664163586899094,1.827081286115296,1.9628599280896049,2.1542985026884875,2.41720203486517,2.797452604133842,3.166721678530844,3.6325179762014552,4.205460836113382,4.849813917504009,5.716835511051967,6.903416130536075,7.834956085775559,8.975476441782789,lstm,not clearly better than persistence
2026-09-20,2026-10-18,4,60647,2.2840020656585693,0.0,6.438925555934892,0.0,0.0,0.1486131012377773,0.5042840884766142,0.7156526071443579,0.8661404604381246,1.0026152410134423,1.1614701970571089,1.301400392455856,1.4574296310282429,1.6102560041641811,1.7394102491806818,1.9215088783158305,2.171585817639436,2.5332846421149555,2.8845377392015425,3.3276086690795426,3.872598672172379,4.4855149198308935,5.310236081417397,6.438925555934892,7.3250173438055155,8.409893752673533,lstm,not clearly better than persistence
2026-09-20,2026-10-18,4,60649,3.487748622894287,0.0,8.582925987403115,0.1195611416542283,0.4905427918840068,0.8691238656872229,1.3052827426515994,1.5644836868822298,1.7490267489940503,1.916385597945424,2.111189227463017,2.28278544719499,2.474123902989925,2.661534688994658,2.819916374548761,3.043223690663935,3.34989272166035,3.7934435277221374,4.2241847516406015,4.767522066532079,5.435842610614479,6.187461021571466,7.198815527708839,8.582925987403115,9.669539214097044,10.999921767395596,lstm,not clearly better than persistence
2026-09-20,2026-10-18,4,60651,3.021448373794556,0.0,7.774517706963293,0.0,0.2254854265963901,0.5786472428162299,0.9855208870840664,1.2273181732261853,1.3994703686105168,1.5555921590168995,1.7373159914196,1.89739064070992,2.075881963274986,2.250709333538673,2.398456718700672,2.6067704004760204,2.892848599993642,3.3066178533820945,3.708437604780637,4.21529335173968,4.83874051668659,5.539892638347631,6.483341265193805,7.774517706963293,8.788171920610537,10.029227935561575,lstm,not clearly better than persistence
2026-09-20,2026-10-18,4,60652,2.455883741378784,0.0,6.757661020778039,0.0,0.0,0.2450204724586733,0.613262481108459,0.8321017192588362,0.987908493953896,1.12920691055864,1.2936765192597053,1.438552480676794,1.6000964982702497,1.7583244466759735,1.8920435868840155,2.080578405216191,2.3394941946889944,2.713977091607689,3.0776450618848528,3.5363761224620296,4.100628537287742,4.735208017396699,5.58907855509862,6.757661020778039,7.675071300280107,8.798292148400783,lstm,not clearly better than persistence
2026-09-20,2026-10-18,4,60653,3.786061763763428,0.0,9.088536428980635,0.2808395684809586,0.666914607851743,1.0608982533584177,1.514802255056726,1.784548790193445,1.9765999871361963,2.150767831173578,2.353497046726406,2.5320746589826078,2.731197720213319,2.9262333144009878,3.091058759131308,3.3234513338248304,3.6425971949271454,4.10419386637217,4.552459797800149,5.117902792375263,5.813413959057234,6.595611966485075,7.648113432616792,9.088536428980635,10.219358516857042,11.60386768685187,lstm,not clearly better than persistence
2026-09-20,2026-10-18,4,60654,2.0028860569000244,0.0,5.905736122853355,0.0,0.0,0.0,0.3311410919497841,0.5296861768240182,0.6710441415440116,0.7992391871605851,0.9484566341540084,1.0798974593867594,1.226460621254366,1.3700152310730265,1.491333867832636,1.6623848266272734,1.897289946159963,2.2370450064548617,2.5669880671006133,2.983178500436692,3.495104718691393,4.070836190810225,4.845522667570577,5.905736122853355,6.738069955431719,7.7571284227683,lstm,not clearly better than persistence
2026-09-20,2026-10-18,4,60655,1.719172477722168,0.0,5.349918931361247,0.0,0.0,0.0,0.1639802463240964,0.3486829252927572,0.4801855247848514,0.5994429134575014,0.73825703835013,0.8605339134574587,0.996878807878854,1.130424904114895,1.2432853017042875,1.4024107232655425,1.62093844410348,1.937006050961526,2.243945743006747,2.631119709297552,3.107354837484346,3.642946767822376,4.363622717615175,5.349918931361247,6.124223109028792,7.072233627959501,lstm,not clearly better than persistence
2026-09-20,2026-10-18,4,60656,3.610173463821411,0.0,8.791427165190722,0.1850848740421344,0.562333772536256,0.947310476894882,1.3908376858588056,1.6544174899787034,1.8420781650101936,2.01226432214504,2.210358903407081,2.3848540161425675,2.5794248841181058,2.770001729475315,2.9310590658150506,3.158138866063796,3.469988667998745,3.921032683004201,4.359050714781791,4.911567000766845,5.591177943625925,6.35549396153625,7.383933975189422,8.791427165190722,9.896397296747171,11.24925491786352,lstm,not clearly better than persistence
2026-09-20,2026-10-18,4,60657,1.5592654943466189,0.0,5.027253691367479,0.0,0.0,0.0,0.0737890581770588,0.2502119284602295,0.3758195600421727,0.4897309062640349,0.6223223038883181,0.7391177797100411,0.8693506369517046,0.9969101598813777,1.1047112778467474,1.256703462062004,1.465435073113568,1.7673340748865225,2.0605143458864807,2.4303321677683885,2.8852187385183643,3.396801278513747,4.08517093463589,5.027253691367479,5.766847541652329,6.672360865781058,lstm,not clearly better than persistence
2026-09-20,2026-10-18,4,60659,3.4886577129364014,0.0,8.584479612691869,0.1200441590802898,0.4910727381473441,0.8697017021079225,1.305915752768763,1.5651494856802513,1.749715892319562,1.9170959120112785,2.111924184008694,2.2835421105045137,2.474904770437986,2.662339263734641,2.820740984426181,3.044076548711295,3.3507843730578504,3.794391287888328,4.225187000175133,4.768593046736817,5.436998132752873,6.188711622747002,7.200194064298477,8.584479612691869,9.671230294958775,11.001781140425738,lstm,not clearly better than persistence
2026-09-20,2026-10-18,4,60660,2.4566662311553955,0.0,6.759100599451668,0.0,0.0,0.2454652567678752,0.6137635137354103,0.832636179193684,0.9884667530989496,1.1297867527877743,1.294281483931671,1.4391795748965044,1.6007482680539065,1.7590003854998528,1.8927399510708651,2.081303567764225,2.3402589061675,2.7147990046886266,3.0785225246072407,3.5373236555453507,4.101662258932864,4.736338669938884,5.590339634860387,6.759100599451668,7.676651011756881,8.800043429882294,lstm,not clearly better than persistence
2026-09-20,2026-10-18,4,60661,2.3299357891082764,0.0,6.524607962768914,0.0,0.0,0.1741183137780146,0.5331918795465955,0.7465824860688084,0.8985100034256457,1.0362903899539315,1.1966650551731308,1.3379339132562391,1.495455828364602,1.649744237355778,1.7801340553509184,1.9639747576604951,2.216444094607343,2.5816031637993304,2.9362165750232365,3.383526207767783,3.933729937450592,4.552509738054496,5.385120715279955,6.524607962768914,7.419176677352612,8.51443171509024,lstm,not clearly better than persistence
2026-09-20,2026-10-18,4,60666,1.2939863204956057,0.0,4.473643160220265,0.0,0.0,0.0,0.0,0.093768532005948,0.208933043010983,0.3133737073268913,0.4349413483894737,0.5420263534262436,0.6614315450705132,0.7783856655902346,0.877224110992963,1.0165795414814205,1.2079570367442338,1.484755910142374,1.7535609351301045,2.092631802732544,2.509698734282818,2.978747886115974,3.6098859295579713,4.473643160220265,5.151746576689986,5.981974787097707,lstm,not clearly better than persistence
2026-09-20,2026-10-18,4,60707,2.066260814666748,0.0,6.0273390728880685,0.0,0.0,0.0304970227201453,0.3695744131772616,0.5710816721500536,0.714548613287084,0.8446562524283443,0.9960999346207744,1.1295017784717611,1.2782515751893913,1.423947934058162,1.5470765724287872,1.720679509379902,1.959089273014656,2.3039132759131804,2.638778889987352,3.0611786360469195,3.580742487764304,4.1650635296300536,4.951307865994012,6.0273390728880685,6.872090829192818,7.906353040297585,lstm,not clearly better than persistence
2026-09-20,2026-10-18,4,60601,2.7282869815826416,0.0,6.527906700494107,0.0,0.0,0.2408752886265031,0.6689252121634759,0.9289327973382044,1.1279393220651794,1.3302858664819786,1.5358463871602293,1.74613582247347,1.9360126401298257,2.128192941765781,2.3132478958338942,2.4980233506749303,2.738579710919067,3.018882654670564,3.378073005049229,3.7619256429968497,4.163382788765965,4.687136900390042,5.41639673183586,6.522008772074862,7.410407944459884,8.58755442743501,colagnn,better than persistence
2026-09-20,2026-10-18,4,60602,1.6227279901504517,0.0,4.604070644955415,0.0,0.0,0.0,0.0068654725712171,0.2108784427103256,0.3670273956700189,0.5257970696243948,0.687088565557982,0.8520905683199385,1.0010759662059392,1.151868775241234,1.2970707346110777,1.442053387042513,1.630804101781391,1.8507416703528965,2.132577641318181,2.433764688268369,2.748764978113324,3.159724650167475,3.7319328190808014,4.599442880370512,5.296518520319998,6.220157536924744,colagnn,better than persistence
2026-09-20,2026-10-18,4,60603,1.4476087093353271,0.0,4.27771389089501,0.0,0.0,0.0,0.0,0.1073794292982806,0.2556072622023977,0.4063228722342193,0.5594323773249784,0.7160641627494844,0.8574918332167977,1.0006352285272726,1.1384713866498268,1.2760993628306845,1.4552751361838945,1.664055717453435,1.9315947205577044,2.217503158763761,2.516524122035536,2.906636642452484,3.449817850141717,4.273320883432529,4.935035288309994,5.811819968719294,colagnn,better than persistence
2026-09-20,2026-10-18,4,60604,2.0844266414642334,0.0,5.431907791814636,0.0,0.0,0.0,0.2701201542724452,0.4991879438695259,0.6745135394823254,0.8527817066629679,1.033881400614391,1.219147288493974,1.3864295733051668,1.5557412373101416,1.7187754397696016,1.881563402219957,2.093494579833922,2.3404426667505454,2.6568908947918515,2.995066703188291,3.348752157931796,3.8101817603085295,4.452662776848774,5.426711691765132,6.209395145254981,7.246466208800624,colagnn,better than persistence
2026-09-20,2026-10-18,4,60605,2.4592902660369877,0.0,6.076891475291664,0.0,0.0,0.0910365422326813,0.4985809902471656,0.7461330675937259,0.9356063038017228,1.1282595580543424,1.3239728249582476,1.5241884706704467,1.7049693529635437,1.887943372214168,2.0641333794097205,2.240057276621469,2.469089928331784,2.7359651272434173,3.077948678759128,3.4434130857110774,3.8256386670685583,4.324302651291217,5.018627726763521,6.071276083605133,6.917117025087991,8.037873009979208,colagnn,better than persistence
2026-09-20,2026-10-18,4,60606,3.3429877758026123,0.0,7.528945336367017,0.0,0.2269844334352035,0.6026609661109843,1.0742341619259408,1.3606788057278352,1.579919921525913,1.802840663630662,2.029302172766421,2.260973423253684,2.470156541366418,2.6818773571682266,2.885748334109897,3.089311392894145,3.3543270495647235,3.663130643988952,4.058842761011047,4.48172477837771,4.924001295211944,5.501009692267424,6.30441922555911,7.522447718214517,8.501177566871482,9.79801398336244,colagnn,better than persistence
2026-09-20,2026-10-18,4,60607,2.718991756439209,0.0,6.51246748045194,0.0,0.0,0.2356022146148033,0.6629599803198949,0.9225471325578758,1.1212318632203944,1.3232512127522724,1.5284793415376865,1.7384287382909125,1.9279985246427245,2.119868070234592,2.304623789964036,2.489100462417376,2.729267842405714,3.0091175355732283,3.3677270742276524,3.750959021468338,4.151767009995904,4.674674209868789,5.402754826283704,6.506579088998183,7.393541717626994,8.568784751698942,colagnn,better than persistence
2026-09-20,2026-10-18,4,60608,3.578813076019287,0.0,7.903836509793733,0.0,0.3592898772123156,0.7474471348608631,1.23468693438826,1.5306478415397708,1.7571725852224789,1.9874991997492228,2.2214842126617818,2.460852044941987,2.6769846441615543,2.895739248457447,3.106383226563218,3.3167090568551925,3.5905290631103037,3.909591729894361,4.318450194029935,4.75538119688177,5.212351023221407,5.808528792021598,6.638629195126455,7.897123027784733,8.908368237400556,10.248288150573115,colagnn,better than persistence
2026-09-20,2026-10-18,4,60609,4.22514533996582,0.0,8.910197531059925,0.3385215312374021,0.7376187524658269,1.1580874593482702,1.6858866551949232,2.0064842930482527,2.2518656795258565,2.501365416713196,2.7548280890466232,3.0141216638153345,3.248245830550036,3.485210266433793,3.713388921711962,3.9412229455366967,4.2378366032230215,4.583459064928031,5.026352212809559,5.499654747145536,5.994664200606004,6.640469710048383,7.539670320621844,8.90292519737717,9.998349686420784,11.449808810567372,colagnn,better than persistence
2026-09-20,2026-10-18,4,60610,2.2193305492401123,0.0,5.666459966927595,0.0,0.0,0.0,0.3510155434796205,0.5869022537250503,0.7674469651559712,0.9510218430193756,1.137512536921805,1.3282934445713823,1.5005554108472128,1.674907167148536,1.8427945935880825,2.010428449912945,2.228668423213998,2.4829676938649565,2.808835995152352,3.1570786663176813,3.521292677060322,3.9964581776571455,4.658064655169289,5.661109188675708,6.467091668063135,7.53503440196215,colagnn,better than persistence
2026-09-20,2026-10-18,4,60611,1.7357375621795654,0.0,4.810731773219348,0.0,0.0,0.0,0.0691166927587823,0.2795382292244825,0.4405922179825752,0.6043492512479505,0.7707073233354992,0.9408924587090708,1.0945578669071367,1.2500874616360904,1.3998505838905204,1.54938751021777,1.7440673650195124,1.9709137320607364,2.2616028877618684,2.572250985966664,2.897146236161397,3.3210151968461563,3.9111978798337512,4.805958638777489,5.5249311976837525,6.477584065200545,colagnn,better than persistence
2026-09-20,2026-10-18,4,60612,2.747735977172852,0.0,6.560179137810451,0.0,0.0,0.2519294496666213,0.6814240107348271,0.9423091027032606,1.1419872600571157,1.345016709425665,1.551270981993083,1.762270128940343,1.952787767122564,2.145616663376205,2.331296164529337,2.516695223165716,2.758063443726318,3.03931238963876,3.399714981469838,3.7848630943066026,4.187675128905431,4.713196872773284,5.444917903403119,6.554261304309387,7.4456587596436,8.626778026856167,colagnn,better than persistence
2026-09-20,2026-10-18,4,60613,2.662132978439331,0.0,6.417807182480983,0.0,0.0,0.2034901085830651,0.626589306607642,0.8835897047358119,1.080294566444235,1.280300817954282,1.4834838736264555,1.6913411504106397,1.879021897109626,2.068979486230117,2.25189413788974,2.434532522945114,2.672306664470488,2.9493676897948915,3.304403728413068,3.6838168163381466,4.080630802456,4.598327296264814,5.31915267870321,6.411977468125309,7.290101623027381,8.453633504516453,colagnn,better than persistence
2026-09-20,2026-10-18,4,60614,1.7149388790130615,0.0,4.772912486929681,0.0,0.0,0.0,0.0575430326096708,0.2667998509604914,0.4269623791707193,0.5898129900884268,0.7552502426468943,0.9244933750611576,1.077308219730581,1.2319769323491605,1.380911090875065,1.5296203055057735,1.7232225750123114,1.948813309776415,2.237893452773187,2.546822062215523,2.869918963297822,3.2914417389620887,3.878357662883527,4.7681657725788575,5.483158699088529,6.430538474931219,colagnn,better than persistence
2026-09-20,2026-10-18,4,60615,3.4096779823303223,0.0,7.635426808182416,0.0,0.264054245145354,0.6433019187985041,1.1193578390237642,1.408525395002107,1.6298505934203429,1.8548903962797407,2.0835046243232034,2.3173781169627787,2.528549707444404,2.742283118698174,2.948092071362382,3.153590178832065,3.421125046017178,3.7328640944133458,4.132337808536739,4.559239697174185,5.005720447318777,5.588213824541462,6.399260483009725,7.6288674243660495,8.616900974383913,9.926064979278893,colagnn,better than persistence
2026-09-20,2026-10-18,4,60616,3.720177412033081,0.0,8.126459655555996,0.0648154700236181,0.4401656107714573,0.835615591161214,1.332009682400073,1.633531121515273,1.864311826196132,2.098965831507324,2.3373469694211435,2.581212059448271,2.801405371408324,3.024269950839442,3.2388715211302386,3.45314896622629,3.732113519819539,4.05717075586664,4.473710878300709,4.918850968057529,5.384406371966375,5.99178516583221,6.8374815470308,8.119620040228721,9.149864587849406,10.514958999835642,colagnn,better than persistence
2026-09-20,2026-10-18,4,60617,4.92783260345459,0.0,9.97525187320514,0.740596451904735,1.1705619939666732,1.623552007072572,2.192174025145141,2.5375684047880087,2.8019289045279114,3.070726290322451,3.343793125934254,3.623141857267055,3.8753744434775945,4.130666980495401,4.376494197486945,4.621950127378991,4.9415054771194,5.313860234785631,5.791009115497599,6.300919407803497,6.834215548848528,7.5299711220877885,8.498720733417098,9.967417058208593,11.147567555798712,12.711290317820254,colagnn,better than persistence
2026-09-20,2026-10-18,4,60618,2.4592156410217285,0.0,6.076765084033456,0.0,0.0,0.0909958058609019,0.4985344220980046,0.7460829570859029,0.9355534820172804,1.1282039794886554,1.3239144458239138,1.5241272265404544,1.7049055219405986,1.8878769229154693,2.064064408911423,2.239985788731487,2.469015163087774,2.7358865431355848,3.077865201020796,3.443324378341787,3.825544490223457,4.324201338789236,5.018516478782622,6.071149772700649,6.916978610580832,8.037718557959,colagnn,better than persistence
2026-09-20,2026-10-18,4,60619,4.0386247634887695,0.0,8.622682269586367,0.2357840869970879,0.6262780533423409,1.0376828047189726,1.554104344276701,1.867790926260222,2.107882677783828,2.352004001596853,2.600002832396273,2.8537068700931965,3.082784071392936,3.314640314756886,3.5379001707404494,3.760822824418357,4.051042443852421,4.389214394821614,4.822560188237713,5.2856598393583925,5.769998478112128,6.401882493975604,7.281699226054357,8.61556670407172,9.687377357730805,11.107547682724388,colagnn,better than persistence
2026-09-20,2026-10-18,4,60620,3.1361231803894043,0.0,7.196173056245171,0.0,0.113844812703526,0.4782215264623182,0.9356104673256528,1.213439261258915,1.4260859142886335,1.6423015156685072,1.861951382813548,2.0866542896565248,2.289545475349821,2.4948980283738686,2.692636854591452,2.8900770243944085,3.147121384829859,3.446636603765059,3.830446259822239,4.240608584038364,4.669582048600828,5.229234848930932,6.008478959437976,7.189870877259423,8.139161915938818,9.396991326676902,colagnn,better than persistence
2026-09-20,2026-10-18,4,60621,3.939537763595581,0.0,8.469027143750182,0.1819656921988226,0.5678112605021299,0.9743186941080304,1.4845928073795966,1.794545298137269,2.031779023356103,2.2729943532706045,2.518041032746709,2.768725004952989,2.995075295965376,3.2241715476250934,3.444773742372269,3.665042748833653,3.951807625232024,4.285954013784878,4.7141413056331976,5.171728268474357,5.6503013923314285,6.274663529048943,7.144007017679295,8.461996281159667,9.521048216443576,10.924312987121649,colagnn,better than persistence
2026-09-20,2026-10-18,4,60622,2.3504929542541504,0.0,5.891819557434715,0.0,0.0,0.0321722135007696,0.4311238702063416,0.6734564841321873,0.8589348089009741,1.0475261032450716,1.2391128920014176,1.435107130039519,1.6120763731316556,1.7911925124135224,1.9636676758173777,2.135882339981404,2.3600859974834507,2.6213343183920967,2.956107384515179,3.313866228564546,3.688032849311635,4.176182850162487,4.855868564202816,5.88632256237735,6.714329535746776,7.811455159990698,colagnn,better than persistence
2026-09-20,2026-10-18,4,60623,4.122427940368652,0.0,8.752134647441263,0.2817176171532529,0.676100220917542,1.0916018445853015,1.6131660401013677,1.9299763921957744,2.172459037944239,2.419011383479439,2.669479849193708,2.9257103356949035,3.15706874554995,3.3912338718710955,3.61671700581788,3.8418595795133896,4.134969279125728,4.476508831686603,4.914169991825091,5.381881306088596,5.871043111181547,6.509219587467843,7.397797756498558,8.744948223330319,9.827432237842965,11.261744977171038,colagnn,better than persistence
2026-09-20,2026-10-18,4,60624,2.9464142322540283,0.0,6.887463840648244,0.0,0.0127189965726732,0.3664158103992219,0.8103986582437561,1.0800842761576328,1.2864982450186606,1.4963765561729698,1.709588474588958,1.9277053278534515,2.124649762619703,2.323983421915598,2.5159265131232846,2.7075797015509804,2.9570900787653858,3.247826491466197,3.620386667068287,4.018527112791089,4.434927343384086,4.9781766917957935,5.73458111796309,6.881346378847709,7.802813649111478,9.023776016124568,colagnn,better than persistence
2026-09-20,2026-10-18,4,60625,2.546769618988037,0.0,6.224552904699768,0.0,0.0,0.1391178470210206,0.5534421664783027,0.8051124971049259,0.9977377924063532,1.193596008236128,1.392565142802378,1.5961115573310305,1.7798998935281958,1.9659178515048537,2.1450389392343485,2.323889489999158,2.5567323075511714,2.828047217391777,3.1757199753882137,3.547264214142864,3.935848464637852,4.442808176412816,5.14868397911045,6.21884409588065,7.078756368410335,8.218157145380864,colagnn,better than persistence
2026-09-20,2026-10-18,4,60626,2.526233196258545,0.0,6.189977093986734,0.0,0.0,0.1277722750649355,0.5405149733607759,0.7912245901168076,0.9831145671446736,1.1782251235099876,1.3764347231444818,1.5792041296592774,1.762290881353423,1.9475987435791744,2.126036063329072,2.304203878848709,2.5361578537471896,2.8064370594722834,3.152782628680902,3.5229085528379542,3.910009441037457,4.415033909886802,5.118215137213242,6.184290077692,7.04091976365038,8.175971048458393,colagnn,better than persistence
2026-09-20,2026-10-18,4,60628,3.117715358734131,0.0,7.166371643549905,0.0,0.1039183163480239,0.46727249112626,0.9233778757038942,1.2004270073783174,1.4124769167534683,1.6280857590505933,1.8471192296402317,2.0711915597404715,2.273513378242208,2.478289656816504,2.675473574747849,2.8723596743747275,3.1286826992572934,3.42735739799714,3.810089981015311,4.219101279523619,4.646870929263192,5.204953193435779,5.982010535556496,7.160087150172025,8.106714223086623,9.361013826472032,colagnn,better than persistence
2026-09-20,2026-10-18,4,60629,3.904342174530029,0.0,8.414290111574958,0.1629812860505786,0.5471622121416413,0.9519158626561688,1.4599885152954344,1.7686037871181473,2.004814021838169,2.244988683533564,2.488978165311585,2.738580619013187,2.9639543736075726,3.1920622420318505,3.411712699204056,3.631031405554913,3.916559100662488,4.249263891257122,4.675603867237874,5.131216676073669,5.607725105946768,6.229393575420475,7.094986480949723,8.40728958202859,9.461772480627213,10.858983187285585,colagnn,better than persistence
2026-09-20,2026-10-18,4,60630,2.7477023601531982,0.0,6.560123393059604,0.0,0.0,0.2519103185117073,0.6814023867584345,0.9422859645285068,1.1419629629340429,1.3449912339031014,1.5512443093538912,1.7622422316448851,1.9527587640471884,2.145586541106181,2.331264964560337,2.516662947125452,2.7580297667652056,3.039277080285817,3.3996775803108434,3.784823457716533,4.1876331543614445,4.713151848058214,5.44486863171948,6.554205593906129,7.445597875496775,8.626710287396737,colagnn,better than persistence
2026-09-20,2026-10-18,4,60631,2.3595452308654785,0.0,5.907280665218794,0.0,0.0,0.0370289645657018,0.4367026144959647,0.679473784077453,0.8652877738110529,1.0542203667422436,1.2461538751100951,1.44250280903569,1.6197923179854654,1.7992326084190338,1.972019904627233,2.1445462301633307,2.3691556348754634,2.630876743688327,2.966255657365837,3.3246619469318115,3.6995057067771953,4.188539125423972,4.869454884438945,5.901773722106018,6.731279161303877,7.830390282421982,colagnn,better than persistence
2026-09-20,2026-10-18,4,60632,4.261358261108398,0.0,8.96576721293239,0.3586764782008131,0.7594226094315566,1.1816285247423286,1.7116083756448317,2.033530594636935,2.2799257988036232,2.5304563690570463,2.784966247718642,3.0453311197709003,3.280422593867766,3.5183660719691563,3.7474874701355008,3.9762628129691646,4.274101959586427,4.621152394987615,5.065875400113581,5.541133431109213,6.038188065532207,6.686661784892947,7.589577532535772,8.958464832877194,10.058415177528646,11.515871149912853,colagnn,better than persistence
2026-09-20,2026-10-18,4,60633,3.5002036094665527,0.0,7.779373332220826,0.0,0.3148136560954335,0.6988556873191691,1.1809297916064925,1.473752934045836,1.6978760722124595,1.9257607739531852,2.1572650878985757,2.394095152793941,2.60793632356268,2.8243717010235483,3.032782440801689,3.2408784057553697,3.5117953841701417,3.827475362387522,4.231999126804194,4.6642978060981815,5.116422858141732,5.706279976072443,6.527579690675946,7.772731026257158,8.773255057982901,10.09896919830138,colagnn,better than persistence
2026-09-20,2026-10-18,4,60634,2.7996580600738525,0.0,6.646125965121279,0.0,0.0,0.281577317420878,0.7149049697772725,0.9781183714936936,1.1795785877483436,1.3844200051466742,1.5925150261821606,1.8053972679699408,1.9976152105689309,2.192165038422969,2.3795016652833394,2.5665553467739177,2.8100776957155063,3.093836691770861,3.457455752819972,3.84604118014171,4.252448173654008,4.782660018400353,5.520911407647341,6.640155316990895,7.539508188132604,8.731168538711174,colagnn,better than persistence
2026-09-20,2026-10-18,4,60636,3.47791051864624,0.0,7.743986748717022,0.0,0.3022672878289736,0.6851342192432197,1.165733263141182,1.457660419227683,1.6810977807460512,1.9082851961279172,2.139081148349601,2.375186555677531,2.5883734107761054,2.804146534759117,3.0119195750129943,3.2193788035969773,3.489466824596051,3.804180878638203,4.207466872811381,4.63844279559858,5.08918442598688,5.67723668681719,6.496023371440384,7.737364767019549,8.734827374464924,10.056485067032716,colagnn,better than persistence
2026-09-20,2026-10-18,4,60637,4.345030784606934,0.0,9.093863148690048,0.4054962443107608,0.8100265938739706,1.2362193707918352,1.7712037852105569,2.096165893718242,2.344887790960608,2.5977841042690786,2.8546973023230966,3.117520782070268,3.354832208892196,3.595022570997573,3.8263075468699297,4.0572431996327465,4.357894820958857,4.708222429906056,5.157144923979548,5.6368907840854,6.138639071455321,6.793236283834925,7.704678203182537,9.086491812758991,10.196828913350544,11.6680475428876,colagnn,better than persistence
2026-09-20,2026-10-18,4,60638,3.390258312225342,0.0,7.604459004710213,0.0,0.2532309407821991,0.6314422057667217,1.106197159587309,1.394574477991312,1.6152948385419432,1.839719652256588,2.0677091229602533,2.300943485733061,2.5115379861436127,2.7246873063782737,2.9299338239968886,3.134870345899239,3.401674093357657,3.712561220767744,4.110943252465723,4.536678502917164,4.981939109730703,5.562840648090525,6.371670876911637,7.597917546388768,8.583250996690081,9.888837316031294,colagnn,better than persistence
2026-09-20,2026-10-18,4,60639,3.2027804851531982,0.0,7.303823316390462,0.0,0.149987191280386,0.5180428939250037,0.9800499367866168,1.260683874425411,1.4754775490499896,1.6938762064934985,1.915743804326276,2.142715460695973,2.347655170317973,2.5550810988671966,2.754816427376176,2.954250084037356,3.213889734757552,3.51642905792332,3.904113910735915,4.318417505717148,4.751722170789544,5.317025596844591,6.104137472534342,7.297457506427295,8.256333216818248,9.526862507234796,colagnn,better than persistence
2026-09-20,2026-10-18,4,60640,2.079115390777588,0.0,5.422612562782056,0.0,0.0,0.0,0.2669681861726798,0.4957633525427678,0.670880285777786,0.8489362885022547,1.0298204480782018,1.214865843219394,1.381949038335854,1.5510591973964205,1.7138993659829256,1.8764935876209357,2.088172537011792,2.334826720606288,2.6508983302794835,2.988671661399052,3.3419361801821488,3.802816615749132,4.444532988563957,5.417422646830131,6.19917459576764,7.235011397348901,colagnn,better than persistence
2026-09-20,2026-10-18,4,60641,2.7822794914245605,0.0,6.617392761651758,0.0,0.0,0.2716320324974566,0.7036805172196807,0.9661169224473598,1.1669824353942364,1.371219168300708,1.5786999003234965,1.7909537213952111,1.9826042435456277,2.176579767309744,2.363363383189921,2.549864888944854,2.792668368676805,3.075589718388372,3.43813538905602,3.825573726181603,4.230781020875756,4.759427699338884,5.495499797054692,6.6114397386597705,7.508137752493834,8.696280364605691,colagnn,better than persistence
2026-09-20,2026-10-18,4,60642,2.328953504562378,0.0,5.85498377320341,0.0,0.0,0.0206464715502301,0.4178749045348977,0.6591607918670652,0.8438379653094121,1.0316146622292164,1.2223739148832613,1.417521579371733,1.5937264250928072,1.7720688937436102,1.9437990714133575,2.1152698750384267,2.338505111794684,2.598625001987303,2.9319520560962307,3.288165603826941,3.6607160568364,4.14675755244185,4.823507445749246,5.84951052175537,6.673941018542729,7.766327740544407,colagnn,better than persistence
2026-09-20,2026-10-18,4,60643,3.0538477897644043,0.0,7.062721927053354,0.0,0.0696643549857825,0.4294482070770256,0.8810718944147387,1.155398737840148,1.3653650421413268,1.5788553092448692,1.7957365542002914,2.0176071467694503,2.217940948540372,2.42070509282834,2.615951479104434,2.810902973442462,3.0647073650617798,3.360447282458897,3.739419130307216,4.144411478657067,4.567977858443282,5.120576399275688,5.889998366188836,7.05649918518637,7.99382468858794,9.235799528309943,colagnn,better than persistence
2026-09-20,2026-10-18,4,60644,3.4015052318573,0.0,7.622397886717388,0.0,0.2594964011359697,0.6383082487077605,1.1138170921791375,1.4026523408777436,1.6237231954973643,1.8485043857870784,2.0768558935818144,2.3104606220999147,2.5213895371660584,2.734877328996023,2.9404497689125475,3.1457117208534635,3.412939140739904,3.724319943015376,4.123334587576771,4.549745886580648,4.995713547339975,5.577537531383349,6.387652146462776,7.615846040852452,8.602744156640206,9.910403688712414,colagnn,better than persistence
2026-09-20,2026-10-18,4,60645,3.760237216949463,0.0,8.189275480819049,0.0859973442652024,0.4632859617078875,0.8607782233911472,1.35973591664547,1.662814547884155,1.89478710776654,2.130652971743196,2.3702652169090763,2.615389735779796,2.836720224890616,3.060735777097375,3.276445646273733,3.491829716327277,3.772234968156981,4.0989709457527415,4.517662268445316,4.96510126153601,5.433061002629436,6.0435765733578215,6.89364051046728,8.182400542646587,9.217965735789278,10.590110108376642,colagnn,better than persistence
2026-09-20,2026-10-18,4,60646,2.7453625202178955,0.0,6.556243084564637,0.0,0.0,0.2505789425258014,0.6798974677608705,0.9406756314264092,1.140271947206528,1.3432181814158868,1.5493879170741085,1.760300582342691,1.950740133549652,2.14348999551862,2.329093392691295,2.5144164622914715,2.7556857538791584,3.0368194250081686,3.3970742995541667,3.782064552722684,4.184711487787,4.710017837406825,5.441438959416328,6.550327676590799,7.44135977713841,8.621994942029122,colagnn,better than persistence
2026-09-20,2026-10-18,4,60647,2.8429882526397705,0.0,6.717621896429097,0.0,0.0,0.3064688784735816,0.7429695700304064,1.0081103503417157,1.2110457578518208,1.4173871253312091,1.62700592094136,1.8414469916997696,2.035072449059417,2.231046866890257,2.4197552651053327,2.6081786460848004,2.85348418600248,3.1393210056471257,3.505602665144451,3.89703350698544,4.306416413331204,4.840510731210209,5.58416796193792,6.711607528262693,7.617545905544233,8.817932182071498,colagnn,better than persistence
2026-09-20,2026-10-18,4,60649,4.248291015625,0.0,8.945724378536507,0.3513960391053348,0.7515479532307285,1.1731278313640812,1.7023218403872633,2.023766720550094,2.269796575600268,2.519955664911877,2.774088162205082,3.034066971240012,3.2688098571301705,3.506400518139204,3.7351821803895113,3.9636183004299914,4.26101581804133,4.607551655074466,5.051615235202425,5.52616856456911,6.02248617786314,6.669998355373856,7.57157528040524,8.938432826281758,10.03675218997322,11.49204708031173,colagnn,better than persistence
2026-09-20,2026-10-18,4,60651,3.2417755126953125,0.0,7.366610662170054,0.0,0.1712713505019301,0.541462338918191,1.0061497289607684,1.2884117724807498,1.504451578802159,1.724117282354271,1.9472720514533453,2.1755604904321157,2.381689163688849,2.5903184797436003,2.791212578520218,2.9918032552911136,3.252949212931577,3.5572437267043004,3.947177744369237,4.363884933603045,4.799703428184039,5.3682864783656585,6.159964806298305,7.360207920776831,8.324646576250444,9.602546878980586,colagnn,better than persistence
2026-09-20,2026-10-18,4,60652,3.149170160293579,0.0,7.217276190160042,0.0,0.1208948367234721,0.4859945649805368,0.944291079854796,1.2226711555754677,1.4357397527287925,1.6523843799180755,1.872470087314408,2.0976188609027524,2.300912633433486,2.506672657263124,2.7048038467487983,2.902635787210852,3.160190187921315,3.460299719932973,3.8448709503043936,4.255847139116844,4.68567179428107,5.246435085686366,6.027225411328232,7.210961506075574,8.162136175508879,9.422461434269016,colagnn,better than persistence
2026-09-20,2026-10-18,4,60653,3.73517656326294,0.0,8.14999282968158,0.0727349697964854,0.4488120831979181,0.8450279653162172,1.3423834653586453,1.6444888867797327,1.8757165641484017,2.11082504389932,2.3496678749086866,2.594005279269472,2.8146250584102224,3.037921278693741,3.25293848616189,3.4676309406743675,3.74713578872809,4.072822590867768,4.490169462108514,4.9361716926697214,5.402628777464313,6.011183933679803,6.858518247239758,8.143139967487542,9.175379877654626,10.5431181844989,colagnn,better than persistence
2026-09-20,2026-10-18,4,60654,1.986405372619629,0.0,5.259579625637709,0.0,0.0,0.0,0.212372595664869,0.4363555719473324,0.6077893156130147,0.7821003120729422,0.9591799814862272,1.1403333642637548,1.3039023413654538,1.46945564979819,1.6288708428593317,1.7880452619111022,1.99527202221869,2.236738391594049,2.5461621481190333,2.876831179345971,3.2226655760571368,3.67385243155946,4.30207174839483,5.254498867857681,6.019808428438203,7.033858740085917,colagnn,better than persistence
2026-09-20,2026-10-18,4,60655,2.1086254119873047,0.0,5.47419841085177,0.0,0.0,0.0,0.2845132958315057,0.5148191087549934,0.6910922717995416,0.870323909879841,1.0524023780443972,1.238669556813397,1.406855938054102,1.5770826665028364,1.7409980061400812,1.9046657749356517,2.117742359077267,2.366025105452351,2.6841836144921527,3.024187133104672,3.3797841217393163,3.843707573697618,4.489660953098872,5.468974227879395,6.255887784494251,7.29856381838544,colagnn,better than persistence
2026-09-20,2026-10-18,4,60656,3.609416246414185,0.0,7.952159894893681,0.0067646278325672,0.3767022191170746,0.7664498103326367,1.255685898202207,1.5528593978169334,1.7803122444696082,2.011582538753052,2.246526220382685,2.486874775529815,2.703892899676952,2.923543771615136,3.1350507870143494,3.346238351104501,3.621180235512568,3.94155014584024,4.352083759227464,4.790804928375595,5.249647022822089,5.848267413778503,6.681768852182937,7.945418906827329,8.96080732688079,10.306217075868709,colagnn,better than persistence
2026-09-20,2026-10-18,4,60657,1.7864675521850586,0.0,4.902586753555934,0.0,0.0,0.0,0.097557285634857,0.3107930009440613,0.4740009266776062,0.6399480474512798,0.8085309933553506,0.9809921857119264,1.1367127159663788,1.2943223643931456,1.4460884195092232,1.5976252535524846,1.7949087578562768,2.0247889695199466,2.3193658036676403,2.6341685113312687,2.963408912477802,3.392946699089852,3.991022488686984,4.897749783186495,5.626337885246364,6.591731537713209,colagnn,better than persistence
2026-09-20,2026-10-18,4,60659,3.541468381881714,0.0,7.844769193833876,0.0,0.3381153809861832,0.7243231016103464,1.209115717656783,1.5035901480391676,1.7289771611602365,1.9581469500605808,2.190956762878756,2.429122359615811,2.644169423279744,2.861825322883335,3.071411332276196,3.2806807917667524,3.5531255249084723,3.8705856853120943,4.277390639696506,4.712127137227686,5.166801812367851,5.759985251909762,6.585916438961277,7.838089430585717,8.844255616331626,10.177445722373273,colagnn,better than persistence
2026-09-20,2026-10-18,4,60660,2.9990193843841557,0.0,6.973424091168205,0.0,0.0404948004440224,0.3971851295006829,0.8449256289976375,1.1168937328514732,1.3250546876488698,1.5367093052225484,1.7517257440641367,1.9716886307014716,2.1702999059421404,2.3713206269294336,2.5648882297085662,2.758163476113689,3.009785585990263,3.3029826481664037,3.678695989180792,4.080206099094517,4.500130535683652,5.047977678405761,5.81078393823777,6.967254854190871,7.896520968548658,9.127816958309166,colagnn,better than persistence
2026-09-20,2026-10-18,4,60661,1.9955604076385496,0.0,5.275746077390732,0.0,0.0,0.0,0.2177275020814963,0.4421902688873675,0.613991238165319,0.7886756235569201,0.9661346126340602,1.1476760413148188,1.311595397032069,1.47750333468629,1.63726000860543,1.7967753927568593,2.0044460503527244,2.246429661161656,2.55651622960459,2.8878935819289624,3.2344687852360776,3.6866221212323618,4.316187137101837,5.270654436196815,6.037603354735404,7.053825848117027,colagnn,better than persistence
2026-09-20,2026-10-18,4,60666,1.249189376831055,0.0,3.897518224655365,0.0,0.0,0.0,0.0,0.0,0.1337496258071264,0.2747848426130056,0.4180601957164886,0.564631594733306,0.6969754319940688,0.8309247938928132,0.9599077999689553,1.088695995532264,1.2563633926644897,1.451734094730388,1.7020891926454134,1.9696338654268717,2.2494488519145577,2.6145046273851653,3.122797559850194,3.893407378010017,4.51262017578035,5.333089385754622,colagnn,better than persistence
2026-09-20,2026-10-18,4,60707,2.3931565284729004,0.0,5.964587465642495,0.0,0.0,0.0551280596012904,0.4574711498753319,0.7018638002687281,0.8889188509547321,1.079113334145421,1.272328776037411,1.4699891343357911,1.648462768803478,1.829101549932308,2.003042901153819,2.1767215386670262,2.4028311208530435,2.666300278071914,3.003919204326634,3.364719307467755,3.742066667576302,4.234366364941778,4.919829994445951,5.959043741380601,6.7940894889904975,7.90054162838569,colagnn,better than persistence
2026-09-20,2026-09-27,1,60601,1.0,0.0,5.421304118842256,0.0,0.0,0.0,0.0,0.0,0.11630373802821237,0.1996374642889055,1.0,1.0,1.0,1.0,1.0,1.0,1.0,1.0,1.0,1.8836962619717876,2.0,3.0,3.6510887859153627,5.0,6.602537749977661,9.0,persistence,reference
2026-09-20,2026-09-27,1,60602,1.0,0.0,5.421304118842256,0.0,0.0,0.0,0.0,0.0,0.11630373802821237,0.1996374642889055,1.0,1.0,1.0,1.0,1.0,1.0,1.0,1.0,1.0,1.8836962619717876,2.0,3.0,3.6510887859153627,5.0,6.602537749977661,9.0,persistence,reference
2026-09-20,2026-09-27,1,60603,1.0,0.0,5.421304118842256,0.0,0.0,0.0,0.0,0.0,0.11630373802821237,0.1996374642889055,1.0,1.0,1.0,1.0,1.0,1.0,1.0,1.0,1.0,1.8836962619717876,2.0,3.0,3.6510887859153627,5.0,6.602537749977661,9.0,persistence,reference
2026-09-20,2026-09-27,1,60604,1.0,0.0,5.421304118842256,0.0,0.0,0.0,0.0,0.0,0.11630373802821237,0.1996374642889055,1.0,1.0,1.0,1.0,1.0,1.0,1.0,1.0,1.0,1.8836962619717876,2.0,3.0,3.6510887859153627,5.0,6.602537749977661,9.0,persistence,reference
2026-09-20,2026-09-27,1,60605,1.0,0.0,5.421304118842256,0.0,0.0,0.0,0.0,0.0,0.11630373802821237,0.1996374642889055,1.0,1.0,1.0,1.0,1.0,1.0,1.0,1.0,1.0,1.8836962619717876,2.0,3.0,3.6510887859153627,5.0,6.602537749977661,9.0,persistence,reference
2026-09-20,2026-09-27,1,60606,1.0,0.0,5.421304118842256,0.0,0.0,0.0,0.0,0.0,0.11630373802821237,0.1996374642889055,1.0,1.0,1.0,1.0,1.0,1.0,1.0,1.0,1.0,1.8836962619717876,2.0,3.0,3.6510887859153627,5.0,6.602537749977661,9.0,persistence,reference
2026-09-20,2026-09-27,1,60607,1.0,0.0,5.421304118842256,0.0,0.0,0.0,0.0,0.0,0.11630373802821237,0.1996374642889055,1.0,1.0,1.0,1.0,1.0,1.0,1.0,1.0,1.0,1.8836962619717876,2.0,3.0,3.6510887859153627,5.0,6.602537749977661,9.0,persistence,reference
2026-09-20,2026-09-27,1,60608,4.0,0.0,10.0,0.0,0.0,0.27376014213690514,1.0000000000000004,1.8277109716107725,2.8007661474282095,2.913855485805386,4.0,4.0,4.0,4.0,4.0,4.0,4.0,4.0,4.0,5.1992338525717905,5.357065661787395,6.714131323574789,7.5977015577153715,9.428262647149579,11.603011599362295,14.856525294299157,persistence,reference
2026-09-20,2026-09-27,1,60609,4.0,0.0,10.0,0.0,0.0,0.27376014213690514,1.0000000000000004,1.8277109716107725,2.8007661474282095,2.913855485805386,4.0,4.0,4.0,4.0,4.0,4.0,4.0,4.0,4.0,5.1992338525717905,5.357065661787395,6.714131323574789,7.5977015577153715,9.428262647149579,11.603011599362295,14.856525294299157,persistence,reference
2026-09-20,2026-09-27,1,60610,5.0,0.0,11.44080921128985,0.0,0.0,1.0000000000000004,1.7795953943550757,2.668116802727798,3.7126605926441663,3.834058401363899,5.0,5.0,5.0,5.0,5.0,5.0,5.0,5.0,5.0,6.287339407355834,6.456766835794234,7.9135336715884685,8.862018222067501,10.827067343176937,13.161591190452707,16.654134686353874,persistence,reference
2026-09-20,2026-09-27,1,60611,1.0,0.0,5.421304118842256,0.0,0.0,0.0,0.0,0.0,0.11630373802821237,0.1996374642889055,1.0,1.0,1.0,1.0,1.0,1.0,1.0,1.0,1.0,1.8836962619717876,2.0,3.0,3.6510887859153627,5.0,6.602537749977661,9.0,persistence,reference
2026-09-20,2026-09-27,1,60612,4.0,0.0,10.0,0.0,0.0,0.27376014213690514,1.0000000000000004,1.8277109716107725,2.8007661474282095,2.913855485805386,4.0,4.0,4.0,4.0,4.0,4.0,4.0,4.0,4.0,5.1992338525717905,5.357065661787395,6.714131323574789,7.5977015577153715,9.428262647149579,11.603011599362295,14.856525294299157,persistence,reference
2026-09-20,2026-09-27,1,60613,2.0,0.0,7.003194320384495,0.0,0.0,0.0,0.0,0.18860264515491076,1.0,1.0943013225774554,2.0,2.0,2.0,2.0,2.0,2.0,2.0,2.0,2.0,3.0,3.1316105352405863,4.263221070481173,5.0,6.526442140962345,8.339890741957813,11.05288428192469,persistence,reference
2026-09-20,2026-09-27,1,60614,1.0,0.0,5.421304118842256,0.0,0.0,0.0,0.0,0.0,0.11630373802821237,0.1996374642889055,1.0,1.0,1.0,1.0,1.0,1.0,1.0,1.0,1.0,1.8836962619717876,2.0,3.0,3.6510887859153627,5.0,6.602537749977661,9.0,persistence,reference
2026-09-20,2026-09-27,1,60615,1.0,0.0,5.421304118842256,0.0,0.0,0.0,0.0,0.0,0.11630373802821237,0.1996374642889055,1.0,1.0,1.0,1.0,1.0,1.0,1.0,1.0,1.0,1.8836962619717876,2.0,3.0,3.6510887859153627,5.0,6.602537749977661,9.0,persistence,reference
2026-09-20,2026-09-27,1,60616,1.0,0.0,5.421304118842256,0.0,0.0,0.0,0.0,0.0,0.11630373802821237,0.1996374642889055,1.0,1.0,1.0,1.0,1.0,1.0,1.0,1.0,1.0,1.8836962619717876,2.0,3.0,3.6510887859153627,5.0,6.602537749977661,9.0,persistence,reference
2026-09-20,2026-09-27,1,60617,6.0,0.0,12.853323762414288,0.0,0.5977099668090649,1.743811972941936,2.5733381187928566,3.518766663818044,4.630210356913019,4.759383331909022,6.0,6.0,6.0,6.0,6.0,6.0,6.0,6.0,6.0,7.369789643086981,7.5500683911806705,9.100136782361341,10.109368929260942,12.200273564722682,14.684316676636847,18.400547129445364,persistence,reference
2026-09-20,2026-09-27,1,60618,1.0,0.0,5.421304118842256,0.0,0.0,0.0,0.0,0.0,0.11630373802821237,0.1996374642889055,1.0,1.0,1.0,1.0,1.0,1.0,1.0,1.0,1.0,1.8836962619717876,2.0,3.0,3.6510887859153627,5.0,6.602537749977661,9.0,persistence,reference
2026-09-20,2026-09-27,1,60619,8.0,0.38842373847935097,15.61157626152065,0.664293746565412,2.0,3.272906858859531,4.194211869239675,5.244242733058467,6.478656679292101,6.6221213665292336,8.0,8.0,8.0,8.0,8.0,8.0,8.0,8.0,8.0,9.5213433207079,9.721568129430956,11.443136258861914,12.564029962123698,14.886272517723828,17.645150434295367,21.772545035447656,persistence,reference
2026-09-20,2026-09-27,1,60620,1.0,0.0,5.421304118842256,0.0,0.0,0.0,0.0,0.0,0.11630373802821237,0.1996374642889055,1.0,1.0,1.0,1.0,1.0,1.0,1.0,1.0,1.0,1.8836962619717876,2.0,3.0,3.6510887859153627,5.0,6.602537749977661,9.0,persistence,reference
2026-09-20,2026-09-27,1,60621,5.0,0.0,11.44080921128985,0.0,0.0,1.0000000000000004,1.7795953943550757,2.668116802727798,3.7126605926441663,3.834058401363899,5.0,5.0,5.0,5.0,5.0,5.0,5.0,5.0,5.0,6.287339407355834,6.456766835794234,7.9135336715884685,8.862018222067501,10.827067343176937,13.161591190452707,16.654134686353874,persistence,reference
2026-09-20,2026-09-27,1,60622,1.0,0.0,5.421304118842256,0.0,0.0,0.0,0.0,0.0,0.11630373802821237,0.1996374642889055,1.0,1.0,1.0,1.0,1.0,1.0,1.0,1.0,1.0,1.8836962619717876,2.0,3.0,3.6510887859153627,5.0,6.602537749977661,9.0,persistence,reference
2026-09-20,2026-09-27,1,60623,7.0,0.0,14.242380125946752,0.020108929573543932,1.2910273427387082,2.502192418150279,3.3788099370266242,4.37790951883028,5.552448763295251,5.6889547594151395,7.0,7.0,7.0,7.0,7.0,7.0,7.0,7.0,7.0,8.447551236704749,8.638064229755633,10.276128459511268,11.342653710114247,13.552256919022536,16.17731668409402,20.104513838045072,persistence,reference
2026-09-20,2026-09-27,1,60624,1.0,0.0,5.421304118842256,0.0,0.0,0.0,0.0,0.0,0.11630373802821237,0.1996374642889055,1.0,1.0,1.0,1.0,1.0,1.0,1.0,1.0,1.0,1.8836962619717876,2.0,3.0,3.6510887859153627,5.0,6.602537749977661,9.0,persistence,reference
2026-09-20,2026-09-27,1,60625,1.0,0.0,5.421304118842256,0.0,0.0,0.0,0.0,0.0,0.11630373802821237,0.1996374642889055,1.0,1.0,1.0,1.0,1.0,1.0,1.0,1.0,1.0,1.8836962619717876,2.0,3.0,3.6510887859153627,5.0,6.602537749977661,9.0,persistence,reference
2026-09-20,2026-09-27,1,60626,1.0,0.0,5.421304118842256,0.0,0.0,0.0,0.0,0.0,0.11630373802821237,0.1996374642889055,1.0,1.0,1.0,1.0,1.0,1.0,1.0,1.0,1.0,1.8836962619717876,2.0,3.0,3.6510887859153627,5.0,6.602537749977661,9.0,persistence,reference
2026-09-20,2026-09-27,1,60628,3.0,0.0,8.524126782013953,0.0,0.0,0.0,0.2379366089930235,1.0,1.8958800261850663,2.0,3.0,3.0,3.0,3.0,3.0,3.0,3.0,3.0,3.0,4.104119973814933,4.24943379453854,5.498867589077078,6.3123599214448,7.997735178154157,10.0,12.995470356308314,persistence,reference
2026-09-20,2026-09-27,1,60629,4.0,0.0,10.0,0.0,0.0,0.27376014213690514,1.0000000000000004,1.8277109716107725,2.8007661474282095,2.913855485805386,4.0,4.0,4.0,4.0,4.0,4.0,4.0,4.0,4.0,5.1992338525717905,5.357065661787395,6.714131323574789,7.5977015577153715,9.428262647149579,11.603011599362295,14.856525294299157,persistence,reference
2026-09-20,2026-09-27,1,60630,1.0,0.0,5.421304118842256,0.0,0.0,0.0,0.0,0.0,0.11630373802821237,0.1996374642889055,1.0,1.0,1.0,1.0,1.0,1.0,1.0,1.0,1.0,1.8836962619717876,2.0,3.0,3.6510887859153627,5.0,6.602537749977661,9.0,persistence,reference
2026-09-20,2026-09-27,1,60631,1.0,0.0,5.421304118842256,0.0,0.0,0.0,0.0,0.0,0.11630373802821237,0.1996374642889055,1.0,1.0,1.0,1.0,1.0,1.0,1.0,1.0,1.0,1.8836962619717876,2.0,3.0,3.6510887859153627,5.0,6.602537749977661,9.0,persistence,reference
2026-09-20,2026-09-27,1,60632,6.0,0.0,12.853323762414288,0.0,0.5977099668090649,1.743811972941936,2.5733381187928566,3.518766663818044,4.630210356913019,4.759383331909022,6.0,6.0,6.0,6.0,6.0,6.0,6.0,6.0,6.0,7.369789643086981,7.5500683911806705,9.100136782361341,10.109368929260942,12.200273564722682,14.684316676636847,18.400547129445364,persistence,reference
2026-09-20,2026-09-27,1,60633,1.0,0.0,5.421304118842256,0.0,0.0,0.0,0.0,0.0,0.11630373802821237,0.1996374642889055,1.0,1.0,1.0,1.0,1.0,1.0,1.0,1.0,1.0,1.8836962619717876,2.0,3.0,3.6510887859153627,5.0,6.602537749977661,9.0,persistence,reference
2026-09-20,2026-09-27,1,60634,1.0,0.0,5.421304118842256,0.0,0.0,0.0,0.0,0.0,0.11630373802821237,0.1996374642889055,1.0,1.0,1.0,1.0,1.0,1.0,1.0,1.0,1.0,1.8836962619717876,2.0,3.0,3.6510887859153627,5.0,6.602537749977661,9.0,persistence,reference
2026-09-20,2026-09-27,1,60636,1.0,0.0,5.421304118842256,0.0,0.0,0.0,0.0,0.0,0.11630373802821237,0.1996374642889055,1.0,1.0,1.0,1.0,1.0,1.0,1.0,1.0,1.0,1.8836962619717876,2.0,3.0,3.6510887859153627,5.0,6.602537749977661,9.0,persistence,reference
2026-09-20,2026-09-27,1,60637,2.0,0.0,7.003194320384495,0.0,0.0,0.0,0.0,0.18860264515491076,1.0,1.0943013225774554,2.0,2.0,2.0,2.0,2.0,2.0,2.0,2.0,2.0,3.0,3.1316105352405863,4.263221070481173,5.0,6.526442140962345,8.339890741957813,11.05288428192469,persistence,reference
2026-09-20,2026-09-27,1,60638,1.0,0.0,5.421304118842256,0.0,0.0,0.0,0.0,0.0,0.11630373802821237,0.1996374642889055,1.0,1.0,1.0,1.0,1.0,1.0,1.0,1.0,1.0,1.8836962619717876,2.0,3.0,3.6510887859153627,5.0,6.602537749977661,9.0,persistence,reference
2026-09-20,2026-09-27,1,60639,3.0,0.0,8.524126782013953,0.0,0.0,0.0,0.2379366089930235,1.0,1.8958800261850663,2.0,3.0,3.0,3.0,3.0,3.0,3.0,3.0,3.0,3.0,4.104119973814933,4.24943379453854,5.498867589077078,6.3123599214448,7.997735178154157,10.0,12.995470356308314,persistence,reference
2026-09-20,2026-09-27,1,60640,1.0,0.0,5.421304118842256,0.0,0.0,0.0,0.0,0.0,0.11630373802821237,0.1996374642889055,1.0,1.0,1.0,1.0,1.0,1.0,1.0,1.0,1.0,1.8836962619717876,2.0,3.0,3.6510887859153627,5.0,6.602537749977661,9.0,persistence,reference
2026-09-20,2026-09-27,1,60641,2.0,0.0,7.003194320384495,0.0,0.0,0.0,0.0,0.18860264515491076,1.0,1.0943013225774554,2.0,2.0,2.0,2.0,2.0,2.0,2.0,2.0,2.0,3.0,3.1316105352405863,4.263221070481173,5.0,6.526442140962345,8.339890741957813,11.05288428192469,persistence,reference
2026-09-20,2026-09-27,1,60642,1.0,0.0,5.421304118842256,0.0,0.0,0.0,0.0,0.0,0.11630373802821237,0.1996374642889055,1.0,1.0,1.0,1.0,1.0,1.0,1.0,1.0,1.0,1.8836962619717876,2.0,3.0,3.6510887859153627,5.0,6.602537749977661,9.0,persistence,reference
2026-09-20,2026-09-27,1,60643,2.0,0.0,7.003194320384495,0.0,0.0,0.0,0.0,0.18860264515491076,1.0,1.0943013225774554,2.0,2.0,2.0,2.0,2.0,2.0,2.0,2.0,2.0,3.0,3.1316105352405863,4.263221070481173,5.0,6.526442140962345,8.339890741957813,11.05288428192469,persistence,reference
2026-09-20,2026-09-27,1,60644,4.0,0.0,10.0,0.0,0.0,0.27376014213690514,1.0000000000000004,1.8277109716107725,2.8007661474282095,2.913855485805386,4.0,4.0,4.0,4.0,4.0,4.0,4.0,4.0,4.0,5.1992338525717905,5.357065661787395,6.714131323574789,7.5977015577153715,9.428262647149579,11.603011599362295,14.856525294299157,persistence,reference
2026-09-20,2026-09-27,1,60645,4.0,0.0,10.0,0.0,0.0,0.27376014213690514,1.0000000000000004,1.8277109716107725,2.8007661474282095,2.913855485805386,4.0,4.0,4.0,4.0,4.0,4.0,4.0,4.0,4.0,5.1992338525717905,5.357065661787395,6.714131323574789,7.5977015577153715,9.428262647149579,11.603011599362295,14.856525294299157,persistence,reference
2026-09-20,2026-09-27,1,60646,1.0,0.0,5.421304118842256,0.0,0.0,0.0,0.0,0.0,0.11630373802821237,0.1996374642889055,1.0,1.0,1.0,1.0,1.0,1.0,1.0,1.0,1.0,1.8836962619717876,2.0,3.0,3.6510887859153627,5.0,6.602537749977661,9.0,persistence,reference
2026-09-20,2026-09-27,1,60647,3.0,0.0,8.524126782013953,0.0,0.0,0.0,0.2379366089930235,1.0,1.8958800261850663,2.0,3.0,3.0,3.0,3.0,3.0,3.0,3.0,3.0,3.0,4.104119973814933,4.24943379453854,5.498867589077078,6.3123599214448,7.997735178154157,10.0,12.995470356308314,persistence,reference
2026-09-20,2026-09-27,1,60649,5.0,0.0,11.44080921128985,0.0,0.0,1.0000000000000004,1.7795953943550757,2.668116802727798,3.7126605926441663,3.834058401363899,5.0,5.0,5.0,5.0,5.0,5.0,5.0,5.0,5.0,6.287339407355834,6.456766835794234,7.9135336715884685,8.862018222067501,10.827067343176937,13.161591190452707,16.654134686353874,persistence,reference
2026-09-20,2026-09-27,1,60651,1.0,0.0,5.421304118842256,0.0,0.0,0.0,0.0,0.0,0.11630373802821237,0.1996374642889055,1.0,1.0,1.0,1.0,1.0,1.0,1.0,1.0,1.0,1.8836962619717876,2.0,3.0,3.6510887859153627,5.0,6.602537749977661,9.0,persistence,reference
2026-09-20,2026-09-27,1,60652,2.0,0.0,7.003194320384495,0.0,0.0,0.0,0.0,0.18860264515491076,1.0,1.0943013225774554,2.0,2.0,2.0,2.0,2.0,2.0,2.0,2.0,2.0,3.0,3.1316105352405863,4.263221070481173,5.0,6.526442140962345,8.339890741957813,11.05288428192469,persistence,reference
2026-09-20,2026-09-27,1,60653,1.0,0.0,5.421304118842256,0.0,0.0,0.0,0.0,0.0,0.11630373802821237,0.1996374642889055,1.0,1.0,1.0,1.0,1.0,1.0,1.0,1.0,1.0,1.8836962619717876,2.0,3.0,3.6510887859153627,5.0,6.602537749977661,9.0,persistence,reference
2026-09-20,2026-09-27,1,60654,1.0,0.0,5.421304118842256,0.0,0.0,0.0,0.0,0.0,0.11630373802821237,0.1996374642889055,1.0,1.0,1.0,1.0,1.0,1.0,1.0,1.0,1.0,1.8836962619717876,2.0,3.0,3.6510887859153627,5.0,6.602537749977661,9.0,persistence,reference
2026-09-20,2026-09-27,1,60655,1.0,0.0,5.421304118842256,0.0,0.0,0.0,0.0,0.0,0.11630373802821237,0.1996374642889055,1.0,1.0,1.0,1.0,1.0,1.0,1.0,1.0,1.0,1.8836962619717876,2.0,3.0,3.6510887859153627,5.0,6.602537749977661,9.0,persistence,reference
2026-09-20,2026-09-27,1,60656,1.0,0.0,5.421304118842256,0.0,0.0,0.0,0.0,0.0,0.11630373802821237,0.1996374642889055,1.0,1.0,1.0,1.0,1.0,1.0,1.0,1.0,1.0,1.8836962619717876,2.0,3.0,3.6510887859153627,5.0,6.602537749977661,9.0,persistence,reference
2026-09-20,2026-09-27,1,60657,1.0,0.0,5.421304118842256,0.0,0.0,0.0,0.0,0.0,0.11630373802821237,0.1996374642889055,1.0,1.0,1.0,1.0,1.0,1.0,1.0,1.0,1.0,1.8836962619717876,2.0,3.0,3.6510887859153627,5.0,6.602537749977661,9.0,persistence,reference
2026-09-20,2026-09-27,1,60659,1.0,0.0,5.421304118842256,0.0,0.0,0.0,0.0,0.0,0.11630373802821237,0.1996374642889055,1.0,1.0,1.0,1.0,1.0,1.0,1.0,1.0,1.0,1.8836962619717876,2.0,3.0,3.6510887859153627,5.0,6.602537749977661,9.0,persistence,reference
2026-09-20,2026-09-27,1,60660,4.0,0.0,10.0,0.0,0.0,0.27376014213690514,1.0000000000000004,1.8277109716107725,2.8007661474282095,2.913855485805386,4.0,4.0,4.0,4.0,4.0,4.0,4.0,4.0,4.0,5.1992338525717905,5.357065661787395,6.714131323574789,7.5977015577153715,9.428262647149579,11.603011599362295,14.856525294299157,persistence,reference
2026-09-20,2026-09-27,1,60661,1.0,0.0,5.421304118842256,0.0,0.0,0.0,0.0,0.0,0.11630373802821237,0.1996374642889055,1.0,1.0,1.0,1.0,1.0,1.0,1.0,1.0,1.0,1.8836962619717876,2.0,3.0,3.6510887859153627,5.0,6.602537749977661,9.0,persistence,reference
2026-09-20,2026-09-27,1,60666,1.0,0.0,5.421304118842256,0.0,0.0,0.0,0.0,0.0,0.11630373802821237,0.1996374642889055,1.0,1.0,1.0,1.0,1.0,1.0,1.0,1.0,1.0,1.8836962619717876,2.0,3.0,3.6510887859153627,5.0,6.602537749977661,9.0,persistence,reference
2026-09-20,2026-09-27,1,60707,1.0,0.0,5.421304118842256,0.0,0.0,0.0,0.0,0.0,0.11630373802821237,0.1996374642889055,1.0,1.0,1.0,1.0,1.0,1.0,1.0,1.0,1.0,1.8836962619717876,2.0,3.0,3.6510887859153627,5.0,6.602537749977661,9.0,persistence,reference
2026-09-20,2026-10-04,2,60601,1.0,0.0,5.647465893707998,0.0,0.0,0.0,0.0,0.0,0.0,0.21217140928521283,1.0,1.0,1.0,1.0,1.0,1.0,1.0,1.0,1.0,1.8751830901875726,2.1288392850456725,3.0,4.0,5.333821306455845,6.818050050626316,10.0,persistence,reference
2026-09-20,2026-10-04,2,60602,1.0,0.0,5.647465893707998,0.0,0.0,0.0,0.0,0.0,0.0,0.21217140928521283,1.0,1.0,1.0,1.0,1.0,1.0,1.0,1.0,1.0,1.8751830901875726,2.1288392850456725,3.0,4.0,5.333821306455845,6.818050050626316,10.0,persistence,reference
2026-09-20,2026-10-04,2,60603,1.0,0.0,5.647465893707998,0.0,0.0,0.0,0.0,0.0,0.0,0.21217140928521283,1.0,1.0,1.0,1.0,1.0,1.0,1.0,1.0,1.0,1.8751830901875726,2.1288392850456725,3.0,4.0,5.333821306455845,6.818050050626316,10.0,persistence,reference
2026-09-20,2026-10-04,2,60604,1.0,0.0,5.647465893707998,0.0,0.0,0.0,0.0,0.0,0.0,0.21217140928521283,1.0,1.0,1.0,1.0,1.0,1.0,1.0,1.0,1.0,1.8751830901875726,2.1288392850456725,3.0,4.0,5.333821306455845,6.818050050626316,10.0,persistence,reference
2026-09-20,2026-10-04,2,60605,1.0,0.0,5.647465893707998,0.0,0.0,0.0,0.0,0.0,0.0,0.21217140928521283,1.0,1.0,1.0,1.0,1.0,1.0,1.0,1.0,1.0,1.8751830901875726,2.1288392850456725,3.0,4.0,5.333821306455845,6.818050050626316,10.0,persistence,reference
2026-09-20,2026-10-04,2,60606,1.0,0.0,5.647465893707998,0.0,0.0,0.0,0.0,0.0,0.0,0.21217140928521283,1.0,1.0,1.0,1.0,1.0,1.0,1.0,1.0,1.0,1.8751830901875726,2.1288392850456725,3.0,4.0,5.333821306455845,6.818050050626316,10.0,persistence,reference
2026-09-20,2026-10-04,2,60607,1.0,0.0,5.647465893707998,0.0,0.0,0.0,0.0,0.0,0.0,0.21217140928521283,1.0,1.0,1.0,1.0,1.0,1.0,1.0,1.0,1.0,1.8751830901875726,2.1288392850456725,3.0,4.0,5.333821306455845,6.818050050626316,10.0,persistence,reference
2026-09-20,2026-10-04,2,60608,4.0,0.0,10.43422822272566,0.0,0.0,0.09291937107291881,1.0,1.8185664751579744,2.3550526557102565,2.909283237578987,4.0,4.0,4.0,4.0,4.0,4.0,4.0,4.0,4.0,5.211655527490987,5.562832251570832,6.768918963530934,8.153378445296402,10.0,12.054854557975661,16.460135335889206,persistence,reference
2026-09-20,2026-10-04,2,60609,4.0,0.0,10.43422822272566,0.0,0.0,0.09291937107291881,1.0,1.8185664751579744,2.3550526557102565,2.909283237578987,4.0,4.0,4.0,4.0,4.0,4.0,4.0,4.0,4.0,5.211655527490987,5.562832251570832,6.768918963530934,8.153378445296402,10.0,12.054854557975661,16.460135335889206,persistence,reference
2026-09-20,2026-10-04,2,60610,5.0,0.0,11.928160700005414,0.0,0.0,0.7929868932099913,1.7697008280487223,2.651105697012016,3.228775985279129,3.8255528485060077,5.0,5.0,5.0,5.0,5.0,5.0,5.0,5.0,5.0,6.304669949048108,6.682805242716004,7.981478878364722,9.472218317547085,11.460598343902555,13.673196669605584,18.416654952641252,persistence,reference
2026-09-20,2026-10-04,2,60611,1.0,0.0,5.647465893707998,0.0,0.0,0.0,0.0,0.0,0.0,0.21217140928521283,1.0,1.0,1.0,1.0,1.0,1.0,1.0,1.0,1.0,1.8751830901875726,2.1288392850456725,3.0,4.0,5.333821306455845,6.818050050626316,10.0,persistence,reference
2026-09-20,2026-10-04,2,60612,4.0,0.0,10.43422822272566,0.0,0.0,0.09291937107291881,1.0,1.8185664751579744,2.3550526557102565,2.909283237578987,4.0,4.0,4.0,4.0,4.0,4.0,4.0,4.0,4.0,5.211655527490987,5.562832251570832,6.768918963530934,8.153378445296402,10.0,12.054854557975661,16.460135335889206,persistence,reference
2026-09-20,2026-10-04,2,60613,2.0,0.0,7.310278438665828,0.0,0.0,0.0,0.0,0.1996256565104868,0.6423968636564654,1.0998128282552435,2.0,2.0,2.0,2.0,2.0,2.0,2.0,2.0,2.0,3.0,3.289832147926596,4.285236109362388,5.427854164043581,6.951902470518487,8.647809030884464,12.283562492130745,persistence,reference
2026-09-20,2026-10-04,2,60614,1.0,0.0,5.647465893707998,0.0,0.0,0.0,0.0,0.0,0.0,0.21217140928521283,1.0,1.0,1.0,1.0,1.0,1.0,1.0,1.0,1.0,1.8751830901875726,2.1288392850456725,3.0,4.0,5.333821306455845,6.818050050626316,10.0,persistence,reference
2026-09-20,2026-10-04,2,60615,1.0,0.0,5.647465893707998,0.0,0.0,0.0,0.0,0.0,0.0,0.21217140928521283,1.0,1.0,1.0,1.0,1.0,1.0,1.0,1.0,1.0,1.8751830901875726,2.1288392850456725,3.0,4.0,5.333821306455845,6.818050050626316,10.0,persistence,reference
2026-09-20,2026-10-04,2,60616,1.0,0.0,5.647465893707998,0.0,0.0,0.0,0.0,0.0,0.0,0.21217140928521283,1.0,1.0,1.0,1.0,1.0,1.0,1.0,1.0,1.0,1.8751830901875726,2.1288392850456725,3.0,4.0,5.333821306455845,6.818050050626316,10.0,persistence,reference
2026-09-20,2026-10-04,2,60617,6.0,0.0,13.389149379196471,0.0,0.33276475726852794,1.5130590018957655,2.5547619123465175,3.4948140448433547,4.110921585756176,4.747407022421678,6.0,6.0,6.0,6.0,6.0,6.0,6.0,6.0,6.0,7.391480590809273,7.794776399241694,9.17986169159426,10.76979253739139,12.890476175306965,15.250297237882334,20.309377612174174,persistence,reference
2026-09-20,2026-10-04,2,60618,1.0,0.0,5.647465893707998,0.0,0.0,0.0,0.0,0.0,0.0,0.21217140928521283,1.0,1.0,1.0,1.0,1.0,1.0,1.0,1.0,1.0,1.8751830901875726,2.1288392850456725,3.0,4.0,5.333821306455845,6.818050050626316,10.0,persistence,reference
2026-09-20,2026-10-04,2,60619,8.0,0.0,16.23406122603177,0.0,1.6847450800824868,3.0,4.160816367867193,5.208358705613573,5.894915026694163,6.604179352806787,8.0,8.0,8.0,8.0,8.0,8.0,8.0,8.0,8.0,9.55058935630888,10.0,11.543462787830034,13.31519418174505,15.678367264265614,18.308021926063496,23.94558254523515,persistence,reference
2026-09-20,2026-10-04,2,60620,1.0,0.0,5.647465893707998,0.0,0.0,0.0,0.0,0.0,0.0,0.21217140928521283,1.0,1.0,1.0,1.0,1.0,1.0,1.0,1.0,1.0,1.8751830901875726,2.1288392850456725,3.0,4.0,5.333821306455845,6.818050050626316,10.0,persistence,reference
2026-09-20,2026-10-04,2,60621,5.0,0.0,11.928160700005414,0.0,0.0,0.7929868932099913,1.7697008280487223,2.651105697012016,3.228775985279129,3.8255528485060077,5.0,5.0,5.0,5.0,5.0,5.0,5.0,5.0,5.0,6.304669949048108,6.682805242716004,7.981478878364722,9.472218317547085,11.460598343902555,13.673196669605584,18.416654952641252,persistence,reference
2026-09-20,2026-10-04,2,60622,1.0,0.0,5.647465893707998,0.0,0.0,0.0,0.0,0.0,0.0,0.21217140928521283,1.0,1.0,1.0,1.0,1.0,1.0,1.0,1.0,1.0,1.8751830901875726,2.1288392850456725,3.0,4.0,5.333821306455845,6.818050050626316,10.0,persistence,reference
2026-09-20,2026-10-04,2,60623,7.0,0.0,14.823020287015732,0.0,1.0,2.2495979369916164,3.3524668307296595,4.347716287193466,5.0,5.673858143596733,7.0,7.0,7.0,7.0,7.0,7.0,7.0,7.0,7.0,8.473184575417708,8.900160825203354,10.366574587500246,12.049861881250369,14.295066338540682,16.79344972462154,22.14958564375111,persistence,reference
2026-09-20,2026-10-04,2,60624,1.0,0.0,5.647465893707998,0.0,0.0,0.0,0.0,0.0,0.0,0.21217140928521283,1.0,1.0,1.0,1.0,1.0,1.0,1.0,1.0,1.0,1.8751830901875726,2.1288392850456725,3.0,4.0,5.333821306455845,6.818050050626316,10.0,persistence,reference
2026-09-20,2026-10-04,2,60625,1.0,0.0,5.647465893707998,0.0,0.0,0.0,0.0,0.0,0.0,0.21217140928521283,1.0,1.0,1.0,1.0,1.0,1.0,1.0,1.0,1.0,1.8751830901875726,2.1288392850456725,3.0,4.0,5.333821306455845,6.818050050626316,10.0,persistence,reference
2026-09-20,2026-10-04,2,60626,1.0,0.0,5.647465893707998,0.0,0.0,0.0,0.0,0.0,0.0,0.21217140928521283,1.0,1.0,1.0,1.0,1.0,1.0,1.0,1.0,1.0,1.8751830901875726,2.1288392850456725,3.0,4.0,5.333821306455845,6.818050050626316,10.0,persistence,reference
2026-09-20,2026-10-04,2,60628,3.0,0.0,8.899082552324497,0.0,0.0,0.0,0.24951508644550335,1.0,1.491865715313175,2.0,3.0,3.0,3.0,3.0,3.0,3.0,3.0,3.0,3.0,4.110880082929626,4.432848843453994,5.538623278682264,6.8079349180233955,8.500969827108992,10.384918647529243,14.423804754070186,persistence,reference
2026-09-20,2026-10-04,2,60629,4.0,0.0,10.43422822272566,0.0,0.0,0.09291937107291881,1.0,1.8185664751579744,2.3550526557102565,2.909283237578987,4.0,4.0,4.0,4.0,4.0,4.0,4.0,4.0,4.0,5.211655527490987,5.562832251570832,6.768918963530934,8.153378445296402,10.0,12.054854557975661,16.460135335889206,persistence,reference
2026-09-20,2026-10-04,2,60630,1.0,0.0,5.647465893707998,0.0,0.0,0.0,0.0,0.0,0.0,0.21217140928521283,1.0,1.0,1.0,1.0,1.0,1.0,1.0,1.0,1.0,1.8751830901875726,2.1288392850456725,3.0,4.0,5.333821306455845,6.818050050626316,10.0,persistence,reference
2026-09-20,2026-10-04,2,60631,1.0,0.0,5.647465893707998,0.0,0.0,0.0,0.0,0.0,0.0,0.21217140928521283,1.0,1.0,1.0,1.0,1.0,1.0,1.0,1.0,1.0,1.8751830901875726,2.1288392850456725,3.0,4.0,5.333821306455845,6.818050050626316,10.0,persistence,reference
2026-09-20,2026-10-04,2,60632,6.0,0.0,13.389149379196471,0.0,0.33276475726852794,1.5130590018957655,2.5547619123465175,3.4948140448433547,4.110921585756176,4.747407022421678,6.0,6.0,6.0,6.0,6.0,6.0,6.0,6.0,6.0,7.391480590809273,7.794776399241694,9.17986169159426,10.76979253739139,12.890476175306965,15.250297237882334,20.309377612174174,persistence,reference
2026-09-20,2026-10-04,2,60633,1.0,0.0,5.647465893707998,0.0,0.0,0.0,0.0,0.0,0.0,0.21217140928521283,1.0,1.0,1.0,1.0,1.0,1.0,1.0,1.0,1.0,1.8751830901875726,2.1288392850456725,3.0,4.0,5.333821306455845,6.818050050626316,10.0,persistence,reference
2026-09-20,2026-10-04,2,60634,1.0,0.0,5.647465893707998,0.0,0.0,0.0,0.0,0.0,0.0,0.21217140928521283,1.0,1.0,1.0,1.0,1.0,1.0,1.0,1.0,1.0,1.8751830901875726,2.1288392850456725,3.0,4.0,5.333821306455845,6.818050050626316,10.0,persistence,reference
2026-09-20,2026-10-04,2,60636,1.0,0.0,5.647465893707998,0.0,0.0,0.0,0.0,0.0,0.0,0.21217140928521283,1.0,1.0,1.0,1.0,1.0,1.0,1.0,1.0,1.0,1.8751830901875726,2.1288392850456725,3.0,4.0,5.333821306455845,6.818050050626316,10.0,persistence,reference
2026-09-20,2026-10-04,2,60637,2.0,0.0,7.310278438665828,0.0,0.0,0.0,0.0,0.1996256565104868,0.6423968636564654,1.0998128282552435,2.0,2.0,2.0,2.0,2.0,2.0,2.0,2.0,2.0,3.0,3.289832147926596,4.285236109362388,5.427854164043581,6.951902470518487,8.647809030884464,12.283562492130745,persistence,reference
2026-09-20,2026-10-04,2,60638,1.0,0.0,5.647465893707998,0.0,0.0,0.0,0.0,0.0,0.0,0.21217140928521283,1.0,1.0,1.0,1.0,1.0,1.0,1.0,1.0,1.0,1.8751830901875726,2.1288392850456725,3.0,4.0,5.333821306455845,6.818050050626316,10.0,persistence,reference
2026-09-20,2026-10-04,2,60639,3.0,0.0,8.899082552324497,0.0,0.0,0.0,0.24951508644550335,1.0,1.491865715313175,2.0,3.0,3.0,3.0,3.0,3.0,3.0,3.0,3.0,3.0,4.110880082929626,4.432848843453994,5.538623278682264,6.8079349180233955,8.500969827108992,10.384918647529243,14.423804754070186,persistence,reference
2026-09-20,2026-10-04,2,60640,1.0,0.0,5.647465893707998,0.0,0.0,0.0,0.0,0.0,0.0,0.21217140928521283,1.0,1.0,1.0,1.0,1.0,1.0,1.0,1.0,1.0,1.8751830901875726,2.1288392850456725,3.0,4.0,5.333821306455845,6.818050050626316,10.0,persistence,reference
2026-09-20,2026-10-04,2,60641,2.0,0.0,7.310278438665828,0.0,0.0,0.0,0.0,0.1996256565104868,0.6423968636564654,1.0998128282552435,2.0,2.0,2.0,2.0,2.0,2.0,2.0,2.0,2.0,3.0,3.289832147926596,4.285236109362388,5.427854164043581,6.951902470518487,8.647809030884464,12.283562492130745,persistence,reference
2026-09-20,2026-10-04,2,60642,1.0,0.0,5.647465893707998,0.0,0.0,0.0,0.0,0.0,0.0,0.21217140928521283,1.0,1.0,1.0,1.0,1.0,1.0,1.0,1.0,1.0,1.8751830901875726,2.1288392850456725,3.0,4.0,5.333821306455845,6.818050050626316,10.0,persistence,reference
2026-09-20,2026-10-04,2,60643,2.0,0.0,7.310278438665828,0.0,0.0,0.0,0.0,0.1996256565104868,0.6423968636564654,1.0998128282552435,2.0,2.0,2.0,2.0,2.0,2.0,2.0,2.0,2.0,3.0,3.289832147926596,4.285236109362388,5.427854164043581,6.951902470518487,8.647809030884464,12.283562492130745,persistence,reference
2026-09-20,2026-10-04,2,60644,4.0,0.0,10.43422822272566,0.0,0.0,0.09291937107291881,1.0,1.8185664751579744,2.3550526557102565,2.909283237578987,4.0,4.0,4.0,4.0,4.0,4.0,4.0,4.0,4.0,5.211655527490987,5.562832251570832,6.768918963530934,8.153378445296402,10.0,12.054854557975661,16.460135335889206,persistence,reference
2026-09-20,2026-10-04,2,60645,4.0,0.0,10.43422822272566,0.0,0.0,0.09291937107291881,1.0,1.8185664751579744,2.3550526557102565,2.909283237578987,4.0,4.0,4.0,4.0,4.0,4.0,4.0,4.0,4.0,5.211655527490987,5.562832251570832,6.768918963530934,8.153378445296402,10.0,12.054854557975661,16.460135335889206,persistence,reference
2026-09-20,2026-10-04,2,60646,1.0,0.0,5.647465893707998,0.0,0.0,0.0,0.0,0.0,0.0,0.21217140928521283,1.0,1.0,1.0,1.0,1.0,1.0,1.0,1.0,1.0,1.8751830901875726,2.1288392850456725,3.0,4.0,5.333821306455845,6.818050050626316,10.0,persistence,reference
2026-09-20,2026-10-04,2,60647,3.0,0.0,8.899082552324497,0.0,0.0,0.0,0.24951508644550335,1.0,1.491865715313175,2.0,3.0,3.0,3.0,3.0,3.0,3.0,3.0,3.0,3.0,4.110880082929626,4.432848843453994,5.538623278682264,6.8079349180233955,8.500969827108992,10.384918647529243,14.423804754070186,persistence,reference
2026-09-20,2026-10-04,2,60649,5.0,0.0,11.928160700005414,0.0,0.0,0.7929868932099913,1.7697008280487223,2.651105697012016,3.228775985279129,3.8255528485060077,5.0,5.0,5.0,5.0,5.0,5.0,5.0,5.0,5.0,6.304669949048108,6.682805242716004,7.981478878364722,9.472218317547085,11.460598343902555,13.673196669605584,18.416654952641252,persistence,reference
2026-09-20,2026-10-04,2,60651,1.0,0.0,5.647465893707998,0.0,0.0,0.0,0.0,0.0,0.0,0.21217140928521283,1.0,1.0,1.0,1.0,1.0,1.0,1.0,1.0,1.0,1.8751830901875726,2.1288392850456725,3.0,4.0,5.333821306455845,6.818050050626316,10.0,persistence,reference
2026-09-20,2026-10-04,2,60652,2.0,0.0,7.310278438665828,0.0,0.0,0.0,0.0,0.1996256565104868,0.6423968636564654,1.0998128282552435,2.0,2.0,2.0,2.0,2.0,2.0,2.0,2.0,2.0,3.0,3.289832147926596,4.285236109362388,5.427854164043581,6.951902470518487,8.647809030884464,12.283562492130745,persistence,reference
2026-09-20,2026-10-04,2,60653,1.0,0.0,5.647465893707998,0.0,0.0,0.0,0.0,0.0,0.0,0.21217140928521283,1.0,1.0,1.0,1.0,1.0,1.0,1.0,1.0,1.0,1.8751830901875726,2.1288392850456725,3.0,4.0,5.333821306455845,6.818050050626316,10.0,persistence,reference
2026-09-20,2026-10-04,2,60654,1.0,0.0,5.647465893707998,0.0,0.0,0.0,0.0,0.0,0.0,0.21217140928521283,1.0,1.0,1.0,1.0,1.0,1.0,1.0,1.0,1.0,1.8751830901875726,2.1288392850456725,3.0,4.0,5.333821306455845,6.818050050626316,10.0,persistence,reference
2026-09-20,2026-10-04,2,60655,1.0,0.0,5.647465893707998,0.0,0.0,0.0,0.0,0.0,0.0,0.21217140928521283,1.0,1.0,1.0,1.0,1.0,1.0,1.0,1.0,1.0,1.8751830901875726,2.1288392850456725,3.0,4.0,5.333821306455845,6.818050050626316,10.0,persistence,reference
2026-09-20,2026-10-04,2,60656,1.0,0.0,5.647465893707998,0.0,0.0,0.0,0.0,0.0,0.0,0.21217140928521283,1.0,1.0,1.0,1.0,1.0,1.0,1.0,1.0,1.0,1.8751830901875726,2.1288392850456725,3.0,4.0,5.333821306455845,6.818050050626316,10.0,persistence,reference
2026-09-20,2026-10-04,2,60657,1.0,0.0,5.647465893707998,0.0,0.0,0.0,0.0,0.0,0.0,0.21217140928521283,1.0,1.0,1.0,1.0,1.0,1.0,1.0,1.0,1.0,1.8751830901875726,2.1288392850456725,3.0,4.0,5.333821306455845,6.818050050626316,10.0,persistence,reference
2026-09-20,2026-10-04,2,60659,1.0,0.0,5.647465893707998,0.0,0.0,0.0,0.0,0.0,0.0,0.21217140928521283,1.0,1.0,1.0,1.0,1.0,1.0,1.0,1.0,1.0,1.8751830901875726,2.1288392850456725,3.0,4.0,5.333821306455845,6.818050050626316,10.0,persistence,reference
2026-09-20,2026-10-04,2,60660,4.0,0.0,10.43422822272566,0.0,0.0,0.09291937107291881,1.0,1.8185664751579744,2.3550526557102565,2.909283237578987,4.0,4.0,4.0,4.0,4.0,4.0,4.0,4.0,4.0,5.211655527490987,5.562832251570832,6.768918963530934,8.153378445296402,10.0,12.054854557975661,16.460135335889206,persistence,reference
2026-09-20,2026-10-04,2,60661,1.0,0.0,5.647465893707998,0.0,0.0,0.0,0.0,0.0,0.0,0.21217140928521283,1.0,1.0,1.0,1.0,1.0,1.0,1.0,1.0,1.0,1.8751830901875726,2.1288392850456725,3.0,4.0,5.333821306455845,6.818050050626316,10.0,persistence,reference
2026-09-20,2026-10-04,2,60666,1.0,0.0,5.647465893707998,0.0,0.0,0.0,0.0,0.0,0.0,0.21217140928521283,1.0,1.0,1.0,1.0,1.0,1.0,1.0,1.0,1.0,1.8751830901875726,2.1288392850456725,3.0,4.0,5.333821306455845,6.818050050626316,10.0,persistence,reference
2026-09-20,2026-10-04,2,60707,1.0,0.0,5.647465893707998,0.0,0.0,0.0,0.0,0.0,0.0,0.21217140928521283,1.0,1.0,1.0,1.0,1.0,1.0,1.0,1.0,1.0,1.8751830901875726,2.1288392850456725,3.0,4.0,5.333821306455845,6.818050050626316,10.0,persistence,reference
2026-09-20,2026-10-11,3,60601,1.0,0.0,5.806978501750486,0.0,0.0,0.0,0.0,0.0,0.0,0.1157652801697231,0.31253748124965874,1.0,1.0,1.0,1.0,1.0,1.0,1.0,1.0,2.0,2.3749250375006827,3.0,4.0,5.806978501750486,8.0,10.0,persistence,reference
2026-09-20,2026-10-11,3,60602,1.0,0.0,5.806978501750486,0.0,0.0,0.0,0.0,0.0,0.0,0.1157652801697231,0.31253748124965874,1.0,1.0,1.0,1.0,1.0,1.0,1.0,1.0,2.0,2.3749250375006827,3.0,4.0,5.806978501750486,8.0,10.0,persistence,reference
2026-09-20,2026-10-11,3,60603,1.0,0.0,5.806978501750486,0.0,0.0,0.0,0.0,0.0,0.0,0.1157652801697231,0.31253748124965874,1.0,1.0,1.0,1.0,1.0,1.0,1.0,1.0,2.0,2.3749250375006827,3.0,4.0,5.806978501750486,8.0,10.0,persistence,reference
2026-09-20,2026-10-11,3,60604,1.0,0.0,5.806978501750486,0.0,0.0,0.0,0.0,0.0,0.0,0.1157652801697231,0.31253748124965874,1.0,1.0,1.0,1.0,1.0,1.0,1.0,1.0,2.0,2.3749250375006827,3.0,4.0,5.806978501750486,8.0,10.0,persistence,reference
2026-09-20,2026-10-11,3,60605,1.0,0.0,5.806978501750486,0.0,0.0,0.0,0.0,0.0,0.0,0.1157652801697231,0.31253748124965874,1.0,1.0,1.0,1.0,1.0,1.0,1.0,1.0,2.0,2.3749250375006827,3.0,4.0,5.806978501750486,8.0,10.0,persistence,reference
2026-09-20,2026-10-11,3,60606,1.0,0.0,5.806978501750486,0.0,0.0,0.0,0.0,0.0,0.0,0.1157652801697231,0.31253748124965874,1.0,1.0,1.0,1.0,1.0,1.0,1.0,1.0,2.0,2.3749250375006827,3.0,4.0,5.806978501750486,8.0,10.0,persistence,reference
2026-09-20,2026-10-11,3,60607,1.0,0.0,5.806978501750486,0.0,0.0,0.0,0.0,0.0,0.0,0.1157652801697231,0.31253748124965874,1.0,1.0,1.0,1.0,1.0,1.0,1.0,1.0,2.0,2.3749250375006827,3.0,4.0,5.806978501750486,8.0,10.0,persistence,reference
2026-09-20,2026-10-11,3,60608,4.0,0.0,10.515096226599752,0.0,0.0,0.0,0.9843429679953242,1.579656095392433,2.0,2.801560214072754,3.0682536940391767,4.0,4.0,4.0,4.0,4.0,4.0,4.0,4.0,5.355341244864575,5.863492611921647,6.71068248972915,8.066023734593724,10.515096226599752,13.487388714052024,16.198071203781172,persistence,reference
2026-09-20,2026-10-11,3,60609,4.0,0.0,10.515096226599752,0.0,0.0,0.0,0.9843429679953242,1.579656095392433,2.0,2.801560214072754,3.0682536940391767,4.0,4.0,4.0,4.0,4.0,4.0,4.0,4.0,5.355341244864575,5.863492611921647,6.71068248972915,8.066023734593724,10.515096226599752,13.487388714052024,16.198071203781172,persistence,reference
2026-09-20,2026-10-11,3,60610,5.0,0.0,11.992349940020784,0.0,0.0,0.3420362057602464,1.763435483766251,2.4023573915737817,2.85349296562267,3.7137702846147524,4.0,5.0,5.0,5.0,5.0,5.0,5.0,5.0,5.0,6.454624758041769,7.0,7.909249516083537,9.363874274125305,11.992349940020784,15.18237330629238,18.091622822375918,persistence,reference
2026-09-20,2026-10-11,3,60611,1.0,0.0,5.806978501750486,0.0,0.0,0.0,0.0,0.0,0.0,0.1157652801697231,0.31253748124965874,1.0,1.0,1.0,1.0,1.0,1.0,1.0,1.0,2.0,2.3749250375006827,3.0,4.0,5.806978501750486,8.0,10.0,persistence,reference
2026-09-20,2026-10-11,3,60612,4.0,0.0,10.515096226599752,0.0,0.0,0.0,0.9843429679953242,1.579656095392433,2.0,2.801560214072754,3.0682536940391767,4.0,4.0,4.0,4.0,4.0,4.0,4.0,4.0,5.355341244864575,5.863492611921647,6.71068248972915,8.066023734593724,10.515096226599752,13.487388714052024,16.198071203781172,persistence,reference
2026-09-20,2026-10-11,3,60613,2.0,0.0,7.4363150348508755,0.0,0.0,0.0,0.0,0.0,0.3311635482356936,1.0,1.2225339004079196,2.0,2.0,2.0,2.0,2.0,2.0,2.0,2.0,3.1309214370048073,3.5549321991841607,4.261842874009615,5.392764311014422,7.4363150348508755,9.916450059033652,12.178292933043267,persistence,reference
2026-09-20,2026-10-11,3,60614,1.0,0.0,5.806978501750486,0.0,0.0,0.0,0.0,0.0,0.0,0.1157652801697231,0.31253748124965874,1.0,1.0,1.0,1.0,1.0,1.0,1.0,1.0,2.0,2.3749250375006827,3.0,4.0,5.806978501750486,8.0,10.0,persistence,reference
2026-09-20,2026-10-11,3,60615,1.0,0.0,5.806978501750486,0.0,0.0,0.0,0.0,0.0,0.0,0.1157652801697231,0.31253748124965874,1.0,1.0,1.0,1.0,1.0,1.0,1.0,1.0,2.0,2.3749250375006827,3.0,4.0,5.806978501750486,8.0,10.0,persistence,reference
2026-09-20,2026-10-11,3,60616,1.0,0.0,5.806978501750486,0.0,0.0,0.0,0.0,0.0,0.0,0.1157652801697231,0.31253748124965874,1.0,1.0,1.0,1.0,1.0,1.0,1.0,1.0,2.0,2.3749250375006827,3.0,4.0,5.806978501750486,8.0,10.0,persistence,reference
2026-09-20,2026-10-11,3,60617,6.0,0.0,13.439048092703997,0.0,0.21854553341467842,1.0444676000697237,2.5566713196664552,3.2364100112983962,3.7163658573968723,4.631600993501279,4.9361161617317615,6.0,6.0,6.0,6.0,6.0,6.0,6.0,6.0,7.547551770825484,8.127767676536477,9.095103541650968,10.642655312476453,13.439048092703997,16.832862395778392,19.92796593742936,persistence,reference
2026-09-20,2026-10-11,3,60618,1.0,0.0,5.806978501750486,0.0,0.0,0.0,0.0,0.0,0.0,0.1157652801697231,0.31253748124965874,1.0,1.0,1.0,1.0,1.0,1.0,1.0,1.0,2.0,2.3749250375006827,3.0,4.0,5.806978501750486,8.0,10.0,persistence,reference
2026-09-20,2026-10-11,3,60619,8.0,0.0,16.260290201274508,0.0,1.580295343662633,2.497396008853685,4.176541164477397,4.9313203760033115,5.464261489323979,6.480535041048978,6.818667504897508,8.0,8.0,8.0,8.0,8.0,8.0,8.0,8.0,9.71839549485534,10.362664990204983,11.43679098971068,13.15518648456602,16.260290201274508,20.028768463987383,23.465559453698063,persistence,reference
2026-09-20,2026-10-11,3,60620,1.0,0.0,5.806978501750486,0.0,0.0,0.0,0.0,0.0,0.0,0.1157652801697231,0.31253748124965874,1.0,1.0,1.0,1.0,1.0,1.0,1.0,1.0,2.0,2.3749250375006827,3.0,4.0,5.806978501750486,8.0,10.0,persistence,reference
2026-09-20,2026-10-11,3,60621,5.0,0.0,11.992349940020784,0.0,0.0,0.3420362057602464,1.763435483766251,2.4023573915737817,2.85349296562267,3.7137702846147524,4.0,5.0,5.0,5.0,5.0,5.0,5.0,5.0,5.0,6.454624758041769,7.0,7.909249516083537,9.363874274125305,11.992349940020784,15.18237330629238,18.091622822375918,persistence,reference
2026-09-20,2026-10-11,3,60622,1.0,0.0,5.806978501750486,0.0,0.0,0.0,0.0,0.0,0.0,0.1157652801697231,0.31253748124965874,1.0,1.0,1.0,1.0,1.0,1.0,1.0,1.0,2.0,2.3749250375006827,3.0,4.0,5.806978501750486,8.0,10.0,persistence,reference
2026-09-20,2026-10-11,3,60623,7.0,0.0,14.860401730663472,0.0,0.8910793251262854,1.763782278679673,3.361638427276406,4.079878062444636,4.5870189918082485,5.554093778548084,5.875856929631856,7.0,7.0,7.0,7.0,7.0,7.0,7.0,7.0,8.635206341738593,9.248286140736289,10.270412683477185,11.905619025215778,14.860401730663472,18.44644439217015,21.716857075647333,persistence,reference
2026-09-20,2026-10-11,3,60624,1.0,0.0,5.806978501750486,0.0,0.0,0.0,0.0,0.0,0.0,0.1157652801697231,0.31253748124965874,1.0,1.0,1.0,1.0,1.0,1.0,1.0,1.0,2.0,2.3749250375006827,3.0,4.0,5.806978501750486,8.0,10.0,persistence,reference
2026-09-20,2026-10-11,3,60625,1.0,0.0,5.806978501750486,0.0,0.0,0.0,0.0,0.0,0.0,0.1157652801697231,0.31253748124965874,1.0,1.0,1.0,1.0,1.0,1.0,1.0,1.0,2.0,2.3749250375006827,3.0,4.0,5.806978501750486,8.0,10.0,persistence,reference
2026-09-20,2026-10-11,3,60626,1.0,0.0,5.806978501750486,0.0,0.0,0.0,0.0,0.0,0.0,0.1157652801697231,0.31253748124965874,1.0,1.0,1.0,1.0,1.0,1.0,1.0,1.0,2.0,2.3749250375006827,3.0,4.0,5.806978501750486,8.0,10.0,persistence,reference
2026-09-20,2026-10-11,3,60628,3.0,0.0,9.0,0.0,0.0,0.0,0.22276670018251776,0.7710132095432591,1.1581239044472507,1.8963112031706257,2.141919375965591,3.0,3.0,3.0,3.0,3.0,3.0,3.0,3.0,4.248185320116383,4.716161248068818,5.496370640232765,6.744555960349148,9.0,11.73729724081468,14.233667881047445,persistence,reference
2026-09-20,2026-10-11,3,60629,4.0,0.0,10.515096226599752,0.0,0.0,0.0,0.9843429679953242,1.579656095392433,2.0,2.801560214072754,3.0682536940391767,4.0,4.0,4.0,4.0,4.0,4.0,4.0,4.0,5.355341244864575,5.863492611921647,6.71068248972915,8.066023734593724,10.515096226599752,13.487388714052024,16.198071203781172,persistence,reference
2026-09-20,2026-10-11,3,60630,1.0,0.0,5.806978501750486,0.0,0.0,0.0,0.0,0.0,0.0,0.1157652801697231,0.31253748124965874,1.0,1.0,1.0,1.0,1.0,1.0,1.0,1.0,2.0,2.3749250375006827,3.0,4.0,5.806978501750486,8.0,10.0,persistence,reference
2026-09-20,2026-10-11,3,60631,1.0,0.0,5.806978501750486,0.0,0.0,0.0,0.0,0.0,0.0,0.1157652801697231,0.31253748124965874,1.0,1.0,1.0,1.0,1.0,1.0,1.0,1.0,2.0,2.3749250375006827,3.0,4.0,5.806978501750486,8.0,10.0,persistence,reference
2026-09-20,2026-10-11,3,60632,6.0,0.0,13.439048092703997,0.0,0.21854553341467842,1.0444676000697237,2.5566713196664552,3.2364100112983962,3.7163658573968723,4.631600993501279,4.9361161617317615,6.0,6.0,6.0,6.0,6.0,6.0,6.0,6.0,7.547551770825484,8.127767676536477,9.095103541650968,10.642655312476453,13.439048092703997,16.832862395778392,19.92796593742936,persistence,reference
2026-09-20,2026-10-11,3,60633,1.0,0.0,5.806978501750486,0.0,0.0,0.0,0.0,0.0,0.0,0.1157652801697231,0.31253748124965874,1.0,1.0,1.0,1.0,1.0,1.0,1.0,1.0,2.0,2.3749250375006827,3.0,4.0,5.806978501750486,8.0,10.0,persistence,reference
2026-09-20,2026-10-11,3,60634,1.0,0.0,5.806978501750486,0.0,0.0,0.0,0.0,0.0,0.0,0.1157652801697231,0.31253748124965874,1.0,1.0,1.0,1.0,1.0,1.0,1.0,1.0,2.0,2.3749250375006827,3.0,4.0,5.806978501750486,8.0,10.0,persistence,reference
2026-09-20,2026-10-11,3,60636,1.0,0.0,5.806978501750486,0.0,0.0,0.0,0.0,0.0,0.0,0.1157652801697231,0.31253748124965874,1.0,1.0,1.0,1.0,1.0,1.0,1.0,1.0,2.0,2.3749250375006827,3.0,4.0,5.806978501750486,8.0,10.0,persistence,reference
2026-09-20,2026-10-11,3,60637,2.0,0.0,7.4363150348508755,0.0,0.0,0.0,0.0,0.0,0.3311635482356936,1.0,1.2225339004079196,2.0,2.0,2.0,2.0,2.0,2.0,2.0,2.0,3.1309214370048073,3.5549321991841607,4.261842874009615,5.392764311014422,7.4363150348508755,9.916450059033652,12.178292933043267,persistence,reference
2026-09-20,2026-10-11,3,60638,1.0,0.0,5.806978501750486,0.0,0.0,0.0,0.0,0.0,0.0,0.1157652801697231,0.31253748124965874,1.0,1.0,1.0,1.0,1.0,1.0,1.0,1.0,2.0,2.3749250375006827,3.0,4.0,5.806978501750486,8.0,10.0,persistence,reference
2026-09-20,2026-10-11,3,60639,3.0,0.0,9.0,0.0,0.0,0.0,0.22276670018251776,0.7710132095432591,1.1581239044472507,1.8963112031706257,2.141919375965591,3.0,3.0,3.0,3.0,3.0,3.0,3.0,3.0,4.248185320116383,4.716161248068818,5.496370640232765,6.744555960349148,9.0,11.73729724081468,14.233667881047445,persistence,reference
2026-09-20,2026-10-11,3,60640,1.0,0.0,5.806978501750486,0.0,0.0,0.0,0.0,0.0,0.0,0.1157652801697231,0.31253748124965874,1.0,1.0,1.0,1.0,1.0,1.0,1.0,1.0,2.0,2.3749250375006827,3.0,4.0,5.806978501750486,8.0,10.0,persistence,reference
2026-09-20,2026-10-11,3,60641,2.0,0.0,7.4363150348508755,0.0,0.0,0.0,0.0,0.0,0.3311635482356936,1.0,1.2225339004079196,2.0,2.0,2.0,2.0,2.0,2.0,2.0,2.0,3.1309214370048073,3.5549321991841607,4.261842874009615,5.392764311014422,7.4363150348508755,9.916450059033652,12.178292933043267,persistence,reference
2026-09-20,2026-10-11,3,60642,1.0,0.0,5.806978501750486,0.0,0.0,0.0,0.0,0.0,0.0,0.1157652801697231,0.31253748124965874,1.0,1.0,1.0,1.0,1.0,1.0,1.0,1.0,2.0,2.3749250375006827,3.0,4.0,5.806978501750486,8.0,10.0,persistence,reference
2026-09-20,2026-10-11,3,60643,2.0,0.0,7.4363150348508755,0.0,0.0,0.0,0.0,0.0,0.3311635482356936,1.0,1.2225339004079196,2.0,2.0,2.0,2.0,2.0,2.0,2.0,2.0,3.1309214370048073,3.5549321991841607,4.261842874009615,5.392764311014422,7.4363150348508755,9.916450059033652,12.178292933043267,persistence,reference
2026-09-20,2026-10-11,3,60644,4.0,0.0,10.515096226599752,0.0,0.0,0.0,0.9843429679953242,1.579656095392433,2.0,2.801560214072754,3.0682536940391767,4.0,4.0,4.0,4.0,4.0,4.0,4.0,4.0,5.355341244864575,5.863492611921647,6.71068248972915,8.066023734593724,10.515096226599752,13.487388714052024,16.198071203781172,persistence,reference
2026-09-20,2026-10-11,3,60645,4.0,0.0,10.515096226599752,0.0,0.0,0.0,0.9843429679953242,1.579656095392433,2.0,2.801560214072754,3.0682536940391767,4.0,4.0,4.0,4.0,4.0,4.0,4.0,4.0,5.355341244864575,5.863492611921647,6.71068248972915,8.066023734593724,10.515096226599752,13.487388714052024,16.198071203781172,persistence,reference
2026-09-20,2026-10-11,3,60646,1.0,0.0,5.806978501750486,0.0,0.0,0.0,0.0,0.0,0.0,0.1157652801697231,0.31253748124965874,1.0,1.0,1.0,1.0,1.0,1.0,1.0,1.0,2.0,2.3749250375006827,3.0,4.0,5.806978501750486,8.0,10.0,persistence,reference
2026-09-20,2026-10-11,3,60647,3.0,0.0,9.0,0.0,0.0,0.0,0.22276670018251776,0.7710132095432591,1.1581239044472507,1.8963112031706257,2.141919375965591,3.0,3.0,3.0,3.0,3.0,3.0,3.0,3.0,4.248185320116383,4.716161248068818,5.496370640232765,6.744555960349148,9.0,11.73729724081468,14.233667881047445,persistence,reference
2026-09-20,2026-10-11,3,60649,5.0,0.0,11.992349940020784,0.0,0.0,0.3420362057602464,1.763435483766251,2.4023573915737817,2.85349296562267,3.7137702846147524,4.0,5.0,5.0,5.0,5.0,5.0,5.0,5.0,5.0,6.454624758041769,7.0,7.909249516083537,9.363874274125305,11.992349940020784,15.18237330629238,18.091622822375918,persistence,reference
2026-09-20,2026-10-11,3,60651,1.0,0.0,5.806978501750486,0.0,0.0,0.0,0.0,0.0,0.0,0.1157652801697231,0.31253748124965874,1.0,1.0,1.0,1.0,1.0,1.0,1.0,1.0,2.0,2.3749250375006827,3.0,4.0,5.806978501750486,8.0,10.0,persistence,reference
2026-09-20,2026-10-11,3,60652,2.0,0.0,7.4363150348508755,0.0,0.0,0.0,0.0,0.0,0.3311635482356936,1.0,1.2225339004079196,2.0,2.0,2.0,2.0,2.0,2.0,2.0,2.0,3.1309214370048073,3.5549321991841607,4.261842874009615,5.392764311014422,7.4363150348508755,9.916450059033652,12.178292933043267,persistence,reference
2026-09-20,2026-10-11,3,60653,1.0,0.0,5.806978501750486,0.0,0.0,0.0,0.0,0.0,0.0,0.1157652801697231,0.31253748124965874,1.0,1.0,1.0,1.0,1.0,1.0,1.0,1.0,2.0,2.3749250375006827,3.0,4.0,5.806978501750486,8.0,10.0,persistence,reference
2026-09-20,2026-10-11,3,60654,1.0,0.0,5.806978501750486,0.0,0.0,0.0,0.0,0.0,0.0,0.1157652801697231,0.31253748124965874,1.0,1.0,1.0,1.0,1.0,1.0,1.0,1.0,2.0,2.3749250375006827,3.0,4.0,5.806978501750486,8.0,10.0,persistence,reference
2026-09-20,2026-10-11,3,60655,1.0,0.0,5.806978501750486,0.0,0.0,0.0,0.0,0.0,0.0,0.1157652801697231,0.31253748124965874,1.0,1.0,1.0,1.0,1.0,1.0,1.0,1.0,2.0,2.3749250375006827,3.0,4.0,5.806978501750486,8.0,10.0,persistence,reference
2026-09-20,2026-10-11,3,60656,1.0,0.0,5.806978501750486,0.0,0.0,0.0,0.0,0.0,0.0,0.1157652801697231,0.31253748124965874,1.0,1.0,1.0,1.0,1.0,1.0,1.0,1.0,2.0,2.3749250375006827,3.0,4.0,5.806978501750486,8.0,10.0,persistence,reference
2026-09-20,2026-10-11,3,60657,1.0,0.0,5.806978501750486,0.0,0.0,0.0,0.0,0.0,0.0,0.1157652801697231,0.31253748124965874,1.0,1.0,1.0,1.0,1.0,1.0,1.0,1.0,2.0,2.3749250375006827,3.0,4.0,5.806978501750486,8.0,10.0,persistence,reference
2026-09-20,2026-10-11,3,60659,1.0,0.0,5.806978501750486,0.0,0.0,0.0,0.0,0.0,0.0,0.1157652801697231,0.31253748124965874,1.0,1.0,1.0,1.0,1.0,1.0,1.0,1.0,2.0,2.3749250375006827,3.0,4.0,5.806978501750486,8.0,10.0,persistence,reference
2026-09-20,2026-10-11,3,60660,4.0,0.0,10.515096226599752,0.0,0.0,0.0,0.9843429679953242,1.579656095392433,2.0,2.801560214072754,3.0682536940391767,4.0,4.0,4.0,4.0,4.0,4.0,4.0,4.0,5.355341244864575,5.863492611921647,6.71068248972915,8.066023734593724,10.515096226599752,13.487388714052024,16.198071203781172,persistence,reference
2026-09-20,2026-10-11,3,60661,1.0,0.0,5.806978501750486,0.0,0.0,0.0,0.0,0.0,0.0,0.1157652801697231,0.31253748124965874,1.0,1.0,1.0,1.0,1.0,1.0,1.0,1.0,2.0,2.3749250375006827,3.0,4.0,5.806978501750486,8.0,10.0,persistence,reference
2026-09-20,2026-10-11,3,60666,1.0,0.0,5.806978501750486,0.0,0.0,0.0,0.0,0.0,0.0,0.1157652801697231,0.31253748124965874,1.0,1.0,1.0,1.0,1.0,1.0,1.0,1.0,2.0,2.3749250375006827,3.0,4.0,5.806978501750486,8.0,10.0,persistence,reference
2026-09-20,2026-10-11,3,60707,1.0,0.0,5.806978501750486,0.0,0.0,0.0,0.0,0.0,0.0,0.1157652801697231,0.31253748124965874,1.0,1.0,1.0,1.0,1.0,1.0,1.0,1.0,2.0,2.3749250375006827,3.0,4.0,5.806978501750486,8.0,10.0,persistence,reference
2026-09-20,2026-10-18,4,60601,1.0,0.0,6.0,0.0,0.0,0.0,0.0,0.0,0.0,0.13652279190878713,0.2970361465470571,1.0,1.0,1.0,1.0,1.0,1.0,1.0,1.0,2.0,2.718559495032303,3.0,4.251378032050657,6.0,7.907817664729703,10.0,persistence,reference
2026-09-20,2026-10-18,4,60602,1.0,0.0,6.0,0.0,0.0,0.0,0.0,0.0,0.0,0.13652279190878713,0.2970361465470571,1.0,1.0,1.0,1.0,1.0,1.0,1.0,1.0,2.0,2.718559495032303,3.0,4.251378032050657,6.0,7.907817664729703,10.0,persistence,reference
2026-09-20,2026-10-18,4,60603,1.0,0.0,6.0,0.0,0.0,0.0,0.0,0.0,0.0,0.13652279190878713,0.2970361465470571,1.0,1.0,1.0,1.0,1.0,1.0,1.0,1.0,2.0,2.718559495032303,3.0,4.251378032050657,6.0,7.907817664729703,10.0,persistence,reference
2026-09-20,2026-10-18,4,60604,1.0,0.0,6.0,0.0,0.0,0.0,0.0,0.0,0.0,0.13652279190878713,0.2970361465470571,1.0,1.0,1.0,1.0,1.0,1.0,1.0,1.0,2.0,2.718559495032303,3.0,4.251378032050657,6.0,7.907817664729703,10.0,persistence,reference
2026-09-20,2026-10-18,4,60605,1.0,0.0,6.0,0.0,0.0,0.0,0.0,0.0,0.0,0.13652279190878713,0.2970361465470571,1.0,1.0,1.0,1.0,1.0,1.0,1.0,1.0,2.0,2.718559495032303,3.0,4.251378032050657,6.0,7.907817664729703,10.0,persistence,reference
2026-09-20,2026-10-18,4,60606,1.0,0.0,6.0,0.0,0.0,0.0,0.0,0.0,0.0,0.13652279190878713,0.2970361465470571,1.0,1.0,1.0,1.0,1.0,1.0,1.0,1.0,2.0,2.718559495032303,3.0,4.251378032050657,6.0,7.907817664729703,10.0,persistence,reference
2026-09-20,2026-10-18,4,60607,1.0,0.0,6.0,0.0,0.0,0.0,0.0,0.0,0.0,0.13652279190878713,0.2970361465470571,1.0,1.0,1.0,1.0,1.0,1.0,1.0,1.0,2.0,2.718559495032303,3.0,4.251378032050657,6.0,7.907817664729703,10.0,persistence,reference
2026-09-20,2026-10-18,4,60608,4.0,0.0,11.11274125325237,0.0,0.0,0.0,0.7403549289373808,1.2248547209817748,1.8065455175359402,2.7716620081532897,3.0,4.0,4.0,4.0,4.0,4.0,4.0,4.0,4.0,5.422548250650474,6.444733803296964,6.845096501300947,8.625242131697043,11.11274125325237,13.82670393477368,16.802934255854264,persistence,reference
2026-09-20,2026-10-18,4,60609,4.0,0.0,11.11274125325237,0.0,0.0,0.0,0.7403549289373808,1.2248547209817748,1.8065455175359402,2.7716620081532897,3.0,4.0,4.0,4.0,4.0,4.0,4.0,4.0,4.0,5.422548250650474,6.444733803296964,6.845096501300947,8.625242131697043,11.11274125325237,13.82670393477368,16.802934255854264,persistence,reference
2026-09-20,2026-10-18,4,60610,5.0,0.0,12.68904746035711,0.0,0.0,0.32584807508461555,1.4762438611331392,2.0,2.6288219946019757,3.6721365532100023,3.91897551357696,5.0,5.0,5.0,5.0,5.0,5.0,5.0,5.0,6.537809492071422,7.642817104150145,8.075618984142844,10.0,12.68904746035711,15.62290757431998,18.840285428642797,persistence,reference
2026-09-20,2026-10-18,4,60611,1.0,0.0,6.0,0.0,0.0,0.0,0.0,0.0,0.0,0.13652279190878713,0.2970361465470571,1.0,1.0,1.0,1.0,1.0,1.0,1.0,1.0,2.0,2.718559495032303,3.0,4.251378032050657,6.0,7.907817664729703,10.0,persistence,reference
2026-09-20,2026-10-18,4,60612,4.0,0.0,11.11274125325237,0.0,0.0,0.0,0.7403549289373808,1.2248547209817748,1.8065455175359402,2.7716620081532897,3.0,4.0,4.0,4.0,4.0,4.0,4.0,4.0,4.0,5.422548250650474,6.444733803296964,6.845096501300947,8.625242131697043,11.11274125325237,13.82670393477368,16.802934255854264,persistence,reference
2026-09-20,2026-10-18,4,60613,2.0,0.0,7.790540796152467,0.0,0.0,0.0,0.0,0.0,0.2142907758096999,1.0,1.185891825672038,2.0,2.0,2.0,2.0,2.0,2.0,2.0,2.0,3.158108159230493,3.9902777733199466,4.316216318460986,5.76544742766065,7.790540796152467,10.0,12.42297343307444,persistence,reference
2026-09-20,2026-10-18,4,60614,1.0,0.0,6.0,0.0,0.0,0.0,0.0,0.0,0.0,0.13652279190878713,0.2970361465470571,1.0,1.0,1.0,1.0,1.0,1.0,1.0,1.0,2.0,2.718559495032303,3.0,4.251378032050657,6.0,7.907817664729703,10.0,persistence,reference
2026-09-20,2026-10-18,4,60615,1.0,0.0,6.0,0.0,0.0,0.0,0.0,0.0,0.0,0.13652279190878713,0.2970361465470571,1.0,1.0,1.0,1.0,1.0,1.0,1.0,1.0,2.0,2.718559495032303,3.0,4.251378032050657,6.0,7.907817664729703,10.0,persistence,reference
2026-09-20,2026-10-18,4,60616,1.0,0.0,6.0,0.0,0.0,0.0,0.0,0.0,0.0,0.13652279190878713,0.2970361465470571,1.0,1.0,1.0,1.0,1.0,1.0,1.0,1.0,2.0,2.718559495032303,3.0,4.251378032050657,6.0,7.907817664729703,10.0,persistence,reference
2026-09-20,2026-10-18,4,60617,6.0,0.0,14.225072252541626,0.0,0.0,1.0,2.2305930621514287,2.79086169192681,3.463520609205541,4.579567515005371,4.843614302884893,6.0,6.0,6.0,6.0,6.0,6.0,6.0,6.0,7.645014450508325,8.82705520338643,9.29002890101665,11.34856384678865,14.225072252541626,17.363459879957034,20.805130054574924,persistence,reference
2026-09-20,2026-10-18,4,60618,1.0,0.0,6.0,0.0,0.0,0.0,0.0,0.0,0.0,0.13652279190878713,0.2970361465470571,1.0,1.0,1.0,1.0,1.0,1.0,1.0,1.0,2.0,2.718559495032303,3.0,4.251378032050657,6.0,7.907817664729703,10.0,persistence,reference
2026-09-20,2026-10-18,4,60619,8.0,0.0,17.20394149173832,0.0,1.0,2.4049479389714676,3.7819943887070213,4.4089408190578965,5.1616531513558135,6.410521259455784,6.705992364402441,8.0,8.0,8.0,8.0,8.0,8.0,8.0,8.0,9.840788298347665,11.163504208469735,11.68157659669533,13.985098634903505,17.20394149173832,20.715829924353727,24.56709468512898,persistence,reference
2026-09-20,2026-10-18,4,60620,1.0,0.0,6.0,0.0,0.0,0.0,0.0,0.0,0.0,0.13652279190878713,0.2970361465470571,1.0,1.0,1.0,1.0,1.0,1.0,1.0,1.0,2.0,2.718559495032303,3.0,4.251378032050657,6.0,7.907817664729703,10.0,persistence,reference
2026-09-20,2026-10-18,4,60621,5.0,0.0,12.68904746035711,0.0,0.0,0.32584807508461555,1.4762438611331392,2.0,2.6288219946019757,3.6721365532100023,3.91897551357696,5.0,5.0,5.0,5.0,5.0,5.0,5.0,5.0,6.537809492071422,7.642817104150145,8.075618984142844,10.0,12.68904746035711,15.62290757431998,18.840285428642797,persistence,reference
2026-09-20,2026-10-18,4,60622,1.0,0.0,6.0,0.0,0.0,0.0,0.0,0.0,0.0,0.13652279190878713,0.2970361465470571,1.0,1.0,1.0,1.0,1.0,1.0,1.0,1.0,2.0,2.718559495032303,3.0,4.251378032050657,6.0,7.907817664729703,10.0,persistence,reference
2026-09-20,2026-10-18,4,60623,7.0,0.0,15.728240158900086,0.0,0.3617916664134224,1.6941255402328057,3.0,3.5945430026667915,4.308351756531566,5.4926727112086695,5.772872532807374,7.0,7.0,7.0,7.0,7.0,7.0,7.0,7.0,8.745648031780018,10.0,10.491296063560034,12.675761662222016,15.728240158900086,19.05861831033064,22.710832286020157,persistence,reference
2026-09-20,2026-10-18,4,60624,1.0,0.0,6.0,0.0,0.0,0.0,0.0,0.0,0.0,0.13652279190878713,0.2970361465470571,1.0,1.0,1.0,1.0,1.0,1.0,1.0,1.0,2.0,2.718559495032303,3.0,4.251378032050657,6.0,7.907817664729703,10.0,persistence,reference
2026-09-20,2026-10-18,4,60625,1.0,0.0,6.0,0.0,0.0,0.0,0.0,0.0,0.0,0.13652279190878713,0.2970361465470571,1.0,1.0,1.0,1.0,1.0,1.0,1.0,1.0,2.0,2.718559495032303,3.0,4.251378032050657,6.0,7.907817664729703,10.0,persistence,reference
2026-09-20,2026-10-18,4,60626,1.0,0.0,6.0,0.0,0.0,0.0,0.0,0.0,0.0,0.13652279190878713,0.2970361465470571,1.0,1.0,1.0,1.0,1.0,1.0,1.0,1.0,2.0,2.718559495032303,3.0,4.251378032050657,6.0,7.907817664729703,10.0,persistence,reference
2026-09-20,2026-10-18,4,60628,3.0,0.0,9.485424074323287,0.0,0.0,0.0,0.027843434069501516,0.46961215634553577,1.0,1.879996825403158,2.0881962602874435,3.0,3.0,3.0,3.0,3.0,3.0,3.0,3.0,4.297084814864657,5.229117424447874,5.594169629729315,7.21731307275744,9.485424074323287,11.960025396774736,14.673763333781917,persistence,reference
2026-09-20,2026-10-18,4,60629,4.0,0.0,11.11274125325237,0.0,0.0,0.0,0.7403549289373808,1.2248547209817748,1.8065455175359402,2.7716620081532897,3.0,4.0,4.0,4.0,4.0,4.0,4.0,4.0,4.0,5.422548250650474,6.444733803296964,6.845096501300947,8.625242131697043,11.11274125325237,13.82670393477368,16.802934255854264,persistence,reference
2026-09-20,2026-10-18,4,60630,1.0,0.0,6.0,0.0,0.0,0.0,0.0,0.0,0.0,0.13652279190878713,0.2970361465470571,1.0,1.0,1.0,1.0,1.0,1.0,1.0,1.0,2.0,2.718559495032303,3.0,4.251378032050657,6.0,7.907817664729703,10.0,persistence,reference
2026-09-20,2026-10-18,4,60631,1.0,0.0,6.0,0.0,0.0,0.0,0.0,0.0,0.0,0.13652279190878713,0.2970361465470571,1.0,1.0,1.0,1.0,1.0,1.0,1.0,1.0,2.0,2.718559495032303,3.0,4.251378032050657,6.0,7.907817664729703,10.0,persistence,reference
2026-09-20,2026-10-18,4,60632,6.0,0.0,14.225072252541626,0.0,0.0,1.0,2.2305930621514287,2.79086169192681,3.463520609205541,4.579567515005371,4.843614302884893,6.0,6.0,6.0,6.0,6.0,6.0,6.0,6.0,7.645014450508325,8.82705520338643,9.29002890101665,11.34856384678865,14.225072252541626,17.363459879957034,20.805130054574924,persistence,reference
2026-09-20,2026-10-18,4,60633,1.0,0.0,6.0,0.0,0.0,0.0,0.0,0.0,0.0,0.13652279190878713,0.2970361465470571,1.0,1.0,1.0,1.0,1.0,1.0,1.0,1.0,2.0,2.718559495032303,3.0,4.251378032050657,6.0,7.907817664729703,10.0,persistence,reference
2026-09-20,2026-10-18,4,60634,1.0,0.0,6.0,0.0,0.0,0.0,0.0,0.0,0.0,0.13652279190878713,0.2970361465470571,1.0,1.0,1.0,1.0,1.0,1.0,1.0,1.0,2.0,2.718559495032303,3.0,4.251378032050657,6.0,7.907817664729703,10.0,persistence,reference
2026-09-20,2026-10-18,4,60636,1.0,0.0,6.0,0.0,0.0,0.0,0.0,0.0,0.0,0.13652279190878713,0.2970361465470571,1.0,1.0,1.0,1.0,1.0,1.0,1.0,1.0,2.0,2.718559495032303,3.0,4.251378032050657,6.0,7.907817664729703,10.0,persistence,reference
2026-09-20,2026-10-18,4,60637,2.0,0.0,7.790540796152467,0.0,0.0,0.0,0.0,0.0,0.2142907758096999,1.0,1.185891825672038,2.0,2.0,2.0,2.0,2.0,2.0,2.0,2.0,3.158108159230493,3.9902777733199466,4.316216318460986,5.76544742766065,7.790540796152467,10.0,12.42297343307444,persistence,reference
2026-09-20,2026-10-18,4,60638,1.0,0.0,6.0,0.0,0.0,0.0,0.0,0.0,0.0,0.13652279190878713,0.2970361465470571,1.0,1.0,1.0,1.0,1.0,1.0,1.0,1.0,2.0,2.718559495032303,3.0,4.251378032050657,6.0,7.907817664729703,10.0,persistence,reference
2026-09-20,2026-10-18,4,60639,3.0,0.0,9.485424074323287,0.0,0.0,0.0,0.027843434069501516,0.46961215634553577,1.0,1.879996825403158,2.0881962602874435,3.0,3.0,3.0,3.0,3.0,3.0,3.0,3.0,4.297084814864657,5.229117424447874,5.594169629729315,7.21731307275744,9.485424074323287,11.960025396774736,14.673763333781917,persistence,reference
2026-09-20,2026-10-18,4,60640,1.0,0.0,6.0,0.0,0.0,0.0,0.0,0.0,0.0,0.13652279190878713,0.2970361465470571,1.0,1.0,1.0,1.0,1.0,1.0,1.0,1.0,2.0,2.718559495032303,3.0,4.251378032050657,6.0,7.907817664729703,10.0,persistence,reference
2026-09-20,2026-10-18,4,60641,2.0,0.0,7.790540796152467,0.0,0.0,0.0,0.0,0.0,0.2142907758096999,1.0,1.185891825672038,2.0,2.0,2.0,2.0,2.0,2.0,2.0,2.0,3.158108159230493,3.9902777733199466,4.316216318460986,5.76544742766065,7.790540796152467,10.0,12.42297343307444,persistence,reference
2026-09-20,2026-10-18,4,60642,1.0,0.0,6.0,0.0,0.0,0.0,0.0,0.0,0.0,0.13652279190878713,0.2970361465470571,1.0,1.0,1.0,1.0,1.0,1.0,1.0,1.0,2.0,2.718559495032303,3.0,4.251378032050657,6.0,7.907817664729703,10.0,persistence,reference
2026-09-20,2026-10-18,4,60643,2.0,0.0,7.790540796152467,0.0,0.0,0.0,0.0,0.0,0.2142907758096999,1.0,1.185891825672038,2.0,2.0,2.0,2.0,2.0,2.0,2.0,2.0,3.158108159230493,3.9902777733199466,4.316216318460986,5.76544742766065,7.790540796152467,10.0,12.42297343307444,persistence,reference
2026-09-20,2026-10-18,4,60644,4.0,0.0,11.11274125325237,0.0,0.0,0.0,0.7403549289373808,1.2248547209817748,1.8065455175359402,2.7716620081532897,3.0,4.0,4.0,4.0,4.0,4.0,4.0,4.0,4.0,5.422548250650474,6.444733803296964,6.845096501300947,8.625242131697043,11.11274125325237,13.82670393477368,16.802934255854264,persistence,reference
2026-09-20,2026-10-18,4,60645,4.0,0.0,11.11274125325237,0.0,0.0,0.0,0.7403549289373808,1.2248547209817748,1.8065455175359402,2.7716620081532897,3.0,4.0,4.0,4.0,4.0,4.0,4.0,4.0,4.0,5.422548250650474,6.444733803296964,6.845096501300947,8.625242131697043,11.11274125325237,13.82670393477368,16.802934255854264,persistence,reference
2026-09-20,2026-10-18,4,60646,1.0,0.0,6.0,0.0,0.0,0.0,0.0,0.0,0.0,0.13652279190878713,0.2970361465470571,1.0,1.0,1.0,1.0,1.0,1.0,1.0,1.0,2.0,2.718559495032303,3.0,4.251378032050657,6.0,7.907817664729703,10.0,persistence,reference
2026-09-20,2026-10-18,4,60647,3.0,0.0,9.485424074323287,0.0,0.0,0.0,0.027843434069501516,0.46961215634553577,1.0,1.879996825403158,2.0881962602874435,3.0,3.0,3.0,3.0,3.0,3.0,3.0,3.0,4.297084814864657,5.229117424447874,5.594169629729315,7.21731307275744,9.485424074323287,11.960025396774736,14.673763333781917,persistence,reference
2026-09-20,2026-10-18,4,60649,5.0,0.0,12.68904746035711,0.0,0.0,0.32584807508461555,1.4762438611331392,2.0,2.6288219946019757,3.6721365532100023,3.91897551357696,5.0,5.0,5.0,5.0,5.0,5.0,5.0,5.0,6.537809492071422,7.642817104150145,8.075618984142844,10.0,12.68904746035711,15.62290757431998,18.840285428642797,persistence,reference
2026-09-20,2026-10-18,4,60651,1.0,0.0,6.0,0.0,0.0,0.0,0.0,0.0,0.0,0.13652279190878713,0.2970361465470571,1.0,1.0,1.0,1.0,1.0,1.0,1.0,1.0,2.0,2.718559495032303,3.0,4.251378032050657,6.0,7.907817664729703,10.0,persistence,reference
2026-09-20,2026-10-18,4,60652,2.0,0.0,7.790540796152467,0.0,0.0,0.0,0.0,0.0,0.2142907758096999,1.0,1.185891825672038,2.0,2.0,2.0,2.0,2.0,2.0,2.0,2.0,3.158108159230493,3.9902777733199466,4.316216318460986,5.76544742766065,7.790540796152467,10.0,12.42297343307444,persistence,reference
2026-09-20,2026-10-18,4,60653,1.0,0.0,6.0,0.0,0.0,0.0,0.0,0.0,0.0,0.13652279190878713,0.2970361465470571,1.0,1.0,1.0,1.0,1.0,1.0,1.0,1.0,2.0,2.718559495032303,3.0,4.251378032050657,6.0,7.907817664729703,10.0,persistence,reference
2026-09-20,2026-10-18,4,60654,1.0,0.0,6.0,0.0,0.0,0.0,0.0,0.0,0.0,0.13652279190878713,0.2970361465470571,1.0,1.0,1.0,1.0,1.0,1.0,1.0,1.0,2.0,2.718559495032303,3.0,4.251378032050657,6.0,7.907817664729703,10.0,persistence,reference
2026-09-20,2026-10-18,4,60655,1.0,0.0,6.0,0.0,0.0,0.0,0.0,0.0,0.0,0.13652279190878713,0.2970361465470571,1.0,1.0,1.0,1.0,1.0,1.0,1.0,1.0,2.0,2.718559495032303,3.0,4.251378032050657,6.0,7.907817664729703,10.0,persistence,reference
2026-09-20,2026-10-18,4,60656,1.0,0.0,6.0,0.0,0.0,0.0,0.0,0.0,0.0,0.13652279190878713,0.2970361465470571,1.0,1.0,1.0,1.0,1.0,1.0,1.0,1.0,2.0,2.718559495032303,3.0,4.251378032050657,6.0,7.907817664729703,10.0,persistence,reference
2026-09-20,2026-10-18,4,60657,1.0,0.0,6.0,0.0,0.0,0.0,0.0,0.0,0.0,0.13652279190878713,0.2970361465470571,1.0,1.0,1.0,1.0,1.0,1.0,1.0,1.0,2.0,2.718559495032303,3.0,4.251378032050657,6.0,7.907817664729703,10.0,persistence,reference
2026-09-20,2026-10-18,4,60659,1.0,0.0,6.0,0.0,0.0,0.0,0.0,0.0,0.0,0.13652279190878713,0.2970361465470571,1.0,1.0,1.0,1.0,1.0,1.0,1.0,1.0,2.0,2.718559495032303,3.0,4.251378032050657,6.0,7.907817664729703,10.0,persistence,reference
2026-09-20,2026-10-18,4,60660,4.0,0.0,11.11274125325237,0.0,0.0,0.0,0.7403549289373808,1.2248547209817748,1.8065455175359402,2.7716620081532897,3.0,4.0,4.0,4.0,4.0,4.0,4.0,4.0,4.0,5.422548250650474,6.444733803296964,6.845096501300947,8.625242131697043,11.11274125325237,13.82670393477368,16.802934255854264,persistence,reference
2026-09-20,2026-10-18,4,60661,1.0,0.0,6.0,0.0,0.0,0.0,0.0,0.0,0.0,0.13652279190878713,0.2970361465470571,1.0,1.0,1.0,1.0,1.0,1.0,1.0,1.0,2.0,2.718559495032303,3.0,4.251378032050657,6.0,7.907817664729703,10.0,persistence,reference
2026-09-20,2026-10-18,4,60666,1.0,0.0,6.0,0.0,0.0,0.0,0.0,0.0,0.0,0.13652279190878713,0.2970361465470571,1.0,1.0,1.0,1.0,1.0,1.0,1.0,1.0,2.0,2.718559495032303,3.0,4.251378032050657,6.0,7.907817664729703,10.0,persistence,reference
2026-09-20,2026-10-18,4,60707,1.0,0.0,6.0,0.0,0.0,0.0,0.0,0.0,0.0,0.13652279190878713,0.2970361465470571,1.0,1.0,1.0,1.0,1.0,1.0,1.0,1.0,2.0,2.718559495032303,3.0,4.251378032050657,6.0,7.907817664729703,10.0,persistence,reference
