origin_date,target_date,horizon,area,predicted,lower,upper,q0.010,q0.025,q0.050,q0.100,q0.150,q0.200,q0.250,q0.300,q0.350,q0.400,q0.450,q0.500,q0.550,q0.600,q0.650,q0.700,q0.750,q0.800,q0.850,q0.900,q0.950,q0.975,q0.990,model,trust
2026-09-27,2026-10-04,1,Allston/Brighton,6.889857769012451,0.0,15.568805539667604,0.0,0.0,0.6552150908501888,2.10933044352736,2.8410727186497557,3.3568004891860057,3.87344066849407,4.285549719719596,4.776368170735706,5.128661877376397,5.65862730447953,6.360582804330372,6.796927970998604,7.289027544139532,7.957407936884023,8.687446277861469,9.543631202763487,10.174102920549856,11.285324137549493,12.866931151865426,14.72674886200894,16.71545465144998,19.243226140130755,gnn_st,better than persistence
2026-09-27,2026-10-04,1,Back Bay/Beacon Hill/Downtown/North End/West End,7.492858409881592,0.0,16.533214285676408,0.0,0.0,0.9985931995782682,2.5132607168902394,3.275474150048262,3.812677818497807,4.350831890178178,4.780101956223716,5.291359033100566,5.658322928378654,6.210357136843334,6.941543416023352,7.396058836049441,7.908650383444464,8.604863423375868,9.36530196728852,10.25714008190142,10.913865856618482,12.071360465858676,13.718828643212392,15.656092745740107,17.72761207548984,20.36064483870427,gnn_st,better than persistence
2026-09-27,2026-10-04,1,Charlestown,8.859039306640625,0.0,18.70490672225237,0.0,0.3860493966271399,1.786123693476803,3.435750739035597,4.265878723860346,4.850948179908662,5.437052721779997,5.904571502439024,6.461382480168385,6.86104350113531,7.462264924285042,8.25860118137824,8.753614721266626,9.311879073174223,10.070125914157346,10.898320863996812,11.86962331639012,12.584864507679022,13.845493913583056,15.639754390551076,17.749632117110707,20.005727446742803,22.873368040071973,gnn_st,better than persistence
2026-09-27,2026-10-04,1,Dorchester,23.481739044189453,7.235347289309562,39.72813079906935,5.097656967620576,9.500694246150118,11.810917871190105,14.53292154037399,15.902692620854657,16.86809944440214,17.835214234253744,18.60665396045875,19.52543225552955,20.184901781341814,21.176960516200385,22.490972807371072,23.30778087044176,24.22895733778823,25.48011934368515,26.84670077694418,28.44941991665512,29.629619497088377,31.709748989139428,34.67040825750404,38.15185876396035,41.8745788671622,46.6063927871374,gnn_st,better than persistence
2026-09-27,2026-10-04,1,East Boston,3.7836740016937256,0.0,10.225200736374283,0.0,0.0,0.0,0.2355601765245016,0.778660279515567,1.1614341260132837,1.5448851635313758,1.8507530568777,2.2150391728495804,2.476512036813412,2.869853091207559,3.390845409439234,3.7147013803376376,4.079938346877522,4.576011175355314,5.117846616127078,5.7533082215344,6.221245180357035,7.045995065550443,8.219865923596329,9.600225135115984,11.076245252832564,12.952360659190326,gnn_st,better than persistence
2026-09-27,2026-10-04,1,Fenway,3.872028827667236,0.0,10.355851239759389,0.0,0.0,0.0,0.3006177495407272,0.8472838994806686,1.2325710754730683,1.6185398889865144,1.9264161400220003,2.293094193290937,2.556283912957092,2.9522076821383743,3.4766208855007754,3.802603325517004,4.170238472729241,4.669568562597099,5.214961746425283,5.854595853193976,6.325605330609566,7.155770602019037,8.337349207805449,9.72677198924064,11.212483795484388,13.100917954101146,gnn_st,better than persistence
2026-09-27,2026-10-04,1,Hyde Park,10.105976104736328,0.0,20.71865251013516,0.0,0.97309869480876,2.4822126030888843,4.260314753474366,5.155094187944691,5.785729615949559,6.41748074361072,6.921410496383306,7.521586638938876,7.952373781232501,8.60041911259298,9.4587750755238,9.992340915217774,10.59408362262726,11.41138371606649,12.3040795682669,13.351028321880602,14.121973429563576,15.480782297005394,17.414782118988068,19.688979873411583,22.12078284844986,25.211759029556347,gnn_st,better than persistence
2026-09-27,2026-10-04,1,Jamaica Plain,6.910546779632568,0.0,15.570023448266724,0.0,0.0,0.6898914380529053,2.140744502589801,2.870845123808004,3.385415866061503,3.900896970110068,4.312081460249131,4.801798766704166,5.15330210717552,5.682078564005826,6.382459236180207,6.81782546836455,7.30882102276423,7.975701913131258,8.704102422957735,9.558366508552716,10.187423771561528,11.29615197877981,12.874210679135729,14.72985591338336,16.714100068264635,19.23620053577528,gnn_st,better than persistence
2026-09-27,2026-10-04,1,Mattapan,11.420404434204102,0.1309435497337343,22.709865318674467,0.0,1.7051112938621298,3.310463401749981,5.201957489439085,6.153798197645588,6.824650085035687,7.496688821731975,8.032754844582987,8.671205017409,9.12946402830116,9.818836071722364,10.731930535200938,11.29952257762394,11.939639217226633,12.80905962385114,13.758683876977203,14.872397944048366,15.69250724586719,17.13796916070067,19.19530272169937,21.614529089428217,24.20141137215448,27.48950321236921,gnn_st,better than persistence
2026-09-27,2026-10-04,1,Roslindale,13.209264755249023,1.0039835907219157,25.41454591977613,0.0,2.7058505012708345,4.441431504238869,6.486366811383898,7.515422457741983,8.240694991934742,8.96725065466926,9.546803265604533,10.237045603004503,10.732479364753996,11.47777444155386,12.46494068187091,13.078576756738796,13.770620747536473,14.710570017180224,15.737229405849645,16.941289853429666,17.82792781752518,19.39064806286717,21.614876023632625,24.230354151501928,27.02708872752052,30.5819161736932,gnn_st,better than persistence
2026-09-27,2026-10-04,1,Roxbury,23.72114562988281,7.279555146315026,40.1627361134506,5.116180694917869,9.572120014226789,11.910100738898269,14.66480900266076,16.051037742019613,17.02804382942004,18.006778404164347,18.787486899465076,19.717304221407176,20.384697205855005,21.388675424544186,22.71847543846505,23.545097366540283,24.477341674551703,25.74353626347496,27.126537032328336,28.74851267792905,29.942892235133417,32.04801426943513,35.04424555489635,38.56752533169793,42.334973534675385,47.12363971301679,gnn_st,better than persistence
2026-09-27,2026-10-04,1,South Boston,5.632696151733398,0.0,13.4987460518732,0.0,0.0,0.0,1.2999282304432151,1.9631331951759496,2.4305562613271774,2.898806277140745,3.2723158830171446,3.717162715792888,4.036459472631384,4.516786651121532,5.152994764756428,5.548470454367362,5.994478415292311,6.600256173211268,7.261916799694146,8.037908719566978,8.60932844967558,9.616469150829191,11.049937818434866,12.735559082641217,14.53799635842854,16.82900872439104,gnn_st,better than persistence
2026-09-27,2026-10-04,1,South End,16.056072235107422,2.6617145468836974,29.450429923331143,0.8992931288013803,4.5293826350139454,6.434049347502631,8.678208624454399,9.807518078501744,10.60344892298374,11.400787902388368,12.036802334614007,12.794290231374726,13.337990694005732,14.15589473958749,15.239233791126487,15.9126522045479,16.672117277394424,17.70363933384521,18.830319079312925,20.15168284764644,21.12469984504012,22.839665166246657,25.28058434582504,28.150870502953847,31.22007167622048,35.12122148933062,gnn_st,better than persistence
2026-09-27,2026-10-04,1,West Roxbury,5.424008846282959,0.0,13.167459964608224,0.0,0.0,0.0,1.158770635047862,1.811639011302034,2.2717769090104403,2.732728867698492,3.100417022750423,3.5383305560321743,3.8526508133667656,4.32549170233385,4.951783995359627,5.341095874875395,5.780152439180293,6.376488658320061,7.0278367660913545,7.79173422110799,8.354247910229633,9.34569150487556,10.756818398064745,12.416167884667864,14.190512710354572,16.445817786285254,gnn_st,better than persistence
2026-09-27,2026-10-04,1,Allston/Brighton,7.22793436050415,0.0,16.979339796652628,0.0,0.0,0.804925006016699,2.017530721859493,2.966694615177124,3.43455727143171,3.8917535387249855,4.237337432373809,4.720951744221349,5.15171163726858,5.686537656474424,6.287496678125526,7.037718050579129,7.757841024174071,8.429929188287215,9.113240422393414,9.75351810914306,10.826086813097406,12.125674214081004,13.53988465418771,16.08358819895718,18.77415424650237,21.622041877988615,lstm,better than persistence
2026-09-27,2026-10-04,1,Back Bay/Beacon Hill/Downtown/North End/West End,6.209910392761231,0.0,15.248543964240763,0.0,0.0,0.2563862201136091,1.380357406005932,2.260142857154754,2.693807433953907,3.117585273709519,3.437908964827689,3.8861738414483513,4.285447654442578,4.781180956041822,5.338213316530422,6.033597805207664,6.701083915527752,7.324046285713691,7.957411383781116,8.55088844023406,9.54505851743568,10.749653525664744,12.060493285613646,14.418266675941044,16.912167761570633,19.55189112476205,lstm,better than persistence
2026-09-27,2026-10-04,1,Charlestown,9.938791275024414,0.0,21.37354718980197,0.0,0.3314655430222224,2.407000633376573,3.82893416617029,4.941948850491926,5.490576975016274,6.026697409745207,6.43193822326978,6.999037155734424,7.50415759884629,8.131308733781198,8.83600917643637,9.715738599259412,10.560173843553216,11.34828219984777,12.149551024838388,12.90035757406873,14.158080003092396,15.682010560330829,17.340351124738476,20.32316517594889,23.478194082060988,26.81770243826584,lstm,better than persistence
2026-09-27,2026-10-04,1,Dorchester,26.336156845092773,7.722302397450651,44.9500112927349,7.24620968066548,10.697050585249675,14.075671725986217,16.39033974434231,18.202139968715905,19.09521404322078,19.967927707843423,20.62759141867456,21.550732853872876,22.3729837595054,23.393880054044192,24.54101354482737,25.973064701124816,27.347662886244866,28.630570395803428,29.934900929219864,31.157087386881727,33.204447418338674,35.68514939327909,38.38464819505173,43.24016649447252,48.37602153800506,53.81217801850751,lstm,better than persistence
2026-09-27,2026-10-04,1,East Boston,5.420041084289551,0.0,13.864297312943991,0.0,0.0,0.0,0.9080777916621816,1.7300088631003296,2.1351558109020443,2.531066169987028,2.830325488612932,3.249112625690271,3.6221303341361306,4.08526438937537,4.6056664990991285,5.255322750056241,5.878915210137361,6.460911795468441,7.052627028979419,7.607077244367002,8.535871049355546,9.661252316424576,10.885891717964617,13.088618765098223,15.418521798497611,17.884657888126156,lstm,better than persistence
2026-09-27,2026-10-04,1,Fenway,4.34996509552002,0.0,11.914861754538856,0.0,0.0,0.0,0.3078641556896686,1.04420178542275,1.4071579427023648,1.761839381968708,2.029934730848724,2.405110628918464,2.739283389664568,3.154188050571032,3.6203970421737095,4.202400035604817,4.761053443331728,5.282442646206854,5.81253842632875,6.309249855778843,7.141321853835068,8.149509284065315,9.24661840372656,11.219960049027003,13.30723395402662,15.516554012530992,lstm,better than persistence
2026-09-27,2026-10-04,1,Hyde Park,9.04948616027832,0.0,19.960675038489576,0.0,0.0,1.8625561641637347,3.2193831453609327,4.281435849884471,4.804943752912624,5.316516659968412,5.7032025753024085,6.244335557140445,6.726327879680243,7.324763433483008,7.997197518624495,8.836646472820096,9.642417274976076,10.39444024740467,11.159021105697972,11.875450221518731,13.075584888294156,14.529738721680086,16.11214828577644,18.95838722116805,21.96895575165293,25.15555690925401,lstm,better than persistence
2026-09-27,2026-10-04,1,Jamaica Plain,5.809184074401856,0.0,14.551322574352186,0.0,0.0,0.0509538653230059,1.138055328095957,1.9889811017054864,2.408420142232933,2.818296761199232,3.128112846830412,3.561673252293281,3.9478496521877,4.427321371817202,4.966081352054844,5.638655083765321,6.284245590014393,6.886772872191997,7.499361640677022,8.07337081839449,9.034929049367252,10.200009624324505,11.467849795307242,13.748280943083664,16.160374377709047,18.71350666923048,lstm,better than persistence
2026-09-27,2026-10-04,1,Mattapan,11.075075149536133,0.0,23.145802893680823,0.0,0.9334145732535166,3.1243856080360706,4.625403441083247,5.800321150723135,6.379462566007375,6.945400645833133,7.373179915222634,7.971819437464591,8.505033385558178,9.16706505992452,9.910959135833558,10.839616855382008,11.731017424611307,12.562958348634258,13.408791692906444,14.201356178919482,15.529029907296074,17.13771757798219,18.88829079609232,22.0370013231828,25.36750485420868,28.892748109724995,lstm,better than persistence
2026-09-27,2026-10-04,1,Roslindale,14.911508560180664,0.9052898172010356,28.91772730316029,0.5470481240584721,3.143674883592979,5.685959012864535,7.427658813605233,8.790969692205696,9.462974025127933,10.119657922655696,10.616029819013624,11.310658699263278,11.929371286615714,12.697556986972849,13.560731384543269,14.638295507689172,15.67262845139246,16.63796764303767,17.619426846748812,18.53907575229228,20.07963644201294,21.946270491123517,23.977540845170388,27.63113401167561,31.495669934328863,35.586171286488536,lstm,better than persistence
2026-09-27,2026-10-04,1,Roxbury,25.899494171142575,7.44059682117555,44.35839152110961,6.968467493371676,10.390580748203536,13.74107545614858,16.03647426622679,17.83319156916003,18.71883095747546,19.584279432776263,20.238451558059687,21.1539080015254,21.969313811519303,22.981711322140235,24.11929512632424,25.53942470606019,26.90257960060145,28.174807128492272,29.46827933729702,30.68029130547688,32.710607421109565,35.170657983989415,37.84768392820982,42.66278088311526,47.75588082754331,53.14678225175982,lstm,better than persistence
2026-09-27,2026-10-04,1,South Boston,6.123085975646973,0.0,15.098309893486084,0.0,0.0,0.2113281720795932,1.327414247569373,2.201027649558988,2.6316498947497746,3.0524547623379803,3.3705312537941667,3.8156513718248384,4.212124118265207,4.704379651161489,5.257504205368778,5.948010291882104,6.610813718394903,7.2294057567367505,7.858327543635648,8.447641119591719,9.434836693428812,10.63098098268086,11.932624673943147,14.273857334650195,16.75026270006913,19.3714673410618,lstm,better than persistence
2026-09-27,2026-10-04,1,South End,15.009490966796877,0.9573306623925522,29.0616512712012,0.5979139067258039,3.2030578178170064,5.753680850301999,7.501093571128228,8.868876222704648,9.543084785683911,10.201922660967451,10.699922698395037,11.396830019097102,12.017572035152437,12.788277448444669,13.65428312977082,14.735381752788603,15.773107394502588,16.741612978918216,17.72629145037896,18.648956880757463,20.19457073756441,22.067327501477475,24.10526059108868,27.770837846801697,31.648049768432728,35.75196830495719,lstm,better than persistence
2026-09-27,2026-10-04,1,West Roxbury,6.773979187011719,0.0,16.214197602932582,0.0,0.0,0.5559410189860294,1.729850040091338,2.648724198703219,3.101656413717414,3.544262625760728,3.878818240172533,4.346999443671876,4.764012919504824,5.281771561464726,5.863552768343278,6.589833063284149,7.286975459995296,7.937615934901988,8.59912132899652,9.21896646304774,10.257307335828571,11.51542228102254,12.884502412917444,15.34703124583411,17.95173590277837,20.70874169453513,lstm,better than persistence
2026-09-27,2026-10-04,1,Allston/Brighton,7.65070104598999,0.0,17.886736852112406,0.0,0.0,0.2328025529376631,1.8679462186231448,2.829064232740113,3.3613848092740577,3.873048146767638,4.397443856645998,4.823115263350157,5.243845752350225,5.717614399606161,6.470882794293569,7.031594590437214,7.727342990107583,8.359763548951744,9.109666638896266,9.92286128312734,10.785863493584046,12.0558927278069,13.818407686284417,16.353669472966114,19.287893681629527,24.15071071800905,colagnn,better than persistence
2026-09-27,2026-10-04,1,Back Bay/Beacon Hill/Downtown/North End/West End,7.494486808776855,0.0,17.62548248782482,0.0,0.0,0.1527092882468759,1.7710734406831117,2.722328656325302,3.249186666875447,3.755599418790037,4.274613886061764,4.695917138970934,5.112330176873163,5.58123710618924,6.326775613115626,6.881733498327868,7.570342268780693,8.196273055888636,8.938480792148074,9.74333059757786,10.597476854072616,11.854473305421532,13.598901692230516,16.108147135741476,19.01226092963293,23.825176722101645,colagnn,better than persistence
2026-09-27,2026-10-04,1,Charlestown,9.416390419006348,0.0,20.772338773730095,0.0,0.0,1.1869084414910829,3.0009512381147214,4.067224035302357,4.657785175354308,5.225428992319791,5.807198215445752,6.279441826368231,6.746203939635238,7.271807053206585,8.107489650389322,8.729548259746972,9.501417667414804,10.203030610230442,11.034979708666016,11.93714501534681,12.894567275055694,14.303548902904016,16.258898534538492,19.071540309203044,22.32679451169732,27.721646597948048,colagnn,better than persistence
2026-09-27,2026-10-04,1,Dorchester,27.80875587463379,8.293602891833043,47.32390885743453,5.886838811422315,10.612537182922104,13.666423174291136,16.78384864926101,18.61623429496182,19.6311113121699,20.60660499898421,21.60637314122533,22.417921945818904,23.22005081805809,24.123297719961663,25.55941500578056,26.628420301215275,27.954874869592707,29.16059397697705,30.590295259751887,32.14066282269766,33.78598924403398,36.20731867936712,39.56757939949772,44.401093325753166,49.99523498395783,59.2662672653763,colagnn,better than persistence
2026-09-27,2026-10-04,1,East Boston,4.697603702545166,0.0,12.718434751852252,0.0,0.0,0.0,0.1663085460616411,0.9194287339635658,1.336548553522494,1.7374816160764488,2.1483916081458414,2.481942457357684,2.811621664570251,3.1828609165691297,3.773112713554512,4.212479541631814,4.757659381980164,5.253216309552005,5.840831095365937,6.4780403602727255,7.154278218009759,8.149457417098674,9.53054233821326,11.51714211589043,13.816363912711346,17.626807194783808,colagnn,better than persistence
2026-09-27,2026-10-04,1,Fenway,4.707318305969238,0.0,12.73643857625516,0.0,0.0,0.0,0.1713402298927793,0.9252387385974692,1.3427896354771538,1.7441370469598918,2.1554716987317186,2.4893672599415813,2.819387177958792,3.1910100914731565,3.781871891031625,4.22169278785895,4.767436050643463,5.26350511727608,5.851727180413284,6.489594976633612,7.16653170023661,8.16273937882398,9.545251598186251,11.533904450470336,13.835502404753743,17.649883633679625,colagnn,better than persistence
2026-09-27,2026-10-04,1,Hyde Park,10.493729591369627,0.0,22.48171249143973,0.0,0.0,1.806221851705553,3.7212282735931206,4.846846289826715,5.4702761106786,6.069513106000271,6.683661680894062,7.182188810074879,7.674929359561252,8.229785804914485,9.111979732887534,9.768660068063497,10.58348917534454,11.324151575190964,12.202404210218644,13.15478105552431,14.1654902731972,15.652891160691771,17.717069088899926,20.686253206814285,24.122684097119443,29.817795816386727,colagnn,better than persistence
2026-09-27,2026-10-04,1,Jamaica Plain,7.017415046691895,0.0,16.820657917848685,0.0,0.0,0.0,1.479162630348835,2.399643322160891,2.9094566909217905,3.399486235632456,3.901709811428802,4.309383276260949,4.712324731829251,5.166061823195362,5.887481048387035,6.424485218988992,7.090816469521326,7.696497462875587,8.414693672795057,9.193505387595131,10.02001873980439,11.23634948271846,12.92434301158706,15.352410625607906,18.16257201042353,22.81978280457824,colagnn,better than persistence
2026-09-27,2026-10-04,1,Mattapan,11.3715181350708,0.0,23.85082328761907,0.0,0.3750959849111428,2.327956678392473,4.321448803550976,5.493199783417898,6.142180603666121,6.765977065977688,7.405296252448787,7.9242552986645505,8.437190604740003,9.0147875995923,9.93313786107261,10.61673195347748,11.46495647646034,12.235974601840564,13.150222038202516,14.141631633283032,15.193764327579718,16.742125691951312,18.89090305257916,21.98177788702161,25.559049399104804,31.48757278915524,colagnn,better than persistence
2026-09-27,2026-10-04,1,Roslindale,15.123385429382324,0.7318977357969061,29.514873122967742,0.0,2.4420003592226074,4.69409454988228,6.993046056859388,8.344342431181799,9.092765470269685,9.812145195416148,10.5494261651417,11.147904416598184,11.739435920536366,12.405537113003106,13.464604611147909,14.252944654763514,15.231141167684946,16.120301079018233,17.17463708318336,18.317958671404185,19.531307855264604,21.31692197786074,23.794952810804663,27.35943709887484,31.484847793896293,38.32178866248478,colagnn,better than persistence
2026-09-27,2026-10-04,1,Roxbury,26.77966690063477,7.6290060262766595,45.93032777499288,5.267194015417527,9.90462867897662,12.901476052973884,15.960676158904322,17.758837624652763,18.754759388774268,19.71203340029355,20.693128483786914,21.489519675465484,22.27666687453291,23.163043482464964,24.572337846734616,25.62137691416114,26.923056774248693,28.10625619654385,29.509254391955697,31.03066513645494,32.64526115578428,35.02136647876244,38.31886630145724,43.06210280668912,48.551760503649774,57.64963410644184,colagnn,better than persistence
2026-09-27,2026-10-04,1,South Boston,6.102398872375488,0.0,15.244193823644904,0.0,0.0,0.0,0.9378254098997711,1.7961990982541307,2.271614156503941,2.728580251977223,3.1969176184962005,3.5770843930575302,3.9528384381816606,4.375960817742263,5.048704186164769,5.549475418719196,6.170847728071227,6.735661996155605,7.4053998137486,8.13166326513126,8.902409811931012,10.03667185060409,11.61077247453013,13.875012639435612,16.495565807157785,20.838543603848542,colagnn,better than persistence
2026-09-27,2026-10-04,1,South End,16.76467514038086,1.6123684710085442,31.91698180975317,0.0,3.412877211866091,5.784030392950847,8.204518044638114,9.627251920446543,10.415241018456047,11.172651401540104,11.948909394642037,12.579026738595315,13.20183008895786,13.903145321683196,15.01820137823026,15.848217729210722,16.87812748296763,17.814293634896384,18.92436806276747,20.1281323778464,21.40562636056233,23.28563858409349,25.894672751816287,29.64759671638125,33.991100968268654,41.18948288172379,colagnn,better than persistence
2026-09-27,2026-10-04,1,West Roxbury,6.5387372970581055,0.0,16.001721716203477,0.0,0.0,0.0,1.192710781756201,2.0812427256469057,2.5733611020517877,3.046382326504093,3.5311743422840203,3.924697964671883,4.313653819992915,4.75164225733122,5.448021912245877,5.966387331343442,6.609591047159682,7.19424960131499,7.887518107836775,8.639298229931347,9.43712432451722,10.611237729642433,12.240643087975345,14.584435474034985,17.29705962803152,21.79262438767122,colagnn,better than persistence
2026-09-27,2026-10-11,2,Allston/Brighton,7.819065570831299,0.0,20.59550302920451,0.0,0.0,0.4111721602716738,1.9776013216366044,2.881423571498797,3.7368074841299768,4.24036333768732,4.95694046572719,5.437347837414352,5.947990928975012,6.578936595717904,7.219733507971557,7.722779480841735,8.323654532998038,9.105574595005288,9.966220659429853,10.956214723943646,12.007448654022888,13.166045196795045,15.44225782743019,19.255707190518727,24.51279017166185,28.83189925618284,gnn_st,better than persistence
2026-09-27,2026-10-11,2,Back Bay/Beacon Hill/Downtown/North End/West End,7.7968010902404785,0.0,20.57588520599319,0.0,0.0,0.387373123915566,1.9541267733322627,2.858136251272324,3.7136973579102097,4.217357523786237,4.934083091807915,5.414589980572478,5.925338852583359,6.556415220627799,7.197344874882663,7.700495054449009,8.301494578735836,9.083576616607562,9.944400965101138,10.93460010830804,11.98605180300654,13.144888350717457,15.421572502070005,19.235811826674105,24.493983820111318,28.8139876142858,gnn_st,better than persistence
2026-09-27,2026-10-11,2,Charlestown,9.552519798278809,0.0,23.70458855695569,0.0,0.0,1.3470229808163747,3.082108623387639,4.083244868710004,5.030727450303127,5.588500858312681,6.382231412698902,6.914363955784008,7.479987680429858,8.178866885828604,8.888658014389117,9.445866643166042,10.111437549077422,10.977546471644358,11.930857777734523,13.027443904918146,14.19186355698521,15.475205489374286,17.996496558427822,22.22053770996124,28.043647638813084,32.8277925884139,gnn_st,better than persistence
2026-09-27,2026-10-11,2,Dorchester,27.367233276367188,3.206796476918917,51.52767007581546,3.522331186751906,9.49827011534616,13.358794605884793,16.320935881750977,18.030077449334016,19.64762138736241,20.599853135414456,21.95491134082924,22.863368958960496,23.829002781449937,25.022130596217824,26.23388726549496,27.185154821442783,28.321418648451417,29.800041331957445,31.42753607874981,33.299629853359804,35.287529141550664,37.47845275690956,41.782805326531786,48.99409584667716,58.93531940991103,67.1028201241343,gnn_st,better than persistence
2026-09-27,2026-10-11,2,East Boston,4.517612457275391,0.0,14.237303143015138,0.0,0.0,0.0,0.0737112650248335,0.761295165636549,1.4120295409599437,1.795110282795644,2.3402472241155974,2.705717729580191,3.094190096540883,3.574182797184494,4.061669845101814,4.444362694570645,4.901479137770504,5.496325797369194,6.151063361213626,6.9042025769882205,7.703930096652045,8.58533385744239,10.316965446986025,13.218051792511895,17.217384208332597,20.50315181579661,gnn_st,better than persistence
2026-09-27,2026-10-11,2,Fenway,4.200991630554199,0.0,13.554771092935717,0.0,0.0,0.0,0.0,0.5860861080698849,1.2123226861840348,1.5809818227009842,2.1055963285293635,2.457308190423941,2.831155976867477,3.293078687222898,3.762213609764826,4.130499456660518,4.57040711798074,5.14285995086603,5.77294901192257,6.497735258378145,7.267355927470812,8.115578022423115,9.78201994144922,12.573890871785322,16.42266287738266,19.584733210541227,gnn_st,better than persistence
2026-09-27,2026-10-11,2,Hyde Park,12.043813705444336,0.0,27.94887724902308,0.0,0.2804918378364931,2.8219147369026683,4.771922744157941,5.897068181843105,6.961913959774555,7.588777893845763,8.480826619672692,9.078873594690789,9.714560251931772,10.500008539436568,11.297720393083532,11.92394958959543,12.6719637302692,13.645356220370097,14.716752717852472,15.949171266071357,17.257825772583946,18.70013327764554,21.5337327569137,26.28099932772082,32.825408842608724,38.20215839934323,gnn_st,better than persistence
2026-09-27,2026-10-11,2,Jamaica Plain,7.255787372589111,0.0,19.55104175252289,0.0,0.0,0.1268882409634928,1.634322928440172,2.504105644671201,3.3272742965406508,3.8118653520805217,4.501454926701614,4.963769312862366,5.455180688572536,6.062363833153792,6.679027208034659,7.163127585889728,7.741372628053337,8.493844206963786,9.322076828746312,10.274785977715254,11.286428591335303,12.401390353055485,14.591876817506964,18.261704978677336,23.32079697988418,27.477240829109583,gnn_st,better than persistence
2026-09-27,2026-10-11,2,Mattapan,11.988750457763672,0.0,27.87614043341041,0.0,0.2384998908496953,2.777098782949315,4.724939958309213,5.848835144194262,6.912497674781757,7.538665043115105,8.429722532175745,9.027104962609624,9.66208525037969,10.4466607545958,11.24348619778631,11.869019533875193,12.616202487757844,13.588513352610835,14.658719323646809,15.889768419120474,17.196968760155695,18.63767358569327,21.468124393926463,26.21011584351193,32.74725326760816,38.11802822711557,gnn_st,better than persistence
2026-09-27,2026-10-11,2,Roslindale,15.03644561767578,0.0,32.85939091874557,0.0,1.854666014544529,4.7025415475680745,6.887687551841047,8.148506506551037,9.3417546820234,10.04420780819624,11.043822528548688,11.713983857613044,12.426323578204736,13.306483649660008,14.200386065994886,14.902127915990231,15.740339915403316,16.831107082727492,18.03169588377604,19.41272327249068,20.87917938715291,22.49540479232669,25.670688461314327,30.99039511883672,38.323949775318326,44.34904442424346,gnn_st,better than persistence
2026-09-27,2026-10-11,2,Roxbury,26.07969665527344,2.534601953117985,49.62479135742889,2.842100310308467,8.665838067039015,12.428038870122109,15.314737378115376,16.980348823892385,18.55669553988576,19.484674900209107,20.805221131978907,21.69054124557402,22.63158134293838,23.79432138872792,24.97521583078329,25.902255556008416,27.009579882783942,28.45054352929797,30.036587616934742,31.86100104043355,33.79827052721162,35.93339351513674,40.12811854119819,47.15574472324866,56.84377529134609,64.80325795271506,gnn_st,better than persistence
2026-09-27,2026-10-11,2,South Boston,6.431735038757324,0.0,18.039170350148755,0.0,0.0,0.0,1.1247456203653776,1.9458710970448097,2.7229901855716627,3.180472329156905,3.831484998881544,4.267936670808276,4.731857593351108,5.305073799792224,5.887239895071706,6.344258810381298,6.890155764900676,7.600532704325223,8.38243247500541,9.281845327762293,10.236894799126295,11.289483556050548,13.357430192282408,16.82196143892564,21.598038559723083,25.52196332081245,gnn_st,better than persistence
2026-09-27,2026-10-11,2,South End,17.562061309814453,0.0,36.78517992320324,0.0,3.344719082358285,6.416324153389581,8.773135562398991,10.133004647277136,11.419994582152723,12.177632533493783,13.255777139361545,13.978586445068,14.746887683199525,15.696193264659051,16.66032079171648,17.417191588914612,18.32125365136825,19.49771165440124,20.792618895522445,22.282140007389778,23.86380113899799,25.60699745951652,29.031731899813657,34.76935552702912,42.67903536040963,49.17746236765798,gnn_st,better than persistence
2026-09-27,2026-10-11,2,West Roxbury,6.033566474914551,0.0,17.266001337634627,0.0,0.0,0.0,0.8980295229462616,1.6926269670405736,2.4446397337098627,2.8873420396736766,3.5173224971405497,3.939673761147259,4.388606828971585,4.943304187033666,5.506662290618651,5.948916333784249,6.477177040727714,7.164603891363177,7.921242891084481,8.791598487498646,9.715793254902906,10.734376114268926,12.735513770255654,16.08811669362388,20.709893487506697,24.50704833719996,gnn_st,better than persistence
2026-09-27,2026-10-11,2,Allston/Brighton,7.480995178222656,0.0,22.09883454012118,0.0,0.0,0.0,1.3348269028879995,2.478154113724229,3.392139154793705,3.80815897379525,4.287504197642953,4.7111600511996645,5.111485612725884,5.744708938163369,6.315698456919625,7.027117379044255,7.905958016815005,8.609420298508386,9.43641660326784,10.46205942021286,11.919846853640347,13.875520526566753,16.03948124236582,20.37221180800056,29.72563107967912,39.04354729644309,lstm,better than persistence
2026-09-27,2026-10-11,2,Back Bay/Beacon Hill/Downtown/North End/West End,5.2992377281188965,0.0,17.602214356710125,0.0,0.0,0.0,0.1263689631271924,1.0886403088100902,1.8578878234919955,2.2080272649984867,2.6114639795512997,2.9680302227445163,3.3049607297332777,3.837907602432006,4.318475936131112,4.91723544876131,5.656903983834435,6.24896685964682,6.94500106535213,7.808224370367175,9.03515841163598,10.681134051091894,12.502412658179264,16.149017437947748,24.021240948408494,31.8635836232653,lstm,better than persistence
2026-09-27,2026-10-11,2,Charlestown,10.09575080871582,0.0,27.07712409684809,0.0,0.0,0.0063218495638572,2.955818894620781,4.284008764342234,5.345774513569478,5.829059879267253,6.38590962829774,6.878065686169103,7.343119216226159,8.078727358974954,8.74203921523219,9.56848626952996,10.589425175840876,11.406629093862662,12.367341043922178,13.558818327509789,15.2523129657328,17.52419623435717,20.03804412843235,25.07132663143477,35.937084575579746,46.76159903541436,lstm,better than persistence
2026-09-27,2026-10-11,2,Dorchester,25.67234230041504,0.0,52.7515681857924,0.0,5.404752009041534,9.583306319427326,14.286700760863228,16.404689270425813,18.097826455083027,18.868494019052857,19.75647050260089,20.541283652622717,21.28287794982883,22.45591023188453,23.51365575595187,24.831543660887945,26.459576611467067,27.76272501501772,29.294717479056203,31.19469823750953,33.89521739258667,37.51805985487938,41.52674948263263,49.55303755316071,66.8800410170659,84.1412758526635,lstm,better than persistence
2026-09-27,2026-10-11,2,East Boston,5.275119304656982,0.0,17.550066732545055,0.0,0.0,0.0,0.1140356044672463,1.0741146598212854,1.841609639841837,2.190951377753796,2.593468964441491,2.9492228622083823,3.2853857587977657,3.817118447700983,4.296591928773486,4.893987320259746,5.631970708847655,6.22268472009856,6.917133189031629,7.778389859467227,9.00252864382135,10.644754346742095,12.461883634103396,16.10018055307178,23.95446920602479,31.77894509925204,lstm,better than persistence
2026-09-27,2026-10-11,2,Fenway,4.0601091384887695,0.0,14.82903411909084,0.0,0.0,0.0,0.0,0.374528884139758,1.047859333120103,1.354340072876257,1.707472476894917,2.0195786638350244,2.314497484131415,2.7809914931829685,3.2016380155564086,3.725738521278884,4.373178177971657,4.891417046978854,5.500663115751702,6.256251563478344,7.330199848145096,8.77093965577886,10.365123996739053,13.557035555440304,20.447675680503355,27.31216079554804,lstm,better than persistence
2026-09-27,2026-10-11,2,Hyde Park,9.238176345825195,0.0,25.482312526954576,0.0,0.0,0.0,2.4082207015659858,3.678747928785591,4.6944176941372495,5.15672148791982,5.689395907249651,6.16018527691844,6.605048760311818,7.308720874693172,7.943235406632145,8.733802710507884,9.710418108175285,10.49214356152102,11.411146723562783,12.550896667393625,14.17086915480914,16.344119844077902,18.7488303958765,23.563595670131875,33.95762262902529,44.31219666710047,lstm,better than persistence
2026-09-27,2026-10-11,2,Jamaica Plain,5.982615947723389,0.0,19.05482726514276,0.0,0.0,0.0,0.4863173157237321,1.5087539792407243,2.3260981367475058,2.698129792834636,3.126791095302188,3.50565138418935,3.863648226710108,4.429917216011871,4.94053273615971,5.576729252962591,6.362645026617855,6.99172620424379,7.731279443740906,8.648475159699114,9.95212236185085,11.70101143413351,13.636164164929806,17.510770263218685,25.87519883797112,34.20787829954975,lstm,better than persistence
2026-09-27,2026-10-11,2,Mattapan,11.18224048614502,0.0,29.054024681080307,0.0,0.0,0.5637767171333881,3.667929354169869,5.065762280800729,6.183201254303805,6.691827477505508,7.277875400415947,7.795837446668951,8.285275855874707,9.05945529096382,9.757547615290498,10.627329060662298,11.701800453535656,12.561854102809583,13.572940565231232,14.82689244086234,16.609184732308137,19.00019320989191,21.645853622598477,26.943054099821875,38.37855332578118,49.77064648330685,lstm,better than persistence
2026-09-27,2026-10-11,2,Roslindale,14.709704399108888,0.0,35.2074203385402,0.0,0.0,2.5310516313552918,6.091302711638708,7.694521615153842,8.976147803601599,9.559507345593431,10.231664289728656,10.82573138318144,11.387083812928765,12.275014753315968,13.075678973937029,14.073258891093344,15.305604198978424,16.2920269983587,17.451674119813795,18.889871284016778,20.93403882278144,23.676362255501346,26.71075406665728,32.78628124805174,45.90201788646348,58.96797072874744,lstm,better than persistence
2026-09-27,2026-10-11,2,Roxbury,24.638317108154297,0.0,51.16659253341367,0.0,4.783088611899348,8.876626591697262,13.48432637248835,15.559222559219863,17.217911391665005,17.97289905212635,18.84280887991932,19.611654322151363,20.33816023680932,21.48732615435861,22.52355092352552,23.814625250012863,25.409534450784456,26.68616916389295,28.18699190555709,30.048315898949408,32.69389063732331,36.24302321108434,40.17015255331727,48.03313879519577,65.0076092667875,81.91764923015602,lstm,better than persistence
2026-09-27,2026-10-11,2,South Boston,5.57842493057251,0.0,18.201329362316283,0.0,0.0,0.0,0.2710403821293239,1.25833472565695,2.047585827672412,2.4068303293362887,2.8207580515285056,3.1865964780564497,3.532288558782211,4.079094233893299,4.572159313372424,5.186489026717082,5.9453919744556005,6.552850910986059,7.266984858003796,8.15265550596199,9.411494859602437,11.100272609984088,12.968911923450442,16.710343369267015,24.787276947027625,32.83355266502341,lstm,better than persistence
2026-09-27,2026-10-11,2,South End,13.69024658203125,0.0,33.46491148944139,0.0,0.0,1.9411922865353404,5.375856534341418,6.922522352324107,8.158939545732574,8.72172124772882,9.370168049057243,9.943279596717508,10.484830481021634,11.341439912968209,12.113860933579415,13.076251506188523,14.265126187916731,15.216753206869148,16.335494109776477,17.72295928282007,19.695019399816594,22.340608162487264,25.267962675580524,31.129177383743308,43.78226018598404,56.38731530118127,lstm,better than persistence
2026-09-27,2026-10-11,2,West Roxbury,6.399868965148926,0.0,19.920253345902204,0.0,0.0,0.0,0.7151329727756046,1.772623274917815,2.617989595314494,3.0027761375427,3.4461338402132973,3.837983130893895,4.20825368424142,4.793936872215767,5.322058544635299,5.980066684192315,6.792927117113619,7.4435759722821135,8.20848435887682,9.157125589577433,10.505467567992191,12.314316271734576,14.315814573782788,18.32325925937085,26.974457339783672,35.59281780738297,lstm,better than persistence
2026-09-27,2026-10-11,2,Allston/Brighton,8.641092300415039,0.0,24.47100187207572,0.0,0.0,0.0,1.2024862668131604,2.5041573068807352,3.3056909042112625,3.985020099947379,4.6296128873787685,5.021505507848865,5.546826305499367,6.007651709184551,6.81220072074336,7.455769876899458,8.154898138613808,9.1218865313021,9.940453362583144,10.86656757291501,12.376783194335273,13.789961230736722,16.315117011534664,19.90429290277388,31.82433819336183,39.45768205245053,colagnn,not clearly better than persistence
2026-09-27,2026-10-11,2,Back Bay/Beacon Hill/Downtown/North End/West End,7.4405517578125,0.0,22.129702340881387,0.0,0.0,0.0,0.5379978511675478,1.7458658955562951,2.489638161296525,3.1200125046539418,3.718153667525188,4.08180512670878,4.569269459096407,4.996886162564729,5.7434565411728205,6.340647839240593,6.989394458209682,7.886698264524977,8.646276289437939,9.505651450812126,10.907035620160729,12.218375074338596,14.561559243643774,17.89208648998498,28.95313137074096,36.03638960989305,colagnn,not clearly better than persistence
2026-09-27,2026-10-11,2,Charlestown,11.186920166015623,0.0,29.19839938339974,0.0,0.0,0.4353874902030377,2.723176429893151,4.204234851605178,5.116230315950675,5.889180005610823,6.6226061532422005,7.068506728800753,7.666223638458947,8.190556840979418,9.105983283275778,9.838244729785036,10.63372205700219,11.73397416264512,12.66535026450568,13.719095188114018,15.437438376105224,17.045370924164505,19.91852636833222,24.00233788222259,37.56512211985729,46.250441113925255,colagnn,not clearly better than persistence
2026-09-27,2026-10-11,2,Dorchester,31.775409698486328,1.4197488948020691,62.13107050217059,0.0,6.514792379513644,13.655305564468687,17.511032470930935,20.00713545821572,21.544167738354624,22.846859111697817,24.08293945209333,24.83443834124392,25.84180100964144,26.725486388933263,28.26830107048653,29.50241848092088,30.84307682611216,32.697387586174585,34.26708303914155,36.04301288302611,38.9390239396104,41.6489543364976,46.4912291461776,53.37388412446431,76.2319333108869,90.86974257539516,colagnn,not clearly better than persistence
2026-09-27,2026-10-11,2,East Boston,5.734884262084961,0.0,18.63092631734196,0.0,0.0,0.0,0.0,0.7353502212411591,1.388330008212331,1.9417543874179164,2.4668802990726646,2.7861407276840096,3.2141001590587868,3.589517577531851,4.244953910987126,4.769245908088195,5.338799854323475,6.12656954578011,6.7934256786879725,7.547896685003262,8.77821351518959,9.929477412592052,11.986628465655794,14.910597363115494,24.62141754639616,30.840020563893905,colagnn,not clearly better than persistence
2026-09-27,2026-10-11,2,Fenway,4.944900035858154,0.0,16.91982691324334,0.0,0.0,0.0,0.0,0.3024636740988242,0.908803601332763,1.4226989844862032,1.9103171518697717,2.206774023759782,2.6041659425548365,2.9527687243578824,3.5613897363147142,4.048233552485755,4.577106429114857,5.308608731215989,5.927833869835341,6.628415885078525,7.770855868941,8.83988936998701,10.750105956643708,13.465226889779554,22.48244016467103,28.256872048108185,colagnn,not clearly better than persistence
2026-09-27,2026-10-11,2,Hyde Park,11.654680252075195,0.0,30.03886151769933,0.0,0.0,0.6806717761557888,3.015800726817373,4.527505910001519,5.458372815911855,6.247316746191883,6.995919294614995,7.451046655814878,8.061131806515833,8.59631475969704,9.530683638977012,10.278097385731426,11.09003510610142,12.21305414878513,13.16370272552994,14.239252237568325,15.993152195662311,17.6343568446335,20.56696498038913,24.735280653959183,38.57871243887168,47.443752162127886,colagnn,not clearly better than persistence
2026-09-27,2026-10-11,2,Jamaica Plain,7.503523349761963,0.0,22.254702282979075,0.0,0.0,0.0,0.5718218060077636,1.7847903537623455,2.531703370648734,3.164739616086405,3.765406568946584,4.130593630880967,4.620116394634189,5.0495388089543365,5.799261754390082,6.3989748314220325,7.050460933672427,7.951553813724335,8.714339333272726,9.577343405870671,10.984645245370244,12.30152213497482,14.65460094368025,17.999192114892125,29.10694482677754,36.22011376905462,colagnn,not clearly better than persistence
2026-09-27,2026-10-11,2,Mattapan,13.540247917175291,0.0,33.35585672607213,0.0,0.0,1.7117821355116352,4.228728696039838,5.858138138404897,6.8614841234207375,7.711856738262983,8.518746914037806,9.00931136275905,9.666898911083118,10.243752233415115,11.250872862150423,12.056481673883088,12.93163841932508,14.14209787428992,15.166765768896331,16.326059624696384,18.216521590740925,19.98551357517956,23.146460193813155,27.63932890447496,42.56063678645323,52.11592547150592,colagnn,not clearly better than persistence
2026-09-27,2026-10-11,2,Roslindale,17.16259002685547,0.0,39.47186857867829,0.0,0.0,3.845586218960353,6.679274674379657,8.513735047273752,9.643345814192076,10.600732474390972,11.509164704038522,12.061463603340066,12.801804408876414,13.451251093838774,14.585111519648912,15.49210113364844,16.477390851409023,17.840179015877318,18.99379492060898,20.29897861705176,22.427343331901127,24.418951831916743,27.97768370246507,33.03595168350841,49.83501231832999,60.59277398862554,colagnn,not clearly better than persistence
2026-09-27,2026-10-11,2,Roxbury,29.89554214477539,0.4515069138750718,59.33957737567571,0.0,5.393538676484866,12.319611646670616,16.05954534828932,18.48068665609602,19.97155957433433,21.235129191209595,22.43408820337551,23.1630184648919,24.14012853640088,24.997275531459607,26.493757197010805,27.69081222891728,28.99120861309422,30.78983166733816,32.312386834818945,34.034982868195286,36.84402241210781,39.47256957486798,44.169423681124655,50.84538230951364,73.01697033414308,87.21518444895723,colagnn,not clearly better than persistence
2026-09-27,2026-10-11,2,South Boston,6.937493801116943,0.0,21.12138580690818,0.0,0.0,0.0,0.2723650979737906,1.438686445281876,2.156875385786156,2.765566920319745,3.3431339900019776,3.694277032320143,4.164974191298871,4.577882283401767,5.2987730908733255,5.875422967984321,6.501854832137578,7.368294332038365,8.101745365466792,8.93156084134874,10.284741993945602,11.550975674089832,13.81356199718277,17.029530035450335,27.710111269377297,34.549728668974694,colagnn,not clearly better than persistence
2026-09-27,2026-10-11,2,South End,17.98250961303711,0.0,40.81846902743964,0.0,0.0,4.351115941022142,7.251702547204841,9.129471141354044,10.285749932149422,11.26573872315432,12.19561735991874,12.760955016166644,13.51877390075235,14.183552822453828,15.344181598738569,16.272583562363945,17.28113415058413,18.67609522661961,19.856945872195915,21.19294254510813,23.37155401990077,25.41018071820876,29.052927675435768,34.23061202116462,51.42626745061948,62.43800000494773,colagnn,not clearly better than persistence
2026-09-27,2026-10-11,2,West Roxbury,7.486194610595703,0.0,22.22033041130289,0.0,0.0,0.0,0.5625017764140958,1.7740688915249994,2.520118944333885,3.152423795985104,3.752396753706436,4.117161887907745,4.606119069657858,5.035045340371916,5.783902075211028,6.382922259187714,7.033655651161912,7.933707431690317,8.695611648480115,9.55761862838246,10.96329450755434,12.2786499114912,14.6290100334988,17.969736950146306,29.064656050412385,36.169606620354784,colagnn,not clearly better than persistence
2026-09-27,2026-10-18,3,Allston/Brighton,8.003039360046387,0.0,24.223904698394254,0.0,0.0,0.0,1.3758031159822934,2.4398882228745427,3.439253905724348,4.051201779158817,4.564650105151026,5.206844367802411,5.708185019928005,6.293129601221038,6.831624444969956,7.803166750447384,8.427293982002203,9.183476677984318,10.183934900959684,11.234708184485108,12.196724920924751,14.095832872365314,17.054669173309946,23.46281432101529,31.727731480542342,41.12698365906338,gnn_st,better than persistence
2026-09-27,2026-10-18,3,Back Bay/Beacon Hill/Downtown/North End/West End,7.970426559448242,0.0,24.14372461585305,0.0,0.0,0.0,1.3626245199317593,2.4235892238593584,3.4200242918369748,4.030177643436577,4.5421202950534525,5.182431339090012,5.682301822291092,6.265531068228146,6.802446789314789,7.7711400712783485,8.3934370653352,9.147402274472444,10.144926678729025,11.19261859587891,12.151814242297668,14.04535310716472,16.99551269465328,23.38486611697192,31.62554661362292,40.99723572019288,gnn_st,better than persistence
2026-09-27,2026-10-18,3,Charlestown,8.996557235717773,0.0,26.244731623573383,0.0,0.0,0.0,1.949601104659897,3.081077453446776,4.143735530897255,4.7944396343535605,5.340405961127108,6.023272035288082,6.556363878122175,7.178354501613845,7.75095360642143,8.784026180573061,9.4476809921704,10.251754679814166,11.31557449076149,12.432895944229156,13.455839670598614,15.47522300462895,18.621450005426468,25.435439438469267,34.223795022168495,44.21832597405882,gnn_st,better than persistence
2026-09-27,2026-10-18,3,Dorchester,27.953466415405277,0.0,58.57709231710584,2.7239013078177905,8.077556004696344,10.90739252022448,15.441803241640164,17.450706192335534,19.337424328034395,20.49273030934323,21.46207745125356,22.674486064816307,23.620974939470425,24.72530098232315,25.741933837660152,27.576123783142236,28.75442336553341,30.18203252892064,32.070813288245915,34.054584638971,35.87079111337252,39.45614677959397,45.04218020595424,57.14021786509147,72.74368450651302,90.48868000871288,gnn_st,better than persistence
2026-09-27,2026-10-18,3,East Boston,4.870573043823242,0.0,17.541524723350328,0.0,0.0,0.0,0.0,0.5249097407463292,1.305565643710457,1.7835895821958054,2.1846704612288583,2.686321409016951,3.0779443616499464,3.5348746406556493,3.9555206421168743,4.71444227487452,5.2019801360151385,5.792673308162501,6.574182650376025,7.394995672614255,8.146476393775622,9.629967230113454,11.941266351022046,16.94699790900566,23.40314952479411,30.74538852952653,gnn_st,better than persistence
2026-09-27,2026-10-18,3,Fenway,4.352045059204102,0.0,16.305300596167232,0.0,0.0,0.0,0.0,0.2525247348380386,0.9889634594561704,1.4399116150499718,1.8182748476884545,2.291511753718122,2.6609527669393893,3.092002030299446,3.488822196080037,4.204757702608619,4.664680902187561,5.22191658654622,5.959160410709464,6.7334817127733935,7.442397768830709,8.841862110734906,11.022246797957528,15.74444841117147,21.83491675172922,28.761283551693214,gnn_st,better than persistence
2026-09-27,2026-10-18,3,Hyde Park,13.190125465393066,0.0,34.020404142635826,0.0,0.0,1.5953368296759862,4.679656082639465,6.046117664714762,7.329468783167159,8.115311244324314,8.774663966493625,9.59934780283187,10.24315226567506,10.994318025634325,11.685834626479906,12.933455918420613,13.734938693362816,14.706002564473192,15.990756685466254,17.340123680745517,18.57551256378093,21.014281830495257,24.8139178809414,33.043037995474016,43.6565610157452,55.72675814471145,gnn_st,better than persistence
2026-09-27,2026-10-18,3,Jamaica Plain,8.178749084472656,0.0,24.554978690017517,0.0,0.0,0.0,1.4880368370558816,2.5623138048272605,3.571251462645055,4.189060603708333,4.707426763690735,5.355771995413978,5.86191451361816,6.452461723644483,6.996114298195259,7.97696208492741,8.607067238618045,9.3704926906417,10.380533352989538,11.441370996077776,12.412601977390954,14.329899680675766,17.317075865101543,23.78659855057681,32.13067750395083,41.61995619440298,gnn_st,better than persistence
2026-09-27,2026-10-18,3,Mattapan,13.437097549438477,0.0,34.535056902787744,0.0,0.0,1.6933094255526877,4.817263897792591,6.201285271833759,7.501128166531314,8.297069140750878,8.96489491242652,9.80017639511917,10.452254103681462,11.213072761790071,11.913475735886893,13.177129655913191,13.988911930656071,14.972454513049623,16.273718439651468,17.64042555194063,18.89168986979807,21.36179867912232,25.210262167871203,33.54513105658735,44.2950437556506,56.52034963655832,gnn_st,better than persistence
2026-09-27,2026-10-18,3,Roslindale,13.768566131591797,0.0,35.18798079172056,0.0,0.0,1.845845867829748,5.017397916992637,6.422506686640677,7.742154406510284,8.55022259387691,9.22822357419306,10.076231674695956,10.738244649334904,11.510655385665386,12.22172992515565,13.504637283475294,14.32878813452431,15.327316288615052,16.64840669168892,18.03593739391399,19.30626637809402,21.814010561142407,25.72111047963724,34.18297211635884,45.0966739490845,57.508248529566565,gnn_st,better than persistence
2026-09-27,2026-10-18,3,Roxbury,26.148765563964844,0.0,55.84069202249579,1.6867898932913512,6.877563907261383,9.621304899214294,14.017759783597278,15.965543461005002,17.794859699159424,18.91501641555328,19.854871942223305,21.030393988735625,21.94808669273666,23.01881449472443,24.004517104627208,25.78290328094236,26.9253540364074,28.30952932730476,30.14084543540351,32.06426212176654,33.8252119597948,37.30148603363701,42.71756883920624,54.447533332003054,69.57627692044605,86.7813950586291,gnn_st,better than persistence
2026-09-27,2026-10-18,3,South Boston,7.513556480407715,0.0,23.256276572325824,0.0,0.0,0.0,1.0816724226153926,2.114391309207765,3.084298517387296,3.67820789776716,4.176521218860456,4.799785410423383,5.286347957641767,5.854050026581967,6.376671564906371,7.319575550209153,7.925305275668549,8.659197843844627,9.630165387155923,10.649964845295765,11.58362404840289,13.426751667074672,16.29836983983992,22.517620987324243,30.53891175765853,39.66110055790656,gnn_st,better than persistence
2026-09-27,2026-10-18,3,South End,19.35236358642578,0.0,44.61945757635665,0.0,2.9530482964966467,5.287903922133623,9.02917813488444,10.68669380056042,12.243396609699786,13.19662223068148,13.996416005009127,14.9967561506021,15.777689911779657,16.688852750884834,17.5276612574773,19.041023845455765,20.013221141495777,21.1911200300199,22.749524678947985,24.386304638780224,25.884829334749547,28.84305246928431,33.45200478824869,43.43391403728275,56.3081001138458,70.94922950342885,gnn_st,better than persistence
2026-09-27,2026-10-18,3,West Roxbury,6.505016326904297,0.0,21.149269399675163,0.0,0.0,0.0,0.5219246294672164,1.4825843274093031,2.38481510650938,2.9372837534645044,3.4008266698738137,3.9806018611464538,4.433213927904599,4.961303909747309,5.447458908617704,6.324570646835477,6.8880348602328345,7.570719201556645,8.473936329643482,9.42257806761996,10.291090089315723,12.005611286138608,14.676858885334054,20.46215438669008,27.9237500528266,36.409427279407566,gnn_st,better than persistence
2026-09-27,2026-10-18,3,Allston/Brighton,7.831210136413574,0.0,27.85473792715848,0.0,0.0,0.0,0.0381859519173577,1.537386651428342,2.697454824040753,3.559243790120714,4.17424847333842,4.695493835871083,5.173537601162796,5.730372857094196,6.567010289526252,7.0354866579939,7.854972106553651,8.963812674401638,10.067010183465742,11.148134628106478,12.93870190689411,14.804676978600094,17.736393218679087,25.67843383788795,39.463090265973634,52.59417679938571,lstm,better than persistence
2026-09-27,2026-10-18,3,Back Bay/Beacon Hill/Downtown/North End/West End,5.594773292541504,0.0,22.519333906126377,0.0,0.0,0.0,0.0,0.2750215397024576,1.2555502611370644,1.983963343235437,2.5037860312019213,2.944360181018401,3.348418884668291,3.8190748119993376,4.526228970086063,4.922200987455929,5.614857710638889,6.552087133818717,7.484546853506139,8.39834967513519,9.91179749308414,11.48898251934726,13.966967903620157,20.67984833408466,32.33110458086911,43.42994152306275,lstm,better than persistence
2026-09-27,2026-10-18,3,Charlestown,10.82995319366455,0.0,34.37716259230776,0.0,0.0,0.0,1.6655355026999883,3.428561137887735,4.79277470018677,5.806218757287667,6.529450158278211,7.142422748717616,7.7045912517245,8.359416740469008,9.343283170905238,9.89420063469613,10.857896725516682,12.161867799629574,13.459202766048476,14.730580314999369,16.836246364288606,19.030590248407663,22.478221301435752,31.81787890160552,48.02831867988055,63.4701752530701,lstm,better than persistence
2026-09-27,2026-10-18,3,Dorchester,28.50820541381836,0.0,66.71240416674848,0.0,3.9899652135782375,9.401342695209385,13.639384697396096,16.4998078003182,18.71317776671933,20.35744131943948,21.53084899251156,22.525367123250007,23.43745810005806,24.499880516954786,26.09615581303668,26.989992527477256,28.55354243132495,30.6691718989234,32.774034605459214,34.83678266820552,38.25312313099423,41.813339055603606,47.40695228368524,62.56009120560606,88.86073909457878,113.91439822033348,lstm,better than persistence
2026-09-27,2026-10-18,3,East Boston,5.646793365478516,0.0,22.649854015347167,0.0,0.0,0.0,0.0,0.3023673705629361,1.287444011554646,2.019235642418912,2.5414693885391744,2.984087023414789,3.390019845017959,3.862858783667066,4.573292886700987,4.971101514098173,5.666970939763845,6.60854745031602,7.545332134385078,8.463373385376752,9.983840925215985,11.568341301319766,14.05782015635491,20.80183648271601,32.50713395745352,43.65744987878063,lstm,better than persistence
2026-09-27,2026-10-18,3,Fenway,4.220847129821777,0.0,18.921139339649905,0.0,0.0,0.0,0.0,0.0,0.4518957235406153,1.0845789228735834,1.536085203294947,1.9187579881470564,2.269714278782456,2.6785154181455955,3.292733594830536,3.6366659718743386,4.238292003082412,5.052348373759077,5.862261887395404,6.6559704395294,7.970517131531459,9.340424527320703,11.49274682815821,17.323403596775073,27.44342238779985,37.08362221127538,lstm,better than persistence
2026-09-27,2026-10-18,3,Hyde Park,10.051548957824709,0.0,32.73675103218318,0.0,0.0,0.0,1.2226187991055273,2.9211042595020658,4.2353772083431815,5.211721489195257,5.908477108947685,6.499010230930374,7.0405990822736495,7.671452967510072,8.61930238825331,9.15005207416342,10.078469543445072,11.3347053382936,12.584547957565489,13.809383398677902,15.837966022655198,17.951980196867357,21.27340167793177,30.27115662962371,45.88817076742541,60.764737703049214,lstm,better than persistence
2026-09-27,2026-10-18,3,Jamaica Plain,6.468377590179443,0.0,24.666385018482828,0.0,0.0,0.0,0.0,0.7483542391927642,1.802660425553028,2.58588115320132,3.1448166170515086,3.618540681984885,4.053001786079324,4.559071057672142,5.319433286011969,5.745199241065071,6.489973210773338,7.497722149990164,8.500342501140958,9.482902161960876,11.110225627674811,12.806082050718794,15.470517332662208,22.688491892122865,35.2164181744666,47.15035972432562,lstm,better than persistence
2026-09-27,2026-10-18,3,Mattapan,12.326827049255373,0.0,37.44868799623344,0.0,0.0,0.0,2.5495654215695343,4.43048829881274,5.885929698846865,6.967144897175079,7.738740307084649,8.392703667270123,8.992465563561897,9.691080613620626,10.740740267016449,11.328498743373908,12.356639224009172,13.747809593634084,15.131900085049432,16.488297331752236,18.734773710140622,21.0758579971758,24.75403940900992,34.71825960817165,52.01272567864591,68.48721176433892,lstm,better than persistence
2026-09-27,2026-10-18,3,Roslindale,16.698862075805664,0.0,45.93833871683135,0.0,0.0,2.075478144708214,5.319051735349742,7.508268555266071,9.202265067248144,10.460697577569109,11.35876185759958,12.119913526840469,12.817979804406985,13.63110182909992,14.852806661447785,15.536902090376833,16.733560635326064,18.35275172997416,19.963702514162502,21.54242097354037,24.15710758967677,26.88190888803248,31.16296512426309,42.760377607929925,62.88950489487448,82.06425282028518,lstm,better than persistence
2026-09-27,2026-10-18,3,Roxbury,26.85997009277344,0.0,63.94331653389937,0.0,3.061057272948595,8.313673279183888,12.427377660618644,15.203880358132364,17.352313460924265,18.948336855116285,20.087318555494697,21.05265905701029,21.93799069025659,22.969243270827405,24.51868630987232,25.38629923267587,26.90397699205896,28.9575371516472,31.00064643034885,33.002876644003464,36.31898694281489,39.77475161913537,45.20425685587867,59.91282603556867,85.44185344955255,109.76047682879516,lstm,better than persistence
2026-09-27,2026-10-18,3,South Boston,6.026291847229004,0.0,23.59141650193568,0.0,0.0,0.0,0.0,0.5051971018972532,1.5228370638880246,2.2788192650984413,2.818316302625488,3.2755653880142224,3.694916983572494,4.183386387405087,4.91730505273914,5.328263895552142,6.047136424264265,7.019838287791433,7.98758992316657,8.935978530599794,10.50670761406734,12.143586244027857,14.715358898046269,21.682309724444963,33.7745449695022,45.29345283736212,lstm,better than persistence
2026-09-27,2026-10-18,3,South End,15.064458847045898,0.0,42.83618816853205,0.0,0.0,1.1751315760923138,4.255886026643161,6.335209733260237,7.944171931177933,9.139434331906257,9.992418070449215,10.715361862852667,11.378386989705785,12.150692357970364,13.311070716696223,13.960826295960828,15.097415627178345,16.635327449349397,18.165412603676057,19.664883413873763,22.148319415664844,24.736342622844735,28.802500730334245,39.81775262010684,58.93644894131279,77.14867331625473,lstm,better than persistence
2026-09-27,2026-10-18,3,West Roxbury,6.757485389709473,0.0,25.357732489469253,0.0,0.0,0.0,0.0,0.9110294981004988,1.988639542077416,2.7891721896932262,3.3604620840067616,3.8446571091807313,4.288721324630084,4.805976498764246,5.583145394214208,6.018322267388573,6.7795583491200935,7.809582067804843,8.834363838673225,9.838641507726274,11.50193451894023,13.2352753057603,15.958603935046725,23.33612100084038,36.140958311586175,48.338681747847176,lstm,better than persistence
2026-09-27,2026-10-18,3,Allston/Brighton,9.185232162475586,0.0,29.556595451297547,0.0,0.0,0.0,0.6881537316408508,2.310343793293208,3.191161977162458,4.003752948612854,4.624876859864608,5.129230327129634,5.673507158743959,6.180756280188403,6.995372749495399,7.734086516379373,8.56537761203074,9.50968244720715,10.329012957478454,11.295328817613523,12.755643405761834,15.150549695930565,17.48079542238606,25.012141563308177,37.79275618479237,49.892324009389945,colagnn,not clearly better than persistence
2026-09-27,2026-10-18,3,Back Bay/Beacon Hill/Downtown/North End/West End,7.723407745361328,0.0,26.40352106632627,0.0,0.0,0.0,0.0,1.419279151484722,2.226970971446156,2.9720998670962304,3.541657480106365,4.004139042521087,4.503229493581385,4.968366310209726,5.715352544956661,6.392737591873052,7.15501410961585,8.020921858672073,8.772230770216062,9.65832216799078,10.997400049235818,13.193478939939784,15.330265448468056,22.2363520651175,33.955907897294324,45.05095808582073,colagnn,not clearly better than persistence
2026-09-27,2026-10-18,3,Charlestown,12.056740760803224,0.0,35.396156836877694,0.0,0.0,0.0,2.321660878490732,4.180199664854238,5.189350686768273,6.120333975095809,6.831953968022741,7.409790377644297,8.03336687831888,8.614520831138094,9.547824726906878,10.3941671008554,11.346575071135383,12.428462578532814,13.367167338343233,14.474272817777564,16.147351309949784,18.891188999012385,21.56094525430836,30.18958825201929,44.83230401579233,58.69474629789139,colagnn,not clearly better than persistence
2026-09-27,2026-10-18,3,Dorchester,33.95686721801758,0.0,73.1255379410969,0.0,3.5787665899281045,11.900558389384264,17.619263178126563,20.738299811770887,22.431877061448937,23.994271671079808,25.188526449865307,26.15826296711582,27.204761411891003,28.18006549590047,29.746354594941344,31.166703144199243,32.765053079790576,34.580698141283925,36.1560510774224,38.01401743949146,40.8218109309892,45.42657373268754,49.90701160370035,64.38777133062442,88.96146719231342,112.22569262946304,colagnn,not clearly better than persistence
2026-09-27,2026-10-18,3,East Boston,6.298770427703857,0.0,23.168297779307604,0.0,0.0,0.0,0.0,0.605674892620927,1.3350804917408254,2.0079871315272,2.522339885490702,2.93999502669434,3.390710708683096,3.810763741313434,4.485347696015268,5.0970766175790665,5.785468831512548,6.567447730980757,7.245935383331908,8.046141614094175,9.255428225767892,11.23865029067004,13.168326938279025,19.40503519964488,29.98866305364023,40.00831600792403,colagnn,not clearly better than persistence
2026-09-27,2026-10-18,3,Fenway,5.183066368103027,0.0,20.485778543291254,0.0,0.0,0.0,0.0,0.0187365950497824,0.6803961489697326,1.2908042780655968,1.7573847569591323,2.1362487453280345,2.545102663435105,2.926141830845206,3.5380714884844275,4.092983989636345,4.717439417100541,5.426789345893587,6.042260131882252,6.768144466097644,7.86511443864357,9.66413795638278,11.41458927099742,17.072041875040128,26.672679014621803,35.76172235643794,colagnn,not clearly better than persistence
2026-09-27,2026-10-18,3,Hyde Park,12.322847366333008,0.0,35.91842205833201,0.0,0.0,0.0,2.480921426671024,4.359858355027678,5.380085177989595,6.321286347938914,7.040716630200343,7.624895005466499,8.255315485991101,8.842847815703205,9.78639506260802,10.642026353228763,11.60488734884011,12.69864896677988,13.647656354181796,14.766912720612185,16.458353860311277,19.23230617017077,21.93136397547053,30.65470948160739,45.45813439899416,59.47272204825843,colagnn,not clearly better than persistence
2026-09-27,2026-10-18,3,Jamaica Plain,7.842478275299072,0.0,26.66603499509388,0.0,0.0,0.0,0.0,1.4899406800085773,2.303834713943324,3.054685406861,3.628616616456757,4.094649545293568,4.59757248009706,5.0662810526752535,5.81900334707826,6.501589990568327,7.269719981075153,8.14227698051137,8.899355145270867,9.792250782376833,11.141611357269566,13.354553797715898,15.507748553565296,22.46686656889442,34.27641612286827,45.45666449418321,colagnn,not clearly better than persistence
2026-09-27,2026-10-18,3,Mattapan,14.544652938842772,0.0,40.17926244370459,0.0,0.0,0.1095226803247566,3.8522272813928993,5.893534393909206,7.001925122018182,8.024461117522083,8.806061675782605,9.440722400372223,10.12562128726373,10.763925801574144,11.789010612582963,12.718582123407034,13.764649699727984,14.952929804505397,15.98394659942696,17.19992460648108,19.03753329720508,22.051199426408104,24.983498968718894,34.460680963427265,50.543358416518856,65.76903045248625,colagnn,not clearly better than persistence
2026-09-27,2026-10-18,3,Roslindale,18.32100486755371,0.0,47.09165460881131,0.0,0.0,2.1199358963846926,6.320508686147781,8.61154151570604,9.855528532899838,11.003157677353602,11.880376263227516,12.592678957295766,13.36136575859834,14.077758009707352,15.228247782021793,16.271539521741822,17.445579010750162,18.779228765881868,19.936376218368576,21.30111233137203,23.36352705207546,26.745873587291747,30.03689945808855,40.67348370768261,58.72365450575006,75.81197711659374,colagnn,not clearly better than persistence
2026-09-27,2026-10-18,3,Roxbury,31.822643280029297,0.0,69.74044490238808,0.0,2.414680946468824,10.470712585255663,16.006787966761905,19.026216763913016,20.6657088630818,22.1782076987627,23.334323414526835,24.273090960329608,25.28616900700713,26.230326316822524,27.74659526964405,29.12158434972106,30.66889026187068,32.42655188243097,33.95159521463939,35.75022658602364,38.46835193063558,42.92605956302489,47.263412637257865,61.28172279510083,85.07064663679431,107.5919185803912,colagnn,not clearly better than persistence
2026-09-27,2026-10-18,3,South Boston,7.383379936218262,0.0,25.647663169659715,0.0,0.0,0.0,0.0,1.2195848777923723,2.009297012383824,2.7378389094129254,3.2947178417320897,3.746904298048012,4.234884708051246,4.68966731109182,5.420025201779137,6.082331267186877,6.827639070359066,7.674271213914909,8.408855556122699,9.275222048745103,10.584491284668172,12.731684193706007,14.820904603164468,21.57325775187916,33.0319295174716,43.87999749493216,colagnn,not clearly better than persistence
2026-09-27,2026-10-18,3,South End,18.85703659057617,0.0,48.04553454731362,0.0,0.0,2.4206726983904296,6.682252168919533,9.006558629349739,10.268612591846797,11.43290923579589,12.322868035185648,13.04551580009083,13.825366562272832,14.552163278571252,15.719362096479475,16.777805999796346,17.968896556813117,19.32191546680468,20.4958686571672,21.880425405246605,23.972793440121787,27.404263212963397,30.74308603306713,41.53414985776514,59.846470858379575,77.18297434705187,colagnn,not clearly better than persistence
2026-09-27,2026-10-18,3,West Roxbury,8.078216552734375,0.0,27.182588741202974,0.0,0.0,0.0,0.1096114792413862,1.6309098950055665,2.4569458444131653,3.218997953321156,3.801491240956057,4.274476588896062,4.784902278983582,5.260603186721345,6.024554818227349,6.717324494130232,7.496913678374856,8.382487745009835,9.15086022905364,10.057076351259376,11.426567092192938,13.672522872137886,15.857839633594969,22.92077586012197,34.90650381875077,46.25354249080514,colagnn,not clearly better than persistence
2026-09-27,2026-10-25,4,Allston/Brighton,9.2698392868042,0.0,28.38511620952826,0.0,0.0,0.0,1.5535321839748375,2.9123675129131428,3.8257593830446615,4.551777953081642,5.120621647477623,5.829279342925243,6.449162409879815,7.015960597096226,7.704634673528071,8.305131882813996,9.17200446375328,10.069926979523398,10.956939406244432,11.976260639443511,13.296847237168455,15.556835775008611,18.36799027648189,27.676651214340502,38.18888436701829,50.89569589974548,gnn_st,better than persistence
2026-09-27,2026-10-25,4,Back Bay/Beacon Hill/Downtown/North End/West End,8.110483169555664,0.0,25.99575195901948,0.0,0.0,0.0,0.8906962340031344,2.162094770206904,3.0167127374722837,3.696014288987713,4.228254675281519,4.891312470051697,5.471308005315946,6.00163450640342,6.645994565382047,7.207851662133494,8.018943710603063,8.859087727955416,9.689023686279972,10.64275479424528,11.878365785158838,13.992931146873634,16.623196670664733,25.332874464851667,35.16867837568308,47.0578464289962,gnn_st,better than persistence
2026-09-27,2026-10-25,4,Charlestown,10.44509506225586,0.0,30.77897355256801,0.0,0.0,0.1991815141182158,2.236872306333307,3.6823335768487286,4.653954305984707,5.426256661034154,6.031364220217753,6.785198942503486,7.444599641358756,8.047531291995043,8.780108436767973,9.41888742682675,10.341023255601902,11.296188456880245,12.239748049412274,13.324051153272908,14.728825330630055,17.132888452692907,20.12325444537693,30.02534381521057,41.20773329627908,54.72460583494545,gnn_st,better than persistence
2026-09-27,2026-10-25,4,Dorchester,32.719322204589844,0.0,68.95654901895472,2.3122290768851066,10.363012465829826,14.45996783001091,18.09135883346465,20.667331141748235,22.39886704897881,23.77519550606725,24.853564292409207,26.196981379563866,27.37210656275769,28.446597638726104,29.752131364955677,30.890506375804648,32.5338547019441,34.23606503335739,35.91759288274152,37.849941279966274,40.35340467540787,44.63771180706244,49.96687568430713,67.6134972376783,87.54175559454364,111.63032169067132,gnn_st,better than persistence
2026-09-27,2026-10-25,4,East Boston,6.23831033706665,0.0,21.9146050641988,0.0,0.0,0.0,0.0,1.02459558682607,1.773661384587351,2.3690637492656657,2.835568181457344,3.4167330235570543,3.925094461020009,4.389921388169881,4.954697814727799,5.447161056230502,6.1580767350674135,6.894456231751912,7.6218884465255,8.457826117627544,9.54082924660794,11.394228835970203,13.699635483582572,21.333598254131783,29.95460153898623,40.37536203512904,gnn_st,better than persistence
2026-09-27,2026-10-25,4,Fenway,4.83992862701416,0.0,18.644112257155555,0.0,0.0,0.0,0.0,0.2488516499443172,0.9084617174597258,1.4327593093909723,1.8435523544530223,2.355312712329005,2.802964070980454,3.2122799437871574,3.709609040865624,4.143260814778249,4.769276767337893,5.417715570680265,6.058275603902612,6.79438303975435,7.748050620307556,9.38011155797952,11.410199487540398,18.13249105864324,25.72394774478288,34.90022912749423,gnn_st,better than persistence
2026-09-27,2026-10-25,4,Hyde Park,13.555746078491213,0.0,36.716097433939936,0.0,0.0,1.885618422054268,4.206554623377052,5.8529395426033775,6.959618599515608,7.839273403399071,8.528492810567613,9.387112922829663,10.138172386315324,10.824913426826122,11.659321091649932,12.38689236415894,13.437207964404893,14.5251441234925,15.59986145782975,16.83488609285846,18.43492828540692,21.17316371915264,24.57919996083394,35.857710800153924,48.59448748043224,63.99024768286883,gnn_st,better than persistence
2026-09-27,2026-10-25,4,Jamaica Plain,8.481998443603516,0.0,26.75416354928676,0.0,0.0,0.0,1.106032196342796,2.4049337807754965,3.278038948160825,3.972035233704423,4.51578910896081,5.193190250831719,5.785732320266573,6.327530908918375,6.985829843296216,7.559841101303708,8.38847879190825,9.246796907130404,10.094686141346624,11.069048476981994,12.331388355579158,14.491696253147516,17.1788600016068,26.07694660830284,36.12551982917108,48.2718758161344,gnn_st,better than persistence
2026-09-27,2026-10-25,4,Mattapan,14.118575096130373,0.0,37.82085880033691,0.0,0.0,2.1753764661968003,4.550620583129161,6.235529496769149,7.368103894016638,8.268341865514806,8.973688415419828,9.852399501561658,10.621033112039171,11.32384330363324,12.177775391842498,12.92237120782877,13.997263291887188,15.11065622358348,16.210521021372795,17.474444173136547,19.11192598005922,21.91423377338564,25.399968340540504,36.94238665586711,49.97719298155161,65.73320076224678,gnn_st,better than persistence
2026-09-27,2026-10-25,4,Roslindale,15.942699432373049,0.0,41.094040783065545,0.0,0.4257510615207458,3.2693440161069223,5.78980053927256,7.577717676736528,8.779532895291648,9.734807619051155,10.48327608177764,11.415707857213212,12.231332484442872,12.97710952660995,13.883247420700256,14.673364684077898,15.813971136126758,16.995432215236693,18.16253810739593,19.50373218927301,21.24132272676842,24.214951798094997,27.9137894734225,40.16186255718795,53.99356195918578,70.7128255947865,gnn_st,better than persistence
2026-09-27,2026-10-25,4,Roxbury,30.61603546142578,0.0,65.74190242627236,1.1414977584451762,8.945371596019502,12.91667739765695,16.436697236318892,18.933667025685597,20.612098441914327,21.946216268625516,22.991512552530857,24.29372836842188,25.43281362633528,26.47435112540295,27.739845425520905,28.843307602470265,30.436256063360634,32.08626129013225,33.71621834611032,35.589303532191515,38.0159881852452,42.16889986123983,47.33462356148054,64.44004071269016,83.75711912683792,107.106912763118,gnn_st,better than persistence
2026-09-27,2026-10-25,4,South Boston,7.8626389503479,0.0,25.486470854570968,0.0,0.0,0.0,0.7483868340229467,2.001200775434349,2.843326413841676,3.5126983140972934,4.037158707234164,4.690524292922115,5.26204177689298,5.784616260930164,6.41955742390136,6.973201606938497,7.772437564158246,8.600300824780813,9.418105242089812,10.357895240577886,11.575444759078795,13.65910058354748,16.2509183527093,24.833282933951725,34.52531254826257,46.2406913731022,gnn_st,better than persistence
2026-09-27,2026-10-25,4,South End,19.85308265686035,0.0,47.912745853391705,0.0,2.541864974544037,5.714270750489687,8.526174901262983,10.520834032998083,11.86161859740438,12.927354481431628,13.762370502426169,14.802622042400024,15.7125596881006,16.544573071845534,17.555490293446844,18.436971085545085,19.70946913795613,21.027545955307367,22.329607654206534,23.825887860256685,25.764400982709244,29.081879325093578,33.20842422547016,46.87277718163952,62.30387571607365,80.95643583076722,gnn_st,better than persistence
2026-09-27,2026-10-25,4,West Roxbury,7.4888739585876465,0.0,24.6840033921646,0.0,0.0,0.0,0.5476771389565442,1.770016185074928,2.591656985466229,3.244746309436498,3.756449121389225,4.393921486899988,4.951536718583878,5.461399496471069,6.080895616232596,6.621072317826608,7.4008667352409745,8.208592092420364,9.00650328922482,9.92343274884542,11.111365184662386,13.144335754937748,15.67310715103254,24.046704369991925,33.5029738463367,44.93337424684397,gnn_st,better than persistence
2026-09-27,2026-10-25,4,Allston/Brighton,9.50278377532959,0.0,33.4115765898609,0.0,0.0,0.0,0.4815900078557202,1.990872893300888,3.0519164561854666,3.8846318125023247,4.61714168093415,5.177060670442966,5.594584152745802,6.055689403222401,6.784102399098288,7.748174450165925,8.723943711104189,9.656180911312994,10.811212440067123,12.573724287623463,14.597445857036284,16.915009277590954,20.784858455173826,32.72365166949572,49.35327314433891,61.11318862470954,lstm,better than persistence
2026-09-27,2026-10-25,4,Back Bay/Beacon Hill/Downtown/North End/West End,6.889868259429932,0.0,27.247988906467363,0.0,0.0,0.0,0.0,0.493544145015143,1.3970131337061202,2.106062721447578,2.7297882433659018,3.2065541942615794,3.5620716598078195,3.954698606429718,4.574935678453631,5.39583430266786,6.226692995197841,7.020484532091014,8.003983422893109,9.504746305934898,11.227926902534408,13.20131117537552,16.496452718247063,26.662227064222183,40.82219921027128,50.83566078507901,lstm,better than persistence
2026-09-27,2026-10-25,4,Charlestown,12.430505752563477,0.0,39.77542368252675,0.0,0.0,0.0,2.1128035952241344,3.838997676027427,5.052532352255847,6.004923936981325,6.84270869635999,7.483098152001633,7.9606272956087665,8.488001694189624,9.321100786471636,10.423727394160224,11.539732311929251,12.605948826025896,13.926979235436836,15.94279585135245,18.25736274136525,20.90800186079561,25.33401822152227,38.98863153307412,58.00822980235864,71.45825742059091,lstm,better than persistence
2026-09-27,2026-10-25,4,Dorchester,34.39604187011719,0.0,79.88295436282606,1.2793540539068573,7.529679338358786,12.705478146316024,17.233056910397522,20.104495007232828,22.123149653257,23.707405740042717,25.101019066481893,26.166275111668497,26.96062111861609,27.837882230921597,29.223701182927424,31.057865766800816,32.91428450486432,34.68788270688534,36.88535116471675,40.23856196038818,44.088728995234895,48.49793548779364,55.86039382126948,78.57416470970787,110.21232154518476,132.58577429651547,lstm,better than persistence
2026-09-27,2026-10-25,4,East Boston,6.694705009460449,0.0,26.76242106814196,0.0,0.0,0.0,0.0,0.3896232009364047,1.2802043821375817,1.9791395169183748,2.5939677168991686,3.0639326952437718,3.4143787740434,3.801404974467355,4.4127944866056055,5.221983153344878,6.040989809983658,6.823458066672897,7.792927539166508,9.27228233475141,10.970882098940384,12.9161164331227,16.16425342975331,26.185015003407933,40.14299793083026,50.0136194450515,lstm,better than persistence
2026-09-27,2026-10-25,4,Fenway,4.864141941070557,0.0,21.969625058222665,0.0,0.0,0.0,0.0,0.0,0.2488858353109071,0.8446498531501545,1.3687221174759578,1.7693146901045007,2.068030770541861,2.3979273127237746,2.919068480323683,3.6088113009328784,4.306922859667495,4.973889519718226,5.8002537978374455,7.061238276896203,8.509104566421628,10.167199237731545,12.935872682960294,21.477450978064883,33.37507005022783,41.788670739692805,lstm,better than persistence
2026-09-27,2026-10-25,4,Hyde Park,11.762380599975586,0.0,38.36227048487655,0.0,0.0,0.0,1.72579018294228,3.4049531113861864,4.585424336125689,5.51186746336012,6.326826294240424,6.949767970172609,7.414286557111292,7.927292336331252,8.737693163814821,9.810278074246757,10.89587679499245,11.933043625811743,13.21808180054449,15.178976331251937,17.43048151269977,20.008902442030877,24.31432943675205,37.59691494088305,56.0983132962849,69.1818871621925,lstm,better than persistence
2026-09-27,2026-10-25,4,Jamaica Plain,7.473273277282715,0.0,28.675801822895163,0.0,0.0,0.0,0.0,0.811644388537311,1.7525871874780208,2.491046517049325,3.140642735304607,3.637183838420268,4.007447348613429,4.4163595555827335,5.0623226310863565,5.9172702372392365,6.782591032373671,7.60930721173241,8.633599368574705,10.196610435243064,11.991264589331864,14.046500291182618,17.47831670664994,28.065743930201556,42.81303906794665,53.24183593781638,lstm,better than persistence
2026-09-27,2026-10-25,4,Mattapan,14.805391311645508,0.0,44.64837008691421,0.0,0.0,0.5746819194270429,3.5451283523762864,5.429016738779513,6.7534123606092695,7.792808489773118,8.707128030113925,9.406019465135508,9.927172687600455,10.502724716089933,11.411930536065167,12.61528622119014,13.833242375214011,14.996861768094377,16.438573261634346,18.63854228833548,21.164553547521017,24.05733849515401,28.887688055919178,43.789701522729786,64.54681145146152,79.22554955430516,lstm,better than persistence
2026-09-27,2026-10-25,4,Roslindale,18.630353927612305,0.0,52.10706449822523,0.0,0.0,2.666889183516533,5.999022220576471,8.112296057410205,9.597952340144415,10.763907107805515,11.789555748698248,12.57354539218139,13.158155116390942,13.80378733766366,14.823699602911509,16.17357792061532,17.539834485115623,18.84513815212389,20.462394886413453,22.930235879291136,25.763818560787456,29.008833918141427,34.42733504761411,51.14384299089005,74.42837388840235,90.89442008007644,lstm,better than persistence
2026-09-27,2026-10-25,4,Roxbury,32.37223052978516,0.0,76.50066669155116,0.2445796495233168,6.308237637948441,11.32946011198855,15.721821771843196,18.50750375826007,20.46587085327907,22.00281279456424,23.3548055621502,24.38824750863288,25.158870202876177,26.0099317251938,27.35436289899917,29.133749766872494,30.9347261638806,32.65535547779705,34.787196072043834,38.040262513021766,41.7754434892334,46.05296809066926,53.19554503770932,75.23096432021384,105.9242408624296,127.62950568148368,lstm,better than persistence
2026-09-27,2026-10-25,4,South Boston,7.5082106590271,0.0,28.760242084041305,0.0,0.0,0.0,0.0,0.831028445554912,1.7741681229386668,2.5143515800382623,3.165464451516435,3.663164860433414,4.034292848174738,4.444159768239887,5.091631014439088,5.948574720639712,6.815915834759839,7.644562200475278,8.67124583675849,10.23790616385211,12.036750410078575,14.096784600226236,17.536613493723166,28.148759850744867,42.93048642769946,53.38363206675698,lstm,better than persistence
2026-09-27,2026-10-25,4,South End,17.24011993408203,0.0,49.4435673719952,0.0,0.0,1.883814339805836,5.089212041254168,7.122108994580675,8.551259385892871,9.672867884319215,10.659506700790947,11.413677849790888,11.976052354465244,12.597128408461742,13.578249028300188,14.87678567395,16.19107763130296,17.446734991734193,19.00248050401949,21.37645890107945,24.102268258963363,27.22386174035828,32.436273991770584,48.516981316979226,70.91590146455016,86.75567317465693,lstm,better than persistence
2026-09-27,2026-10-25,4,West Roxbury,7.919389247894287,0.0,29.74558619109897,0.0,0.0,0.0,0.0,1.0618097957309305,2.0304302504936267,2.790611222640249,3.459315191730518,3.970461958196784,4.35161670004622,4.772556982833361,5.437520940959846,6.317616670479598,7.208390714387817,8.059424594993134,9.113846113375956,10.722832857203336,12.570276426389722,14.68596650065602,18.218729151854653,29.117583559995683,44.298667616246,55.03422558862548,lstm,better than persistence
2026-09-27,2026-10-25,4,Allston/Brighton,10.829071998596191,0.0,37.10508871202451,0.0,0.0,0.0,0.2388667548735732,1.9489127897309049,3.0797190611830683,3.863104975038935,4.567441512570947,5.179611919123306,5.754174549246033,6.415239836460191,7.278571511522058,8.211226935532304,8.960086837983988,10.068789074970372,11.029789579173675,12.154036204450453,13.908210600962391,16.095127511597838,19.49771748563274,34.362793338876386,48.20691424945075,60.1500915141014,colagnn,not clearly better than persistence
2026-09-27,2026-10-25,4,Back Bay/Beacon Hill/Downtown/North End/West End,9.003411293029785,0.0,32.962343233731346,0.0,0.0,0.0,0.0,0.9063266995697976,1.9374156500496875,2.6517206376768687,3.293947020393958,3.852134711727098,4.376030974273844,4.9788018735871375,5.76600280554911,6.616414345155418,7.299237911285635,8.310172016259209,9.186429096101152,10.21153684638677,11.81102376392524,13.805092880006558,16.907633972863824,30.461870314904967,43.08518207074598,53.97518013857582,colagnn,not clearly better than persistence
2026-09-27,2026-10-25,4,Charlestown,14.294360160827637,0.0,44.483189273183655,0.0,0.0,0.0,2.1271470000849924,4.0918392928169975,5.39103611021755,6.291077533556104,7.100298185264547,7.803628069417275,8.46374993051567,9.223255726446292,10.2151477887012,11.286686733253944,12.14706081014575,13.420862038615958,14.52496698399968,15.816627345643411,17.832019239594594,20.34459417125672,24.25387039016933,41.33253339948476,57.23820909372108,70.95986795219088,colagnn,not clearly better than persistence
2026-09-27,2026-10-25,4,Dorchester,40.597076416015625,0.0,91.47288075428794,1.779004701400261,9.34769769711195,15.414454015283924,20.092248163016684,23.403251060742,25.59272594342049,27.109523139485663,28.47326438925668,29.658552942126335,30.77102505953325,32.05098421673471,33.72257294566994,35.52838679426308,36.97833448951018,39.12501138858133,40.985707176457055,43.16248122708072,46.55892576224269,50.79324933049831,57.38136744788021,86.16322958593814,112.96831173987889,136.09277372818116,colagnn,not clearly better than persistence
2026-09-27,2026-10-25,4,East Boston,7.679146766662598,0.0,29.806037583635103,0.0,0.0,0.0,0.0,0.201212976512469,1.1534587897366153,1.8131438086833611,2.406261777603312,2.92176714871397,3.4056032157591343,3.962282700043484,4.689289609852818,5.474673671752333,6.105284524206582,7.038916650182273,7.848169950005876,8.794891920849205,10.272072643059367,12.113663483679126,14.97896600161821,27.49676555921415,39.15482451031448,49.21210915222982,colagnn,not clearly better than persistence
2026-09-27,2026-10-25,4,Fenway,5.996973037719727,0.0,25.550718475081727,0.0,0.0,0.0,0.0,0.0,0.230160042620243,0.8131300150409295,1.337274047499836,1.7928310835818628,2.220401652202313,2.712344646631003,3.3548076190930303,4.0488590402337135,4.606135893132985,5.431195549027722,6.146340444439693,6.982967721672354,8.288366480404429,9.91579795259458,12.447893243354418,23.509992659391763,33.81233106333593,42.700049871450446,colagnn,not clearly better than persistence
2026-09-27,2026-10-25,4,Hyde Park,14.856088638305664,0.0,45.63237043277029,0.0,0.0,0.0,2.4521103490294376,4.455034126413862,5.779512370004493,6.697067945554158,7.522035443239786,8.239051615963525,8.912018968895257,9.686304195827857,10.697497756996986,11.789888070929395,12.667004402289097,13.965592877238889,15.091182902718993,16.407978036599072,18.462587992608743,21.024055807035893,25.00940370104913,42.42040508474506,58.635593672394805,72.62426604335913,colagnn,not clearly better than persistence
2026-09-27,2026-10-25,4,Jamaica Plain,9.15206527709961,0.0,33.30797864377945,0.0,0.0,0.0,0.0,0.9884094661315092,2.0279756464094003,2.7481533839318786,3.39565991306708,3.958436815959169,4.486640358693386,5.094367016117216,5.888040021312381,6.745443328254337,7.43388081574302,8.453126444872204,9.33658778446738,10.370123589347935,11.982760893332268,13.993224503915975,17.12127353553027,30.78694776676071,43.51404369613618,54.49357527712976,colagnn,not clearly better than persistence
2026-09-27,2026-10-25,4,Mattapan,17.65665626525879,0.0,51.20863516731225,0.0,0.0,1.0490207403278085,4.1339695208783045,6.3175359688990085,7.761468227576678,8.761777670994919,9.661148565181572,10.442832059644015,11.176493993796091,12.02061160916335,13.12300420021186,14.313916637609024,15.270139642095556,16.685847147145818,17.9129535610877,19.34850977432128,21.588423950970917,24.38090923694221,28.725693618313628,47.706984308031,65.38461245749428,80.63491603194198,colagnn,not clearly better than persistence
2026-09-27,2026-10-25,4,Roslindale,21.7241153717041,0.0,58.94056664033972,0.0,0.0,3.3026309041209494,6.7245109158113365,9.146561625303669,10.748196947534977,11.857757959218032,12.855356138259516,13.722413362040074,14.536204217707088,15.472514477946008,16.695307931155735,18.016289171069754,19.07694872120566,20.647276645115987,22.008404887036264,23.60074935080572,26.08530196227942,29.18277626825462,34.002088317599714,55.05647327748174,74.6648125796174,91.58072032583968,colagnn,not clearly better than persistence
2026-09-27,2026-10-25,4,Roxbury,37.68699264526367,0.0,86.70545120972102,0.28606965949011,7.578448990352026,13.42372351860672,17.930743340428098,21.120869972526435,23.230412715101977,24.69183551662954,26.00579005384073,27.147806746676764,28.21966534627049,29.452896461287555,31.06345975187096,32.80334794555592,34.20036175093046,36.268668955053386,38.06143548848456,40.15874107396918,43.43119008738106,47.51092930877951,53.858532047547385,81.58964185451279,107.4161388695463,129.69638576770194,colagnn,not clearly better than persistence
2026-09-27,2026-10-25,4,South Boston,9.071036338806152,0.0,33.119778285660374,0.0,0.0,0.0,0.0,0.9435998407221556,1.9785538259713649,2.6955363843472107,3.340170151313564,3.900450208037492,4.426310294626108,5.03134067939184,5.821492432396998,6.675091737876733,7.3604748667131314,8.375198456059895,9.25474018372866,10.283690548267202,11.889173139162931,13.890717019145551,17.004887980785284,30.60993234933972,43.28056256283423,54.21138176559175,colagnn,not clearly better than persistence
2026-09-27,2026-10-25,4,South End,22.263824462890625,0.0,59.93973816272483,0.0,0.0,3.614914226561602,7.0790396769181445,9.53099225156782,11.152400852388592,12.27566015024921,13.285574358064988,14.163335993643193,14.987173651524987,15.935043299450289,17.172932970426995,18.51022262318988,19.58397673766406,21.173691429014703,22.551623725859283,24.16362676624444,26.678852871412328,29.814567606732226,34.69337734474498,56.00769302266436,75.85811062459533,92.98285676980704,colagnn,not clearly better than persistence
2026-09-27,2026-10-25,4,West Roxbury,9.74497890472412,0.0,34.671080482330126,0.0,0.0,0.0,0.0,1.3210327305549576,2.393744484936124,3.1368844013169017,3.805036057285749,4.385756563858206,4.930801371727298,5.557904812794468,6.376883323215315,7.261624115144558,7.972011773954637,9.02375507583488,9.93538473588379,11.001873842111545,12.665928545271589,14.740493866598452,17.968277751984473,32.069668945247464,45.20255616453757,56.532159616414624,colagnn,not clearly better than persistence
2026-09-27,2026-10-04,1,Allston/Brighton,5.7,0.0,19.761258143655716,0.0,0.0,0.0,0.48330574818041505,1.2654763502716557,1.8875204918583504,2.51889137959822,3.253574035454987,3.7751623445079847,4.351835629527572,5.7,5.7,5.7,6.746152826635342,7.82523655972285,8.60238122821471,9.320773398046335,11.039565669458664,12.30340821091654,14.760651489015864,18.863656891042776,23.779784481431594,28.053440618851642,persistence,reference
2026-09-27,2026-10-04,1,Back Bay/Beacon Hill/Downtown/North End/West End,8.6,0.0,25.8717355206835,0.0,0.0,0.2960031529170486,2.192226066175273,3.152982467441471,3.917052210412762,4.6925781894605425,5.595004159736655,6.235681916492622,6.944021693697832,8.6,8.6,8.6,9.885011252283535,11.210472221149137,12.165055163754229,13.047471191587416,15.158699448940961,16.711103500757464,19.72938647200479,24.769193253143968,30.807774912029245,36.05719553696591,persistence,reference
2026-09-27,2026-10-04,1,Charlestown,5.2,0.0,18.630383849912374,0.0,0.0,0.0,0.21735865213599315,0.9644362830905262,1.5585717087933753,2.1616154256056053,2.8633357108904156,3.3615223689149767,3.912322552986514,5.2,5.2,5.2,6.199215993607427,7.229885411201504,7.972162602767595,8.658323293158118,10.3,11.507138812488591,13.85413508411176,17.773054495483795,22.468614446060233,26.55052815404389,persistence,reference
2026-09-27,2026-10-04,1,Dorchester,19.45,0.0,45.424461723244576,0.0,2.8336217469787,6.961860172001746,9.813534771823083,11.258388436943559,12.407450745646148,13.573741755257508,14.93087397830067,15.894370660487795,16.959622291282813,19.45,19.45,19.45,21.382491123802037,23.375813402285598,24.811382982115344,26.13842283352361,29.313437729623168,31.648053123347182,36.18716127566343,43.76638040928687,52.8476280912914,60.74207940038788,persistence,reference
2026-09-27,2026-10-04,1,East Boston,1.6,0.0,9.049836556926541,0.0,0.0,0.0,0.0,0.0,0.0,0.0,0.30385186031842815,0.5801960972814431,0.8857250674668172,1.6,1.6,1.6,2.154265307725427,2.7259778359082043,3.137719139723427,3.518332609325088,4.428971000748669,5.0985711369071804,6.400450429316432,8.574275795795359,11.178903821767436,13.443142156560423,persistence,reference
2026-09-27,2026-10-04,1,Fenway,2.6,0.0,12.09671549421133,0.0,0.0,0.0,0.0,0.0,0.025121362083253995,0.4515376635931214,0.9477288358141696,1.3,1.6894745452357829,2.6,2.6,2.6,3.3065524049498656,4.035345739292227,4.560214974968716,5.045403852127497,6.206244584051392,7.059820624195551,8.719397603279837,11.490492093984596,14.810754376505166,17.697103239638736,persistence,reference
2026-09-27,2026-10-04,1,Hyde Park,13.8,0.0,35.678940976483005,0.0,0.0,3.2809264147973085,5.682963497159346,6.9,7.867884020014444,8.850280207183719,9.993426737865144,10.805004173625612,11.70229235628733,13.8,13.8,13.8,15.427785772261258,17.10681115275729,18.316027437559907,19.43382640840131,22.108221137014738,24.074726273726228,27.89813098596042,34.28229747376797,41.93166030347366,48.58135476389327,persistence,reference
2026-09-27,2026-10-04,1,Jamaica Plain,8.5,0.0,25.671024834037507,0.0,0.0,0.2444233723775877,2.129589498007297,3.0847437733750764,3.8443582612060876,4.615362184333769,5.512526150742069,6.149468145291368,6.85367762619511,8.5,8.5,8.5,9.777518411427424,11.09525067902053,12.044267492877577,12.921538193886828,15.020455977448677,16.563808033429368,19.564491537028395,24.57491143918926,30.57828240922941,35.7970939066121,persistence,reference
2026-09-27,2026-10-04,1,Mattapan,11.3,0.0,31.098212220292545,0.0,0.0,1.7813102505936005,3.954909053603876,5.056203078254388,5.932039493438873,6.821007941175416,7.855439070070034,8.58983395342647,9.401788329197766,11.3,11.3,11.3,12.772980260015384,14.292327144402906,15.38654466857323,16.398038838612354,18.818093559489053,20.59758033038704,24.05737200760958,29.83439216188266,36.75628608788726,42.773582001295495,persistence,reference
2026-09-27,2026-10-04,1,Roslindale,8.7,0.0,26.071862362502976,0.0,0.0,0.3478636374768289,2.2550792394236288,3.221405289675097,3.9899044595677253,4.769926279055976,5.677583748058517,6.321975609881177,7.03442173903589,8.7,8.7,8.7,9.992460655282994,11.325605520223114,12.28572232334751,13.173253849269008,15.296721213544707,16.858124784532286,19.893905194949326,24.96292849204149,31.036516714676495,36.316369018463696,persistence,reference
2026-09-27,2026-10-04,1,Roxbury,16.3,0.0,40.07828651070369,0.0,1.0885585818710908,4.867748968975377,7.478310696580559,8.801000066675558,9.852907632118182,10.920587188941454,12.16297208131248,13.045003840248041,14.020187031835437,16.3,16.3,16.3,18.069096434442557,19.89388066870195,21.20807093523958,22.422907805936653,25.329470978625835,27.466691542260847,31.622012075900933,38.560398172480774,46.87381431015288,54.10077928338687,persistence,reference
2026-09-27,2026-10-04,1,South Boston,8.4,0.0,25.46971996858253,0.0,0.0,0.19312926428549027,2.067173368803294,3.016692466522092,3.771825413837547,4.538280601554696,5.430151519016501,6.063335710890415,6.763390527328607,8.4,8.4,8.4,9.669981363869882,10.979939331945957,11.92335717768249,12.795452195167183,14.881986874882875,16.416233529532434,19.39921373111291,24.380073375865308,30.34802591897553,35.536047699280346,persistence,reference
2026-09-27,2026-10-04,1,South End,20.4,0.0,47.00123728781649,0.0,3.382660988998577,7.610515683151686,10.531002486910973,12.010721127534262,13.187510831897214,14.381944973550851,15.771825413837545,16.758571708793376,17.849528345506,20.4,20.4,20.4,22.379123012772705,24.420545063632,25.890755589767664,27.249817515817483,30.501446964134928,32.89239768819421,37.541036582865544,45.30314571829564,54.60352803352386,62.688476040067435,persistence,reference
2026-09-27,2026-10-04,1,West Roxbury,3.7,0.0,15.028896666329665,0.0,0.0,0.0,0.0,0.12718598301003103,0.6283554893184662,1.1370393831961305,1.7289596655572979,2.1491937580729177,2.613808801013967,3.7,3.7,3.7,4.54286606141911,5.412263947552176,6.038395091308018,6.617190429162965,8.001989700663565,9.020244355290458,11.0,14.305715871657451,18.266549312094348,21.70975533773025,persistence,reference
2026-09-27,2026-10-11,2,Allston/Brighton,5.7,0.0,23.871421830921044,0.0,0.0,0.0,0.0,0.6215905674045228,1.7370504914571727,2.476919175695403,3.283190181878423,3.9027799244388577,4.629200870679176,5.7,5.7,5.7,7.237615135264951,8.146425964545013,8.812876483254676,9.837675330769338,11.666088806966389,13.816021508453346,16.483828704985143,22.993068438610802,34.459959443218494,41.96229073565292,persistence,reference
2026-09-27,2026-10-11,2,Back Bay/Beacon Hill/Downtown/North End/West End,8.6,0.0,30.920334972304673,0.0,0.0,0.0,0.9277878868166436,2.3620841826939545,3.732226782689649,4.641022859373901,5.631382287706536,6.392437241360207,7.284715182065555,8.6,8.6,8.6,10.488684616808529,11.604995840263342,12.423610858861032,13.68239257493105,15.928270835659628,18.56907784083543,21.846000847861156,29.84143525147688,43.92645571356463,53.14172511176846,persistence,reference
2026-09-27,2026-10-11,2,Charlestown,5.2,0.0,22.55614038193725,0.0,0.0,0.0,0.0,0.34943916611428794,1.4148527156109578,2.121526352232328,2.891623095316355,3.483414241388836,4.1772434880288944,5.2,5.2,5.2,6.668628288384038,7.536664289109584,8.1732137494637,9.152033834441632,10.898413466392174,12.951886998949195,15.5,21.717195310729544,32.66961124560617,39.83534193607535,persistence,reference
2026-09-27,2026-10-11,2,Dorchester,19.45,0.0,53.0169038987914,0.0,0.0,2.6336368018757668,7.911982895242465,10.068979462984165,12.129497149603223,13.496209190776014,14.985581989049527,16.130110443604085,17.471981339530668,19.45,19.45,19.45,22.290337974595886,23.969126021699328,25.200217387195025,27.093262672819396,30.470773800667708,34.442206804158985,39.37027619904287,51.39437792458915,72.57643136823387,86.43500753542845,persistence,reference
2026-09-27,2026-10-11,2,East Boston,1.6,0.0,11.227454475573216,0.0,0.0,0.0,0.0,0.0,0.0,0.0,0.3195428780101952,0.6478095428609536,1.0326767621189972,1.6,1.6,1.6,2.4146483997485486,2.896148139681572,3.2492422502470637,3.792193943453518,4.760911067980227,5.899973239432921,7.313412021119859,10.762091479952112,16.8373987481685,20.812230968268903,persistence,reference
2026-09-27,2026-10-11,2,Fenway,2.6,0.0,14.872644559293505,0.0,0.0,0.0,0.0,0.0,0.0,0.423190407959392,0.967731037163782,1.386190569597792,1.8768019348825313,2.6,2.6,2.6,3.638477021758746,4.25227116418583,4.702379604162863,5.394509923812352,6.629386804090647,8.081411863948812,9.883199846221439,14.279420810399504,22.023948388326364,27.090885151713685,persistence,reference
2026-09-27,2026-10-11,2,Hyde Park,13.8,0.0,42.07424556435414,0.0,0.0,0.0,4.08123862929822,5.898130971281352,7.633756730416672,8.784972582328189,10.039508668296213,11.003573709178088,12.133865241023962,13.8,13.8,13.8,16.1924879584255,17.606573262134855,18.643552415324933,20.23811196813831,23.083074354691938,26.428312042435188,30.579348570833687,40.70755121662822,58.549726426729976,70.22315293353611,persistence,reference
2026-09-27,2026-10-11,2,Jamaica Plain,8.5,0.0,30.690186137027666,0.0,0.0,0.0,0.8725241988732471,2.2984571797473476,3.660610541957225,4.5641074709794225,5.5486921595394225,6.3053094371491305,7.192384546675186,8.5,8.5,8.5,10.377671784636062,11.487473849257931,12.301315561749643,13.552757380169481,15.785540029198211,18.410948611530383,21.668764032886543,29.617577430300724,43.62046879305962,52.78200438393358,persistence,reference
2026-09-27,2026-10-11,2,Mattapan,11.3,0.0,36.88531122020203,0.0,0.0,0.0,2.505511256584354,4.149613693108623,5.720178152846523,6.761911195227666,7.897138521573455,8.769519149779368,9.792317814593048,11.3,11.3,11.3,13.464957818859505,14.744560929929968,15.682921400162225,17.12583531717617,19.700236388429154,22.72733563150723,26.483600718183773,35.64859209537619,51.793942624952905,62.35720414515866,persistence,reference
2026-09-27,2026-10-11,2,Roslindale,8.7,0.0,31.149729302506948,0.0,0.0,0.0,0.983310922255539,2.425922048924903,3.804007571113658,4.71807207498679,5.714172765493474,6.479639668882548,7.377090278664552,8.7,8.7,8.7,10.599633604861733,11.722416251941482,12.54577690460588,13.811855967119126,16.07075392103884,18.726870080582273,22.022789901864805,30.064575038147208,44.23124847680715,53.4999401741339,persistence,reference
2026-09-27,2026-10-11,2,Roxbury,16.3,0.0,47.02877762346242,0.0,0.0,0.9054826293007476,5.737537554943648,7.712157200072518,9.598455381526424,10.849610105689685,12.21305445714292,13.260811511823155,14.489225442540455,16.3,16.3,16.3,18.900183629088747,20.43702791868752,21.564028875300743,23.297014669536882,26.38895274882329,30.024595820901702,34.53599040781296,45.54343837382885,64.93452108555583,77.6213362444264,persistence,reference
2026-09-27,2026-10-11,2,South Boston,8.4,0.0,30.459269442027825,0.0,0.0,0.0,0.8175244488444964,2.2350447723395854,3.5891617613905247,4.487328278528852,5.466104157168208,6.218257577072858,7.1000991594514336,8.4,8.4,8.4,10.266593978311183,11.3698484809835,12.178888725538236,13.422947341949744,15.642557117021546,18.252476427992917,21.491071531626197,29.392988865495262,43.31326657885376,52.420751340533485,persistence,reference
2026-09-27,2026-10-11,2,South End,20.4,0.0,54.776888543180334,0.0,0.0,3.1778503162941085,8.583565299454403,10.79261117454772,12.902850089275436,14.302541513056443,15.827853553745921,17.0,18.374250850411812,20.4,20.4,20.4,23.30887662061561,25.02817458616245,26.28897274573418,28.227698074329204,31.686710080484865,35.753975567029876,40.800961515801916,53.11521027992013,74.80839629860688,89.00138620626342,persistence,reference
2026-09-27,2026-10-11,2,West Roxbury,3.7,0.0,18.340379836542166,0.0,0.0,0.0,0.0,0.0,0.5071245817771919,1.1032231516743685,1.7528208491767294,2.252012891401769,2.837276866512493,3.7,3.7,3.7,4.9388281903394695,5.6710403344427025,6.207987240796891,7.033648794596439,8.506767851478763,10.238929025526907,12.388332140555828,17.632706688354318,26.87136954114309,32.915859664305295,persistence,reference
2026-09-27,2026-10-18,3,Allston/Brighton,5.7,0.0,30.034703491345475,0.0,0.0,0.0,0.0,0.0,1.0062705576022628,2.1055598488777143,3.04476365721345,3.7007524266239322,4.452814869591994,5.7,5.7,5.7,6.9810050875732115,8.0505503333389,9.15364524039482,10.594175573623666,11.925752966509352,14.184195521601012,17.967386405863692,29.29500905052175,40.019469100216305,59.28658747869126,persistence,reference
2026-09-27,2026-10-18,3,Back Bay/Beacon Hill/Downtown/North End/West End,8.6,0.0,38.490821886831526,0.0,0.0,0.0,0.0,1.5509136534859573,2.834594606933071,4.184874482720414,5.338518033807098,6.144282668382738,7.06805659225769,8.6,8.6,8.6,10.17348516378651,11.487229810498949,12.842184203216574,14.61161754060797,16.247221717722063,19.02131363052856,23.668285594892033,37.58223983695347,50.755316932052125,74.42151873838654,persistence,reference
2026-09-27,2026-10-18,3,Charlestown,5.2,0.0,28.442899420777078,0.0,0.0,0.0,0.0,0.0,0.7168600522792428,1.7668284827776715,2.663893847084328,3.290450936386432,4.0087712449230555,5.2,5.2,5.2,6.423531341508104,7.445090226831828,8.498693529842715,9.874592835939637,11.146427498927402,13.303542467444156,16.9169962020989,27.73639220994181,37.9796871967019,56.382364457937705,persistence,reference
2026-09-27,2026-10-18,3,Dorchester,19.45,0.0,64.40193942994688,0.0,0.0,1.7096144034919973,6.461938956317077,8.849083648999203,10.779574174994165,12.81022088720817,14.545151938235705,15.756917984193596,17.146154775012164,19.45,19.45,19.45,21.816318666119113,23.792021107792408,25.829697690336168,28.490697127182976,30.950434774390054,35.1223110817632,42.11075733679091,63.03554925747562,82.84615754141079,118.43707150700914,persistence,reference
2026-09-27,2026-10-18,3,East Boston,1.6,0.0,14.49284086954831,0.0,0.0,0.0,0.0,0.0,0.0,0.0,0.19322141932966574,0.5407727597118512,0.9392251758096838,1.6,1.6,1.6,2.278693075222263,2.845351989366959,3.429785948290648,4.192997563368767,4.898484500494128,6.0950365968107505,8.099420092474524,14.100941181063446,19.782898920212176,29.99086760808924,persistence,reference
2026-09-27,2026-10-18,3,Fenway,2.6,0.0,19.035211794868353,0.0,0.0,0.0,0.0,0.0,0.0,0.17238113919558362,0.8067021414644011,1.249744908110424,1.757674069340684,2.6,2.6,2.6,3.465167308574654,4.187518523768429,4.932528564007973,5.905436293578971,6.804759208325727,8.33006983036293,10.885167469641155,18.535635755129537,25.778739101961765,38.79139698536908,persistence,reference
2026-09-27,2026-10-18,3,Hyde Park,13.8,0.0,51.664146716315244,0.0,0.0,0.0,2.8598302285741966,4.870582112097457,6.496682730617894,8.207147418356175,9.66852338326135,10.689224334807658,11.859413348637252,13.8,13.8,13.8,15.793209598689732,17.45739334844498,19.173779472386865,21.415206079704188,23.48710483064987,27.001180943669823,32.887724609529315,50.51320198248878,67.20017451615101,97.17929455526075,persistence,reference
2026-09-27,2026-10-18,3,Jamaica Plain,8.5,0.0,38.21652989440083,0.0,0.0,0.0,0.0,1.4920165481738827,2.7682124176755396,4.110618874298261,5.257535583485616,6.058601841946939,6.976989283029372,8.5,8.5,8.5,10.064310244967121,11.370394507736703,12.717448224398863,14.476564078282617,16.102631123499286,18.86054743536381,23.48042312229788,37.31324574420447,50.40951123933974,73.93771652347382,persistence,reference
2026-09-27,2026-10-18,3,Mattapan,11.3,0.0,45.56319459592078,0.0,0.0,0.0,1.4002611098256743,3.21978667804839,4.691242045637743,6.239038299558737,7.561434640310614,8.485064996729115,9.54396681736821,11.3,11.3,11.3,13.103651587926487,14.609568308787487,16.162722859105635,18.19098554766891,20.06584280032445,23.245723614419205,28.57244582030538,44.52170688778094,59.621716705017704,86.7497656060084,persistence,reference
2026-09-27,2026-10-18,3,Roslindale,8.7,0.0,38.76410346535806,0.0,0.0,0.0,0.013513588436261159,1.6100490424719665,2.901171686976621,4.259279337765096,5.419610733580377,6.2300465066188115,7.159175686509699,8.7,8.7,8.7,10.282606893326141,11.603967514835963,12.96677678143061,14.746467789319041,16.39155380921176,19.181727548990054,23.85563870694286,37.85025422903663,51.09969762820457,74.90309595667732,persistence,reference
2026-09-27,2026-10-18,3,Roxbury,16.3,0.0,57.45119329000505,0.0,0.0,0.0595875510818864,4.4100967555825825,6.595405196230834,8.362670186066136,10.221623023646309,11.809863351673243,12.91917297016454,14.190947946495717,16.3,16.3,16.3,18.466243282271876,20.274897460308722,22.14028578335208,24.57629418608023,26.828057750601484,30.647196379186074,37.0447602281414,56.200333220117415,74.33592828059855,106.91758323341152,persistence,reference
2026-09-27,2026-10-18,3,South Boston,8.4,0.0,37.9412096038627,0.0,0.0,0.0,0.0,1.433361944127805,2.702028568747247,4.0365151541457145,5.176665334017827,5.97300549661019,6.88597467541337,8.4,8.4,8.4,9.95508119542419,11.253459879068965,12.592566306804223,14.341303805486714,15.957777451076474,18.699422728240982,23.292042273540694,37.04325461020695,50.06225532780155,73.45164992976939,persistence,reference
2026-09-27,2026-10-18,3,South End,20.4,0.0,66.4366501552357,0.0,0.0,2.2315308375475276,7.098531141360752,9.543278720232111,11.520352859863555,13.6,15.376795725667856,16.617802236959612,18.040561942830934,20.4,20.4,20.4,22.82341901082372,24.846796050203793,26.933642694635534,29.65885325709202,32.177945491468364,36.4504910699024,43.60757170872007,65.03728836699426,85.32593563106215,121.77567452370238,persistence,reference
2026-09-27,2026-10-18,3,West Roxbury,3.7,0.0,23.30602233759649,0.0,0.0,0.0,0.0,0.0,0.0,0.8040257828035373,1.560724990268095,2.089243057926015,2.6951659146126876,3.7,3.7,3.7,4.732082201883713,5.5937951044884215,6.4825383511821375,7.643147104903529,8.715974481593781,10.535560045849916,13.583607251792856,22.710064152408673,31.350564061016645,46.873726422285664,persistence,reference
2026-09-27,2026-10-25,4,Allston/Brighton,5.7,0.0,34.05126526534321,0.0,0.0,0.0,0.0,0.0,1.0934429968540664,2.079334629728484,3.12926175704278,3.767181969492665,4.637855407092079,5.7,5.7,5.7,7.221405309212702,8.372243162364036,9.26147973896167,10.875905717843015,12.236999266355266,15.794546829329931,20.14447482212511,33.37156796134225,52.50120392013892,70.25299798673694,persistence,reference
2026-09-27,2026-10-25,4,Back Bay/Beacon Hill/Downtown/North End/West End,8.6,0.0,43.42444816367195,0.0,0.0,0.0,0.0,1.378556291155859,2.9416703251986736,4.152661501172823,5.442308805396834,6.225879456057553,7.295345728951947,8.6,8.6,8.6,10.468773750686138,11.882371796021028,12.974639558222805,14.957672530100933,16.62953201441166,20.99934159917302,26.342448528724283,42.58956184347997,66.08689113732885,87.89178860834612,persistence,reference
2026-09-27,2026-10-25,4,Charlestown,5.2,0.0,32.27925359552875,0.0,0.0,0.0,0.0,0.0,0.8001214011801672,1.7417798878280681,2.744600843833985,3.3539000424754075,4.185509728850366,5.2,5.2,5.2,6.653145734561483,7.752349942245072,8.6016899113343,10.143682837723311,11.44370938054065,14.841643537423153,18.99640707748924,31.630051681928848,49.901414828166544,66.8567545213346,persistence,reference
2026-09-27,2026-10-25,4,Dorchester,19.45,0.0,71.8214767851318,0.0,0.0,0.0,4.778541174668568,8.589880414604993,10.940602239733124,12.761776719266999,14.701239867017105,15.879629024763961,17.487968310432755,19.45,19.45,19.45,22.260394600963668,24.386263670498344,26.028893454104555,29.011119181351106,31.525380132711124,38.097009929920965,46.13235335320539,70.56591548145633,105.90286697719107,138.69461937879322,persistence,reference
2026-09-27,2026-10-25,4,East Boston,1.6,0.0,16.62086728307254,0.0,0.0,0.0,0.0,0.0,0.0,0.0,0.23798960626344967,0.5759679913097215,1.0372620475247123,1.6,1.6,1.6,2.4060602241051092,3.015789013798794,3.4869180613145194,4.342261840160418,5.063386818559202,6.948221562142335,9.25286971308642,16.26075485420888,26.39588357672935,35.801013831595085,persistence,reference
2026-09-27,2026-10-25,4,Fenway,2.6,0.0,21.747923846868577,0.0,0.0,0.0,0.0,0.0,0.0,0.15466910784752397,0.8637706061552846,1.2946102012861636,1.8826470498223147,2.6,2.6,2.6,3.6275292029607313,4.404783952122584,5.00535800379835,6.095711658589707,7.014969242738351,9.417671527095363,12.355533000502719,21.288868771402804,34.208673553629446,46.19790922799001,persistence,reference
2026-09-27,2026-10-25,4,Hyde Park,13.8,0.0,57.91380923469693,0.0,0.0,0.0,1.4418620297695188,4.652248722684066,6.632320710781623,8.16634167992229,9.80000016292811,10.792586923892584,12.147331467831137,13.8,13.8,13.8,16.167265903342454,17.957938772395856,19.341567063317143,21.853570636680356,23.971395735055886,29.50684443787855,36.27521586197173,56.856218438469256,86.62141951565437,114.24273552036884,persistence,reference
2026-09-27,2026-10-25,4,Jamaica Plain,8.5,0.0,43.12138842584587,0.0,0.0,0.0,0.0,1.320664193608521,2.8746637824072003,4.078593725148098,5.360721155912721,6.13972284254726,7.202953107337028,8.5,8.5,8.5,10.35787701784813,11.763232438716209,12.849131238389528,14.820601237224192,16.482712186627182,20.827041614905916,26.13899313641763,42.29137028896282,65.65168774837869,87.32944187621995,persistence,reference
2026-09-27,2026-10-25,4,Mattapan,11.3,0.0,51.21850236319911,0.0,0.0,0.0,0.1171443743430931,3.0222172077971408,4.813980596799785,6.202113264193077,7.680407729030085,8.578597607678697,9.804503377706988,11.3,11.3,11.3,13.44213442902072,15.062510914187241,16.31455353211398,18.58766080440082,20.50407672179687,25.51309376109613,31.63778023399236,50.26149045624942,77.19596449405633,102.19044099330256,persistence,reference
2026-09-27,2026-10-25,4,Roslindale,8.7,0.0,43.726330713839474,0.0,0.0,0.0,0.0,1.4366924986563845,3.00886813924389,4.226879612731069,5.524003195843112,6.312116323112457,7.387782452425977,8.7,8.7,8.7,10.579607312461517,12.001400197725033,13.1,15.094528911499266,16.77608041604325,21.17122244250109,26.545304164465023,42.88660443240451,66.52015126910356,88.4514550018052,persistence,reference
2026-09-27,2026-10-25,4,Roxbury,16.3,0.0,64.24339891444629,0.0,0.0,0.0,2.8690324906126623,6.358117939324526,8.510083114211653,10.177274874400663,11.952753838913061,13.031508629390062,14.503860693834536,16.3,16.3,16.3,18.872772007438595,20.8188960256469,22.32263928091713,25.052713864853573,27.354390715797187,33.37038049165052,40.72632496382296,63.09399698540341,95.44316233224396,125.46232854640152,persistence,reference
2026-09-27,2026-10-25,4,South Boston,8.4,0.0,42.817130664282786,0.0,0.0,0.0,0.0,1.263020526730866,2.807851896347411,4.00467894557756,5.279242136692826,6.053647903059561,7.110605368178766,8.4,8.4,8.4,10.246915995827365,11.643980161909925,12.723472423076554,14.683311228962005,16.335616128479913,20.65431507095611,25.934927371926754,41.99200943230173,65.2145067068373,86.76436736375807,persistence,reference
2026-09-27,2026-10-25,4,South End,20.4,0.0,74.03522431835171,0.0,0.0,0.0,5.374512206279537,9.27782079400608,11.685266604978263,13.550386852272641,15.536650127099477,16.7434743507007,18.39062359418649,20.4,20.4,20.4,23.278210699770923,25.455377955980673,27.13764514270123,30.191833331914914,32.76676454254963,39.49697075301456,47.72621066448497,72.74936574987242,108.93901394284686,142.52204623097018,persistence,reference
2026-09-27,2026-10-25,4,West Roxbury,3.7,0.0,26.542092170514017,0.0,0.0,0.0,0.0,0.0,0.0,0.7828966068252456,1.6288035527756466,2.1427641169281886,2.844249667076645,3.7,3.7,3.7,4.925768232087586,5.852977090985793,6.569418620276729,7.870131892398609,8.966739891965169,11.832990430483104,15.337647285004042,25.994472573267377,41.40686788154157,55.70916135825943,persistence,reference
